Time,V1,V2,V3,V4,V5,V6,V7,V8,V9,V10,V11,V12,V13,V14,V15,V16,V17,V18,V19,V20,V21,V22,V23,V24,V25,V26,V27,V28,Amount,Prediction,Result
121958,-2.2890612569329973,-1.3137578136860328,-0.4525616692013628,-0.392802196519187,0.2247869027321584,0.9108638142692032,1.2181487731949132,-1.7493537310233982,-2.576629766860556,-2.133423503218772,-0.1129042791348836,2.627907888198509,0.3142971603691412,-0.2806825908490981,-0.054125305850267,-0.2635492040877712,0.4225456493050457,0.330782566097054,0.1547513057684091,-0.4742340326747132,-0.5561928767831795,0.5927763635211717,0.1527069750150997,-0.2386519316203078,1.745574833409563,0.7481139173043445,0.8223623129932282,-0.8155344908074529,3266.71,0,Genuine
146867,1.432481917452506,-1.0953016150698571,-0.1299097829806862,-1.362911413349975,-1.0173348511899962,-0.4842729621968217,1.0246113140976034,-1.766835364561559,-0.5716703272767002,-2.197469608996718,-0.2533694421389236,1.6800856882427535,1.035811403343528,-0.6867536326354768,1.4250264046851944,0.6099986700377077,-0.0866365006552089,-0.1953798039279295,-0.6808625909549292,0.1902918580136277,0.392983100159833,1.6082160464089543,-0.7512101534232094,-0.1478760659440953,0.6509778123680879,-0.2270965424951819,0.0682387685974182,1.0260594407312265,2391.87,0,Genuine
131932,1.214722059686548,-0.1687967867021452,0.5814325187976135,0.6990203085838954,0.9644150056162036,-1.2846937010758543,-0.2616171710657256,0.042312061052587,-0.6002257301105709,0.6563916905621474,-2.4500353017098666,-0.4477489222573484,-1.2016488998478048,1.747662555630899,-0.3195255508919301,1.231893840212243,0.9616397008368998,1.112561592597041,1.1634860795061002,-1.613245156157766,0.957326732764849,0.3383292101817834,0.8554863250185587,-0.4806783236580318,1.0437765253872344,0.3224294852514043,0.6216670626980366,-0.3364762307723906,3229.35,0,Genuine
103694,-0.8808636444882607,0.1109560960680434,-0.2032360793067729,-0.2435104559018946,0.3625425701364385,0.8823003795456941,-1.841181777996588,-1.1481154234813125,0.6782737003897429,-0.455438249672737,1.933613076172532,-1.880671344255426,1.0015364334937034,0.0516657357024098,1.3250401282502076,-0.2781640796916275,-1.0180072425644582,0.8795777972889077,0.6751315383178106,0.6192539202318791,0.1528322807575986,0.9830788108132006,-1.4155374888705743,0.6557527066535875,-0.2510494010236124,-0.5065960111080754,0.7099918890419668,-0.2694778327345361,676.09,1,Fraud
119879,-0.8818788950440642,0.7869695655549953,1.1101176066663176,0.0153647758933094,-1.1351618290319083,-0.5915472076721456,-1.8633143983039944,-0.6812868468440255,0.6960592371780476,-1.2337520608952637,0.0772576661459192,-0.7184714212745327,-2.298758284756185,-0.5964964070189619,-0.303588068820914,0.2656833476752956,1.1470698803530424,1.1979949812971982,-0.693652343124928,2.460293517850871,-0.3885471992621414,-0.3795918845592463,-0.1595948270093285,-0.3845120715455979,-1.1266858477759705,-0.7256384742603359,-0.0348886668455921,-0.1941623599584018,1039.6,0,Genuine
110268,0.5126049723762208,-0.8911330086014864,-0.4046041451131437,-0.5782665873974266,-1.606237767474656,-0.9754600276760128,1.0177298761098128,2.526264180124968,-1.67210277092788,-0.659079631712269,-2.437390140174539,1.5791355962599036,-1.1196101441942692,-0.6388466986175998,-1.0847211004162294,-0.2527159446497631,0.6809973368067792,-1.0398979456854378,-0.8769522710584254,-1.393011018683233,-0.0980867981678064,0.72125108877196,-0.5664941663041977,-0.9668212774345132,-0.9354689814889372,0.3976536026731461,1.4793579213244965,0.0110007846553918,4637.73,0,Genuine
54886,-0.0127441504883682,-1.0631090366494642,-0.3895349912803339,0.4752714739719898,-0.9773375592187208,2.1000481585731867,0.8437544717073701,1.189876171681861,0.4384717569965675,-0.5279029470391451,0.2471329322088542,0.1767133037053593,0.6322384393417465,-1.3598951199530165,0.6653944980157489,0.5064922338064692,-0.7743982218435244,-1.0727412675370482,-0.6419729555777898,0.1964168447500719,0.1100249248892409,0.2099974856773495,-0.7424210582260148,-1.6625036136992548,1.0124981671724336,0.6628886828793584,-1.1984698526926232,-0.3347755334151527,4610.93,1,Fraud
137337,1.0543952158491143,0.1380871531336298,1.051979954209332,0.1986961843814033,0.8363018006717221,-0.178596803222712,-0.6167044624440465,-0.9356555423317964,-0.0739638454006919,-0.9646002101572178,-0.2033893193515294,-1.349436346635988,-0.5025614171084902,1.522279130655842,0.4639340419875874,-1.4696930760049625,0.2516595346999269,0.4879043668531725,-0.9456506512733374,0.9579525564001934,0.0563424839683047,-0.2418439916853339,-1.3709873226021083,-0.9475058919913898,-0.7316091863409093,1.790506716849024,1.6504379260339062,1.8166665011984624,3619.7,0,Genuine
168266,0.4795809244330867,-0.2584007202071684,-0.7631243882676582,1.2127843891304184,-0.301602133643046,0.4942260822973329,-1.4407362512974415,-2.3661205135698755,0.1264244081247367,1.605550494237272,-1.3177656897206709,0.7839815422274967,-0.4063017446713073,1.2562792155161795,2.319007934236499,0.6173444202551249,1.2121821556402712,-0.0806163052608141,-0.2795489671494467,0.7656819141880253,0.4345193482086625,1.5472022163313863,0.0418004719112215,-0.2658699528867185,3.1951550576890875,-0.9984207561234352,1.0451146532323952,-1.7033633676286808,1635.91,0,Genuine
87498,1.5830307939565351,0.9267209977715248,0.24892909531666,0.4805987129389843,0.0811425189554108,0.0295282410077765,-1.0471510231690917,-1.0199373381040502,-0.6138270186937304,1.416828902814273,0.3093029407742589,-0.2098580286130448,0.1072342775305701,-0.0669191096680468,-0.979295716533089,0.2830211481039283,0.5215573227977609,0.2588407081269144,-0.8407190759745088,2.158405820278003,-1.0212459881035725,-1.2030914287667236,-0.0831075254665403,0.9795576158031062,-0.4056496212786628,-1.1232841850660604,2.1592817279692,0.2289142722174666,3244.55,0,Genuine
112727,0.9700777779137266,0.4873598031903837,-1.660482667693824,-0.2026844018371108,-1.3385296707761687,-0.8863194903703285,0.1746943021995275,-0.5571944429387224,-0.0618299227676808,1.5884898486119396,-0.9421538551896016,-0.648701967792165,1.421955007130445,2.1793453990456637,0.3564140440253122,-0.959516651069898,0.1473953076883207,-1.1174200774007854,1.1682709194506562,-0.4693757875065995,-0.6482029817697238,-0.859911195741209,1.9043850803301512,0.0455133628479014,0.3512132816188533,-0.495329898107968,-1.51915632837467,0.5561864877327503,3439.27,0,Genuine
126324,0.7207730491405775,0.5553793476332188,1.8196393520611904,-0.7397168175025604,0.8632189790174234,0.6894336200219225,0.176560999854937,-0.3212636692600758,1.1503268225783398,0.1791963876881116,0.1930326288324474,-0.5728404795997556,-1.9217694764954203,-0.0131004047318539,0.3920432512326925,2.208347786479555,0.6224497393785089,-1.4579670921873564,-0.4983482832672161,1.9859847097641263,-0.390165807029834,1.1776046776172728,2.487920407234893,0.1144837102634166,0.3494115905395651,0.6131978414829093,-0.3512794133555023,-0.894802727403213,2576.06,0,Genuine
16023,-0.3521247203036739,-0.1044813463768665,1.206551936236775,0.865952683916645,-2.015183664357737,0.3145789837867244,1.0425312731269996,-1.279046251076621,0.112185759091425,0.2804644869391698,-0.7015096733891704,1.3063925081368797,1.2487063626978616,1.096433128404843,1.058184701858798,-1.3594321973501946,0.7066414570967215,0.2325800712937796,0.5757017249448352,-0.0602632805838605,0.4710029757080237,0.971149057566674,-1.0679672786169268,0.0033735478306619,0.1794780545409283,2.007770021090051,0.4822593487179261,0.6456526055615731,3742.88,0,Genuine
41090,-0.4253212341618447,2.3555802585682057,2.750107199580755,-0.2825760987864578,-0.6553775160676849,-0.6593798316399324,-0.450354457207496,1.1298505923307949,-0.0424267056178936,-0.652614057384967,-0.9055791174799858,0.546636348354079,1.307460119141372,0.5661613562018004,0.529798933229799,0.3297734177004293,-0.5057712217326056,-0.7598848302718139,0.5839183658995598,-0.5102196738717701,-1.5280602047457243,0.0126970961721136,-1.9030144040350965,1.2798169688077523,-1.2198799621115963,0.1416527797420712,0.2581511100900535,-0.6678758512965618,149.42,0,Genuine
67221,-0.0517589847053008,-0.83774798159376,1.3383637314463854,-0.1717175665962207,0.4184638591137938,0.4331903378563385,-0.2440360285016424,-0.7114607938582533,-0.4792033741962163,-0.8470711062287228,-0.0155338480354188,-1.4860576868096962,-0.5043736219613609,-0.5744979483692321,-0.2880775442285868,-0.957209614604192,0.1567567454577295,0.7141059323458164,-1.8531126977871388,1.8791352314314027,0.1539009774287951,0.3396936897262657,-1.200657827910165,0.507863307211945,0.2477533991664452,-0.8621096398460149,-0.4319827238927358,0.4798311259694724,1281.85,1,Fraud
64820,1.840943069937208,0.610809833754775,-1.1296502296004816,-0.1719716062926747,-1.1226314450393453,-0.5143100941300021,1.125321305966439,0.6485776726027095,1.0522559337439636,0.0217255817542048,-1.622092978170468,0.3671887801169519,-0.6948848069883763,0.1823590177469109,-1.071072206871459,0.5780026254797304,0.8486665469680078,-0.615371342561202,0.7134481509147299,-0.3677165293812114,0.7807845711569611,0.517384012910674,-0.0618596400584278,-0.0147119598971991,0.2389998028282915,-1.1390686763875515,0.3069247323056057,-1.2618320295039651,3972.46,0,Genuine
769,-0.4062747293897843,-1.269689987073107,0.668649860160592,-0.4016077106571293,0.6141292794504429,-1.10449536010853,-2.1250949013876346,0.053887421891022,-1.2807878166672102,0.6523560251466851,-0.0825372256101164,0.1076150797463,-0.1179706764967024,0.3727240272558965,0.3466228924755964,1.9996404718082497,0.1329247017088986,-0.8874727777887323,-1.706879909300111,1.0711551721116688,0.0484015957002747,0.3650156111877453,1.1251708498788988,-0.5986661806778296,-0.2993556738167425,-0.5824530674659023,1.245879941640528,0.0874980874648113,4693.56,0,Genuine
59735,0.260528987074016,-1.0734676777394525,-0.9180087622218044,-0.1545389942298694,-0.8691939785516023,-1.2056672543521232,0.3174529469170262,0.9384770550860424,-0.8019696017829179,1.1957681518593972,0.6572537780129899,-0.4204077315907434,-0.716171702601122,-1.3042673743790596,0.3744206515170237,0.7755542170900663,-0.7174929913049046,-2.266652237186493,-0.8338406703834248,-0.4926715835690969,0.0752131699300302,0.2411561001620305,-0.4814622919434884,-1.2604935826712849,1.8514663842542185,0.2293805244945583,0.1409826645426048,2.2297985095418125,4380.56,1,Fraud
64925,-2.2448029077073093,-0.607345598765455,1.5780375070530983,1.9262075627325776,-1.226070592816307,0.2700586209629788,-0.3342287786319356,-0.2379203284430454,-1.3382113817853876,-0.5459891430670105,1.2706107907355413,-0.3676811234592795,0.3447765704528286,0.2879755419142188,0.6314160222965056,-0.1160460469146617,0.2801210401294483,1.2475465403144703,0.6673662088653133,-1.2740516282886714,-0.302502388701238,-0.8404710801179233,0.5782778038374914,1.652453146430128,-1.6619046070584462,0.7125886564968323,-1.3648102216916929,-0.9050342670261512,3582.75,0,Genuine
5311,0.6758087300440805,1.629323336618026,-1.1011402879775722,-1.047822054127692,1.2864820646444746,-0.3827309299284444,0.712759778953743,-0.9249864386579704,0.2006851750501655,-1.2527338487703794,1.0885682139941424,-0.8650524300840867,0.4750122503518324,1.1409445323532863,-0.2894338465211051,0.9286055180655672,-0.3904644933249764,0.6975504488779319,0.1248368077073348,-1.2712510692697885,0.0622395548954628,1.2382319715330778,-0.7990407807454092,0.8036180462851596,-1.5112724776665665,0.2185788620138145,2.054793017604686,-0.415442976131558,828.32,1,Fraud
103355,2.2571982810931392,0.2638944304540191,-1.1491548842397976,-0.8145042107616101,0.153930193099005,1.5017040190439614,0.5126066028613423,-0.5985872041019659,1.179747606415444,0.7339849865662728,1.3533305158553264,-0.662526371557727,-1.5539095245773653,-0.6915301162068738,0.2781515603608304,-0.5904488657757595,0.5822222457802877,-1.4956974523344029,-0.3404417781091446,0.7056108530716778,-0.4411068876548648,-0.2040513974916093,-0.4871224441625847,-0.1933981389455797,0.7537091936271458,-0.7198447799316924,-0.9588459945989696,1.649700772170985,1844.23,0,Genuine
85305,-0.9336381092629248,-0.5904780685443752,-1.6098114536966868,1.3843244181542498,0.5190360780496264,-0.0429581133379568,-0.6963096443896655,-0.5844851143578045,-0.3287954175694484,-1.8181435515292108,-0.4547140262296157,0.2897234485360511,-0.9203561754710377,-0.2104215661089205,-1.5441512919128424,0.4889777427133384,1.4268992278253134,-1.997456354162767,-1.7829778577670508,-1.0639264046605097,-0.1663835016854137,-0.9905771315116751,0.1667966210743222,1.7939571807162191,-0.0871341465675143,-1.3079359894387657,-1.2180165304991364,1.236458781648089,252.01,0,Genuine
159765,3.1744421371267584,0.3744363259545732,-0.4883798212630014,-0.3748043844950717,1.0182095845526968,-0.785203293453582,-0.5073348564789819,2.064550551576234,-1.0694055347748608,-0.0392105689886059,-1.0246357515048106,-0.2775699070036919,-1.1851390290588746,-1.109603580776363,-1.0292462473037578,0.0877502028820869,0.6771568047527651,-0.5970766617245546,0.9646386205349504,-0.2100872075744944,-0.4416552446040044,0.1340969589129945,-0.0111346423571904,-0.0076272789174594,-0.8799007266439598,0.6558193799892584,-0.7254876546750444,1.7485310273735537,3199.67,0,Genuine
130608,0.1822406046566533,0.0351478814245085,-0.6894778247835713,-0.450621284074895,-2.61929894950093,0.157817638643912,-2.3019754255476816,0.0765052718392882,1.6364464837049708,0.0893046258133767,0.8153563616035391,0.5456816381903358,0.2146874896975198,-0.4827978425641864,0.9355295139114032,-1.21658246839488,-0.8236713531197015,0.9473210397030992,0.4340991885600176,-0.6495575802725632,-0.1793776721307715,0.3432130979471123,-0.0360583733175651,-0.8167466457399861,0.195016187193912,-0.5506831476461107,-0.614782446282497,-0.3692738831720856,2249.87,0,Genuine
156730,-2.572931241384344,-0.4919733691391198,-1.2616491058392654,1.0348638567734338,0.6347826399703193,-1.2942673215746063,0.7499914982618201,0.0046328147038772,0.4512830666483995,-0.3787878012339178,-0.5168933409882364,-0.7849796324438671,0.8723321094033676,-0.4052034008671678,0.1798355280721886,1.7086092934168549,0.3016870232415615,-0.5270840436613891,-0.8564618069156842,-0.8788002031888149,-0.3175866571030955,0.3953549356826439,-1.0817989960784786,1.2216615832788826,0.9593772333242286,-0.4678826678367594,0.2756288162199855,0.346906248003247,2865.49,0,Genuine
84478,-0.3855382399679112,-1.3966288557882276,1.989809104243524,-1.4201956172817511,-0.7610251844943472,-0.0841312405247025,0.2397738200646306,0.8820265407085491,0.2775241436342788,-1.5452451085095624,0.0062622802602218,0.7074946163708229,-1.073435493832732,1.5781624846935969,0.4758200979689153,1.2438222163767554,-2.579741242498673,-0.2071166164975108,-0.9615403436271208,-0.7568652775023226,-1.181193890888229,0.9727853039299208,1.2258938084775122,-1.2809907550797994,-1.6308671541669717,-1.0140102302973475,2.6099422774892407,0.4611702766809306,4896.79,0,Genuine
122537,1.3304385632690832,1.43854248451229,0.5298806963866449,0.8214544292534056,-0.6292727907739142,0.3191667764782755,1.3985123554517127,-6.985475412913281e-05,-0.1901906421730018,-0.3656110090212175,0.7468670108353808,1.314444574456159,0.8652761061763303,-0.317189869148808,-0.5983517410958271,-0.8561433060731926,-0.0996432465059461,0.9905862453140736,1.0268828861417838,0.2072670095439002,-1.5056029163585969,-0.3798083801019676,1.2183314140602424,-0.4008973625680679,0.7228721177673025,-1.5541336002782662,-0.895020144762899,-0.7769889987336995,2011.86,0,Genuine
149503,1.999317206249804,0.2098181287100419,0.4122345398567117,0.0456164293215438,0.4374410776655865,0.1956723076353054,-0.3994000361605468,1.12167631931437,0.6690141718574816,1.6425424510016178,2.021097770387185,-0.0067836399993215,-0.9247995055909158,-0.5303212520069929,-0.7254527666890919,1.025667881715954,0.9401965223803266,-0.988268110822599,0.3004042583827286,-2.977921570142309,0.0792287700435458,-0.0651568960607724,1.2350842670283797,-1.200656721272348,0.3308267954348672,1.6449313616493817,1.0942876803230346,-1.1176206794016557,1534.24,0,Genuine
130523,0.7180985482516836,2.1737383734682387,1.5891644192479266,0.4648021308319773,-0.3630407734094527,1.3027999305197584,0.9143355976480256,-0.3720777607011143,0.2618555642786702,0.5917216013664158,0.5288005101180483,0.5206266102749175,0.7186219599626317,-0.0939565600950742,-0.4235512621981075,-1.1774785826744747,0.4022018141493086,-0.6821163359373542,-1.360299246520024,0.8440782524809006,0.6038796562432549,-0.8439528217701625,-0.6772243510297261,-0.7993499461368424,-0.2294855604685414,-0.658614864006275,1.9510558551086927,-1.2408659201431969,753.87,0,Genuine
2747,1.5675944208789678,0.94032162054088,0.2562577920429345,0.4460309552521257,0.5945210754565203,2.5975171258444507,-1.0699260455641393,-0.4736397504126892,-0.4812684283793808,1.161714602029519,0.2051029824506519,0.559642871901567,-0.2837314295259125,-1.707686041136845,0.2376844280371015,0.4629242594487703,0.1100693711326038,0.21958575734134,-0.7303978264109515,-1.2949384245497697,1.5542448464284544,0.2337184038783815,0.1193902157378492,0.199830095880847,0.245603886319095,-1.9643709443707629,-0.4237640081290545,-0.5014983900620853,718.91,1,Fraud
123855,-1.1777855414923533,0.5513197247610424,-0.7486802015051396,-0.6279825864826378,-0.0408429675160818,0.6713973713412849,-2.704789797858965,-0.980273496014828,-0.3138026268128607,-1.2172018271822571,-1.1211108839903678,-0.5020980236086614,-0.4417007057309442,-2.358713848355779,0.6859174556427218,0.0475179650941773,2.1298134941106253,-0.2801919674382956,1.957291257365624,-1.1674174358282303,1.0975676076271672,-0.8586496290067306,-0.5248748164588656,0.3371907049911727,0.2624750147416206,0.1629326783517383,-0.0996441100207934,-1.277842148226774,2593.35,0,Genuine
65725,-0.6802615871939081,-0.435204328616967,-1.7002097425176568,1.0511837801499064,0.168209014684057,1.1787963277855196,-0.0945139403677677,1.8500473300507012,-1.019886801013034,0.2557079322773186,1.169355423558693,0.5633649678320477,1.142450537476715,-1.3821152379431123,-0.2491100548821039,1.6783948141089342,-1.704825170878332,-0.8771929472488935,1.0022377639328288,-1.4440053567500166,0.9042146849075274,-0.5899166583407937,-0.9747167065958056,-1.1021923138574257,0.5498588715425264,-0.1482624703005498,0.305423416362696,-0.6769049788159335,3746.39,1,Fraud
129981,-1.6794592820017904,-1.0953455638569167,-0.8050573923434037,-0.5501377114780691,-0.4902215920152893,2.54346265965724,-0.5666817550530255,-0.0698248237656046,-1.1445651875274974,0.0883403516995631,0.4086428607881063,-2.268434433028656,1.7876907310580887,0.3241029515931523,-1.6595824301478297,0.3319005000617389,-1.480800592093834,0.707249477329009,0.0005712752251365,0.2691704611422479,0.2292201216252284,0.983451390288347,0.2849630802459905,1.809160162066269,-0.9850872466414864,-1.8727668414256493,-0.4564319536135384,-1.0058312742901665,2822.75,1,Fraud
84654,-0.6050630759919033,-0.2177309844884472,1.5054156005084625,0.4088490189987416,-1.0649332891581382,-1.0062258478164758,-1.0508214257847202,-1.1740424596214951,-0.2966521950968329,0.1077054513031239,-0.3471419701644297,-2.666566542171993,-1.941749441565175,-0.0026769058100083,0.401037605850973,-1.5451601954516447,0.4820933241966013,0.5178374429850578,0.0223709184396056,1.4639007476224009,0.1192358215766186,0.1364798237881422,-2.122338423120204,-2.0891374218256398,1.0874731807180829,1.1408144108944325,-1.8162287732243296,0.512194924926752,4366.59,1,Fraud
166845,0.7619189864356664,-1.1242925942058308,-1.25533611568616,1.2377244855291365,-0.740317570747505,0.1306274087750084,0.8981053934866166,0.196827221979218,1.154214892291474,0.5558459327454801,-0.4504183541394284,-0.3294782639876161,0.5994356797744166,0.8691051213945836,0.2670521551212874,1.0192674781225275,0.8980923901146406,0.8321773907184117,-2.1753809095759307,-0.1356413318151586,-0.7891622212113611,1.4245659406703168,0.8468401525907611,0.1295708793288304,0.9923221666705409,0.662319591243876,1.3522610604561256,0.3950036708745124,1580.05,0,Genuine
119346,0.2126557623830192,0.6501903807307544,0.3531272379978767,1.3789016998464694,-0.1028241304799444,-0.4779965320866585,1.2082466735435573,-0.6500538770634406,-1.0341632121613418,0.1473225009565805,-0.4068626209400097,0.6334658090503938,0.1773342421682942,-1.5203710323543804,0.4791729782230888,-0.4405808388689817,0.938848796276507,-0.1533022007712519,1.3066244470197583,0.4368853246354206,-0.9022443895664752,1.1767175282625644,-1.162697803035628,0.1551517259821009,1.0217669889897585,0.8425106885723029,0.1581315110041179,-0.571421010651419,2975.64,1,Fraud
67435,0.8678490366631822,1.6326524976971304,1.0339251430855578,-0.2671263359406924,1.8372383927745388,0.8426577102610722,0.1054212793658609,-0.389601231453931,0.8363700292574102,-1.1894590734994237,0.0439652027782434,-0.0850533302515499,0.6578825075003573,-0.2040631960792609,0.8564981222497622,-0.4877332413164104,-0.5727760123636447,-1.76088733107507,-0.4514187437856448,0.5388445628176747,0.1905105901238195,0.2157438556305125,-0.3130144953956795,0.2634825106269602,-1.725178686414015,0.2678064262543982,-0.5643069341645376,-0.3416631405582355,3306.55,1,Fraud
56886,-0.9365140174967368,-0.2609122661171302,0.2853448404432517,0.4631352742410105,1.4719063991135422,0.2716189194766208,-0.1825190696181653,0.3107534317277182,-0.7989348536567993,0.6132540489853971,-1.4590070064701377,0.745873628978934,-1.438514264363784,-1.5918220522307345,0.7775584905992924,0.0291981501999307,-0.8441222636867114,0.010754658623274,-0.8086681469855184,0.7411970092722532,-0.8349933635098935,0.3537110435839016,-2.2691236022078165,0.879329026548271,1.144370540695276,-1.3034782783942418,-0.0436591278174706,0.595517583147117,1404.17,0,Genuine
66803,-0.8755250268118666,0.944490972391197,0.3989833287905833,-0.3594887902036195,-0.6532959778593946,-0.8184323199039338,0.0627083739025223,1.5209852402541009,-1.786603072697699,0.8408842797305155,1.2180228047196435,-1.2017356491486368,-1.084320655363474,0.2673205093781384,1.3608142278061757,-0.5746848072056281,-0.991405846592298,-1.1717975357093626,0.7499728466704664,-1.00357321532389,-0.0905819701345141,-0.2384957581928918,1.8077576101199984,-3.049497625921473,-0.3688032216258368,-0.062236842359391,-0.3157994242511222,-0.35491865823686,1982.12,0,Genuine
31551,0.2046102095249128,-0.6892290702168566,0.6556039128734262,2.503796227268774,0.0602576773324752,0.0109478163470444,-0.6529262439013277,0.1015853581730408,0.546599758589076,1.3194789706264387,1.0346733973054554,0.8828393999793924,-0.6714297250646478,-1.3778984665331833,0.0284177300478772,1.7948155266917802,0.3222536986162267,-2.026924345742541,-0.6299536416939636,1.5934567195599452,-2.497765102055681,1.0439074078642916,0.6582243813430042,-0.7740504300238061,0.5307587546245011,-0.4808138559053019,0.5924737030135748,-0.5953958728604741,2955.11,1,Fraud
116216,-0.6026478053053154,-0.3024668382073511,0.3792808718226494,0.7801260058738185,-0.2877229739460477,1.0469227396558851,0.5625959484284024,-0.7110367704551509,1.6287680875747823,1.3636528439175986,-0.1674883515404583,1.628812614414223,0.2130657687013274,-0.2433682969575407,-0.4319277191598297,0.8051876288889297,-0.9832074087704852,-0.27471354032255,-1.822965926659624,-0.3339621252538718,0.4671389524197054,0.3631244541050143,0.0858717674908289,0.1512678651030431,-1.9817227186956916,-0.6501206000639042,-0.8991690931014306,-1.3292037020480976,105.63,0,Genuine
11394,1.3018491681600952,-0.814963984565443,1.609074172473282,0.0840584358369356,0.1302666188690241,-1.3037246310250663,-1.539371986161439,-0.5049148422942278,-0.8557350802680281,0.4764330668573905,-0.4046494828701588,-0.6964105149058804,-0.7326537504674254,0.2063968896770385,1.040840840772161,-1.1438752154986225,1.114619031735711,0.1017627479159868,0.4098094454044212,0.2810598408611379,-1.0347443920404449,0.9095609332377824,-0.6881309431931223,1.703076786626447,-0.6831802817029415,1.6363879644713724,-0.3775201006506483,1.3053946137119752,4433.17,1,Fraud
69092,-0.6274188843774771,-2.1331330350705104,-1.0402917282276103,0.3125621734577425,0.258912747542776,-0.7973445556389791,-1.073078128430193,0.6564471869104684,-1.56987090890016,-1.1428371080972366,-0.0231777047848608,0.7709987615043311,-0.3230228891937344,-0.3911991834012795,0.9083560553422216,-0.7275519111522949,-0.0218829650850631,1.5982776677491126,-1.51546226556547,-0.1499748962481602,-1.427779292609576,-0.6468645237195753,-1.0657267353078148,-0.5818202488370199,0.8403828472956737,-0.991271853854199,0.144469590393275,-1.62103774923192,556.21,0,Genuine
3890,-0.4953892429312468,-0.0365333499186106,0.2404248768387858,0.4071054154460675,0.5275150157556011,-0.9472750850418088,-0.791261151306802,-1.9583409157869407,0.4549147510800221,-1.5293838342145964,0.1465618255865395,0.0228183138301126,0.8305279225496077,-2.2619503047535257,-0.2328516936411859,-1.3096175918540411,-0.7037260562592106,-1.2056045575557068,-0.0587948395552593,-0.4454776048757492,0.7224580257342339,-1.3610733999761409,-0.200309305857909,-0.1924031385756751,0.5259949849091217,-0.4631482704809185,-1.9675645769732952,-0.3155166830848367,238.74,1,Fraud
41606,0.4188394138684869,0.1284517375977526,-1.818240433997148,0.4367435407834821,-2.9011387818174086,0.3263965554869101,0.5413554309815292,-1.042682276296092,-0.9231741954719952,-0.2270936064400398,-0.3000966960854178,0.4418405449358343,2.048813619098334,1.662332744854668,1.1058858238773883,0.9677266858348188,-0.6996565501584512,0.6770530045844702,0.3176088717461632,0.939568287694662,0.9630748550562012,0.5022545958786996,0.3022109642452388,0.7254582980939087,-1.07995792717313,0.0377425289502026,-0.2459093111016333,-0.8853257376809944,1075.96,0,Genuine
87313,-0.3892881917274929,1.0658609987616374,-2.073746187186537,-0.239998217646557,0.36649866588694,1.24051607961496,-0.3024898570432435,0.2126460761973402,0.5366465784709282,0.9194709745270124,0.9990850599828964,1.6268115667010894,0.7592002593531865,-0.4973758730428668,0.0745284733110935,-0.0668914780576173,-1.5319069581899638,-1.5989173606119742,-0.2778401646226757,0.6351107733011536,-0.0844692787573603,0.7027931085810876,-0.2298431817684394,-1.2095642180949284,0.680186664892842,0.3938658563285947,-0.687513656119767,0.1454563213968033,2512.09,0,Genuine
141699,-1.2349443935374134,0.7954382526692877,-0.0816710308519837,-0.3943272992351749,-0.398921029216647,-2.0097344653060114,1.3603903947030729,-1.7066695773747482,1.1514795942038418,0.8550350681975698,-1.424108171008566,0.3273032731755846,0.8593952043388785,-1.6095072974234057,1.276323016989261,-0.9766370227959652,-0.7941744284492098,1.270111673986127,-0.273367194775932,-2.18617236415652,-0.7171174447842135,0.0751895781807868,0.5309197610429652,0.0224455735884055,-0.8161447188512894,1.6922906463639662,0.6084484511066175,-0.447361119367097,1644.16,0,Genuine
8792,-1.0993558248320887,0.8089528990389954,0.5433795689447568,-0.1518533617264932,-0.7049379142316038,0.0943985634785834,0.8033097563785089,-0.3125178791348638,0.3306174956029355,0.2739992622631791,-0.7119361699347364,0.7644421209970171,-0.1818510445200329,0.7611960007958736,1.7292151432762155,1.5718213057772534,-0.5527867751075789,-0.7006458301779478,1.5509236558071562,0.4191574568959192,0.7182806461976768,0.5786163977379409,1.8557294806893303,-0.1051347875156706,-0.2660780905197461,-0.1635148358681512,0.2470125589910294,0.0837765494018863,2201.29,0,Genuine
154969,0.5377659584069555,-0.974036223117877,1.6306677772375646,-1.1396917050472075,0.7942566781620701,-0.9242207172751844,-0.8010931755623457,-0.4782650356575161,0.809768308345471,-0.036559238791218,0.7752419918640591,-1.263044641179683,-0.8906034022714222,0.7985697342715286,2.641071749694857,0.5048787222674764,0.408080377909533,-0.3348312371757578,1.5652986335697416,2.0976246163764856,-0.7690034197889674,-0.851999920855544,-1.0731532802979988,-0.6092229973688293,-1.1701267873655148,0.2909153063750557,1.2684320725016451,-0.8406463040790128,422.27,0,Genuine
68148,-1.3587115145620603,0.459497306070692,2.419791733010463,0.7182744069744601,1.4668244164047686,1.0054027748299843,0.6334657903986202,0.8774485220756677,0.8166121536347003,1.90373522419968,0.3242765424788702,0.7336407859527816,-0.325957992728511,-0.3021809007005816,0.0622373923903092,0.18552577363828,-0.0991994696565443,-0.3220191498630588,-0.917540449736474,0.1857355786451977,-0.157637771845462,0.9392980033564944,0.2364860589600156,0.5030407405795135,0.3433497852424279,-1.2042919199255455,-2.014943856820227,-0.4536088599951046,1166.29,0,Genuine
124243,1.397164427548811,1.582593965481592,1.3198606706654803,-0.8017050426489727,0.6890031440414071,-0.2369682755712538,-0.4082070281520185,-0.2502823331191997,0.98994671217863,0.5740318758811348,-0.6795412504083771,1.6100071508541278,-0.0579022513878474,1.5362482255597447,1.4154308550541492,0.1383586823580739,-0.8597250899430822,0.7589588945925353,-0.594756583728082,-0.5108253810263469,1.3483095839700427,1.1717187115197705,1.7412158071981143,2.156915263842885,1.0873514109164812,0.5755119999527931,-0.6169135083545589,-1.34720285994256,489.21,0,Genuine
120174,-0.6903992843017499,0.3798678507090812,0.7271657443980285,-1.0599500789847167,-0.5185516072110946,0.1306739390773976,0.4731804950239632,1.186691382603047,0.0452107675574809,-0.0872730768928285,0.4004684666970303,-0.9235006229132208,-1.1601378147693766,-0.7406959375386328,0.8538462898270578,-1.3579864499176084,-1.225237189676284,-1.4504734094552116,-0.539867430292185,-0.383456021821091,0.3752657606726718,1.02068178449596,-0.3107539481189685,0.1737117743405462,0.8849715441469561,1.935457416828164,0.1955487233922369,-1.0082621657455584,1149.3,0,Genuine
154555,0.6162158169680608,1.8285936130649971,0.1599648557738154,-0.0143544665641487,-1.0760056501389106,-0.00133699520206,0.8517721635929733,0.078873023238061,0.7790764273936542,-0.645441023666362,-0.7929604450864275,-0.3230231456481747,0.815120685452811,0.1756485882949755,0.9469616148189977,0.5593545550683591,-0.2369848385727416,-0.1774051843673512,-0.0314390257979201,-0.5619250912526561,-0.0461565489621676,0.1239685661554849,-0.1390413145687946,-2.234905165012406,-0.9076960803117612,-0.427398502830157,1.2919932344685752,-0.4631206710054278,3516.84,0,Genuine
124358,-0.6304126240296342,2.018966111119864,-1.5312280631833777,-0.1301226296898867,-3.0062444281096803,1.124218803189845,1.1147146018127168,1.7764511308092663,0.1644017461563116,-1.0086053177092338,-0.3101158307792255,0.6861266342242371,1.519450534568872,0.5108016394234244,0.4244318687808988,-0.4188747078246074,-2.052999804687201,-0.6413143752371963,-0.0819826377190564,-1.1490238430733135,-0.2758916570468219,1.186494040066019,0.4612600534565917,-0.8711167852287725,-0.0461804010460756,0.8030275845835537,-1.1063214965541743,0.1642906750989023,2876.88,0,Genuine
48555,-0.9152413799963652,-0.2684682702916454,-0.1460366057417983,0.2496344757889885,0.1825159965813557,2.0486315307977825,0.2020215698379167,-1.3874889643917714,0.3913201719352258,-1.1070640145901445,1.0437189455424534,0.44778412779995,0.1224219247172447,1.5139982184565095,0.951104559834321,0.8706504584119262,-0.3178624367494384,2.198047850252778,1.717082656143167,-0.1846786474265695,0.0438265048446565,-1.1428681235315288,0.6760972897627349,1.4793094360884758,-1.5725695726079585,-1.4104041966213876,-0.8035629825839319,-0.1469624308463917,1670.52,0,Genuine
17159,0.2461036822901821,-0.6969397450805717,1.2903767512582258,-0.5682053693964096,0.5790161077944365,-1.134665329881441,1.6001236864802184,1.6171268412679776,3.051711319918625,-1.0084934228173716,0.9330835770651807,-1.35972775176608,1.084073977250119,-1.9433093763805336,-1.3740842635961563,0.6392324657830095,1.115553725076248,-1.0849783552267207,-0.185532060784697,-0.189219993023812,0.2660070625765487,0.5734721369151442,1.0497699497787538,-0.2395409946742276,1.3643424934502677,-0.3450171478458488,1.314622003609946,1.3636296323685533,1306.88,1,Fraud
110510,1.0517834670159,-0.7614621654189501,0.8982818560280404,-0.3925425582309735,-0.1018635100980302,-0.952556117994652,0.441314356061272,-0.4111271562293894,0.2416005235856662,0.2809521132587627,0.2882367577639239,0.164911372411841,1.2084321430454543,2.291805577724752,-0.0288419153526941,-0.0610758145216329,-0.2003504913670966,-2.582064088096225,-1.0302654650134766,0.6001629846251404,-1.1255196313167182,0.7164500920346046,0.1092778352115744,-1.1729216202457622,0.0190895965059632,-0.2949476651030561,2.304084589934852,-1.5133239146684658,4987.64,0,Genuine
106530,-0.2473677508601046,-1.51613582010322,-1.2863341466829483,0.6921195050884907,0.933746208837992,0.3214979025547069,0.1350521594576307,1.4739497012264091,-1.4977599328033662,-0.0180696605308756,-1.0511490372532666,-0.3326818052309581,-1.0346502233441088,1.1738726998258786,-0.653481566225802,-0.131816521077947,0.1593216216090513,1.6945953870339583,-0.5880156870690871,-0.5224890531728434,1.2082571406720397,0.5012417140510956,-0.7948560878940624,0.7545487247819783,0.6499908705435561,0.3520805071773047,1.7059379621914854,-0.261594988484292,3839.57,0,Genuine
80077,-0.06547735375746,-0.5184028994155219,0.6140256472584803,0.6312172004951938,-1.3201902358324924,-0.8164023483019187,-0.3025143876599363,1.1852346998851642,-0.1974191775176412,-0.3259147622904589,-0.3776551500947696,-0.9686551322971024,-1.7378060335001404,0.4494559945440309,-0.7371165856000177,1.6589306719960346,0.0380927368377043,0.4913391051136467,0.3733802349223087,2.0109256594431257,-0.4581389059691063,-0.940369947733188,0.5607626008783315,-0.6386673525246472,0.1991489398821312,-0.1396128212039308,1.7157699896670644,-2.2729683110749277,4110.4,0,Genuine
35920,0.8074173610828009,1.2076654497562465,0.5283928118677204,0.5895250461766781,-0.1712389564550487,0.933583770400274,-0.6313090201883675,-2.8519078407826752,-0.3105257556422734,0.7364779351019562,0.0964656428093735,1.3567248683926705,-0.4990158351175847,-0.799652252504667,-1.435502094537547,-1.336858045431626,-1.3852316607837518,-0.7873748855824034,-0.2571246097932383,-0.9367055673010662,-0.2045252836077054,0.2293580593849909,-0.9669141599717418,0.0350568635507819,-0.626117846114838,1.1292326322949855,0.4311179624822656,-0.1662181827363403,132.8,1,Fraud
19457,0.8405272502515564,-2.20403757525124,0.3498901201147374,0.0339676123514823,-0.25030095958789,1.0941174590843372,0.4198837260617056,0.4791682103198394,-0.2647936017546141,1.8091749341724923,1.455421388065267,0.0054603775732395,0.0958826991281716,-0.8836687486836406,-0.5267143930433216,-0.5733990864584053,1.7574899336177816,-0.0322103680344637,0.3136047311824456,0.1472609476879734,0.8136214210830589,-0.2561020069142284,0.3319578561285177,-1.1317021171424455,-0.5538637281855149,-0.5136698293354152,0.1324046308086863,-0.6708681789401808,298.87,0,Genuine
78953,-0.038491720019741,-1.0374534007137464,-0.0278555553773344,0.1689226233322747,-0.1101086842560662,-0.5465763122464581,0.1007576369799842,0.9976197628078978,0.9534424262529656,-0.8233469362880002,-1.7823694336427056,0.9830486529061048,-1.196131755773166,0.2878313284506279,-0.1741505071255576,1.136533030172828,-0.4075654160263839,-0.8009939573650712,-0.2441749672458623,-0.7475727764637398,-0.141472466070568,-1.9573993676726744,0.0772511937558717,-0.4180598635034923,0.455744222486379,0.7308490312449591,1.901757727324456,-0.5160362025904129,3563.36,0,Genuine
52995,-0.4434798924852888,-0.1271314416519976,0.6655839669441933,0.2304388877105034,1.1679316629539074,-0.763537266641475,0.2608256006343897,1.3285927366711168,1.1305913976640294,-0.6742860432185861,-0.8721440468998594,-1.1734130262453202,1.4222235826783842,0.4937999974482909,0.1843093094732515,1.4851753159393708,-0.0033489329037382,-1.9569977354033756,0.7247978454081032,-0.5386670749487668,0.8810264147358382,-1.1777139203281193,0.0527395583014992,-0.0301528622811632,1.6369148147427672,0.1614321352971459,-0.3259640023319924,-0.6818042469090023,959.97,0,Genuine
171829,0.0826559594450316,-0.8771852006217002,0.6973130389123985,-0.6560417398089765,-0.1048422240987626,-0.2747790216527191,0.4807458275562917,-1.176637185779423,-0.105635242697397,-2.2170523917134606,1.128603392122176,0.5889456575210905,1.9488015652505863,0.3648679999892819,-0.012428478419685,-0.137884884840809,-0.6556231439199504,-0.1642745838875907,-0.0882654142010784,-0.2794598404260808,-0.0470263284767865,1.1612581733099088,-0.0822974307316086,-0.1007904279035816,-0.3428856895471528,-1.0787444130331192,-1.0103427900094428,0.4349129876024116,2128.85,0,Genuine
9692,-0.1909114913883429,-0.5272859442402204,-0.6414587654314053,1.474046600146101,-0.2947924507725294,0.1040182139630184,0.2566014781430484,0.5903428970142299,-1.3918743485189218,-0.0263308354697025,1.3601670777939958,1.061689522816587,0.1791969482273416,0.1597527459561351,1.0523387088824974,-0.6993190447320454,1.1380653670319325,-0.1714352614780801,-1.2164032556063074,0.2038132293228816,0.099332921861604,-0.3979144186134828,1.0019051588316308,0.374647992552346,1.174148947221075,-2.228437455672201,0.2833828521807771,0.2799399363985718,921.65,0,Genuine
37065,0.3129741518168518,-0.5123296744223036,0.4550140613820955,1.3315880324876994,-0.9366934798105312,0.3148371898951916,2.0132954069278512,0.1950736786657281,0.0990955751831076,-0.1276205684267537,-0.0697137372778005,-0.2421486003542615,-0.9817973244060152,0.4319627637823686,-0.8960024549932483,-0.679054554722906,-1.4586798632456437,0.3393470113865225,-0.3468541890593911,0.8029022016830201,0.2153728031232427,1.05613053199912,0.6180411125223642,0.201207038958549,0.922686216978571,0.1466596635576345,-0.3606806479001416,-1.205961776767449,886.18,1,Fraud
99299,-1.194270426845753,-0.2575402200617488,-0.1893951407472138,0.7942455910009673,1.3285794714214596,-2.25281705904917,-0.5279648841781381,0.4314089669663246,-0.5433887420956671,0.8927902452143935,1.5384007412232437,-0.4971801091781525,0.4862953485057155,-2.185622593524537,-1.9436567277162224,-1.4344272524810264,1.3022978319764011,-0.9729954937699532,2.2114058643510512,-0.4656463410573745,0.3739058614384875,1.1436508108170804,0.6945680605889796,-1.0184694021620435,-0.3193633223597223,-0.6845840730687299,-0.7683972086562905,-0.2255316640860521,546.28,1,Fraud
163678,0.2771815793587466,-0.7294546961097387,-1.487233867746243,-0.4258615864015977,-1.4311962225786272,-0.9674555188501184,0.432293344119706,0.9989364865930184,0.2104047139713193,-0.0868127239606502,-0.7333711544214297,-1.3042717410128155,-0.984940289351889,-0.266104413905511,0.5314505987246029,2.001749889303312,-0.3042983242097551,-0.7747271337075675,1.236224747790713,-1.4968253975809087,0.5595034076698543,0.5462407586133076,-0.4636482972304648,1.685816986376984,1.1001773898837413,0.2753191935412066,0.8506290143028479,-1.5207485808607275,2971.71,0,Genuine
11534,-0.7183034161707487,-0.8112132138555481,-0.5616070350381638,0.5391441179501503,-0.5529994328474125,-0.404099348870584,-0.2276932158487412,1.1567098527264343,-0.1209618921899113,-0.5881092977955014,-1.5092394040636194,-0.8680526791012767,1.1430935490208658,-1.383231796655113,-0.0467283831129498,-0.1480583937108917,-0.5335301786980942,-0.3765664856000874,-1.161667941542384,1.3696369722954702,1.0519940481486896,-0.614431130500704,-1.6420787607254186,-0.156770255559493,1.0192623014046884,-1.2605421538259298,-0.2500832937302698,-1.7077076135178555,3696.77,1,Fraud
40397,0.905887611490503,0.9343097459212312,-1.5636896853454252,0.978369937769772,1.6939370670974931,-0.796989331746887,-2.461472113575241,-0.6557429547644712,1.2163576184010862,0.1926857423050871,0.7902302756791277,-0.4526332846354912,-0.2314315912469945,-0.0405386367978471,-0.0674908736173819,0.4648750928123883,-0.6277518951365447,-0.9808470466203956,1.7783925896609647,-0.977142255456188,0.992624966686234,0.9442345804856138,-0.3971236100133604,-1.3505382689238472,-2.145328226360626,0.5335325197680192,0.1845446844826558,0.4006174088640767,285.17,1,Fraud
91387,-0.6724678493705154,1.0496541778603452,0.9800935350701048,-1.2231969017211433,0.4682432980715345,-2.8647098923529533,-0.193472822868445,0.2654193318466565,0.2748080464638976,0.557068359141653,1.294704909612194,-0.9759111701566586,0.7272528561790889,1.3064656962704604,-0.7127848787286719,0.4750266145549621,1.8086485747943133,1.1367630879047297,0.1371026171191887,-0.2464905091861765,-0.7932778296215934,0.2135563226013133,0.4357550001815979,-2.2223159132482966,0.7016119296668938,1.568476463402887,0.5411540486677208,-1.1372414669962578,1378.48,0,Genuine
1016,-0.6551097671909321,-1.3805433452474094,0.3558893775543191,1.6945117616984973,-0.0201766517012701,-1.8883724653546936,-0.9364970559185406,0.0411353172121279,-0.5401916442214952,-1.6177290591248354,1.278029191982128,-0.7679466611050336,0.90189726098959,-0.9086868906751132,0.9091370362144172,1.4838337799736498,-1.604777299156448,0.8491226024007282,-0.488383642450801,0.0551442635871796,1.454201443748394,0.0446679336250836,0.0323976429875395,0.0751823309852516,1.2805223650531228,-0.2393901422451838,-1.76515300522984,-0.6139433563489592,3292.18,1,Fraud
55591,0.4453988244117404,-2.759597399272884,-0.3554906112059451,-1.739387611155795,0.0216920555262841,-1.305358525584367,-0.0668224588404138,-0.2393526222696551,-1.3855322473838472,1.0068909907320478,-0.8634446062125783,0.1580969164047087,0.5379580138401937,-0.7092895699727372,-0.4190647448135233,-0.4192556203329161,-0.5348344231642534,-0.5158848977360987,-0.2815818075769331,-0.1021987566236928,-1.7005110511049306,-0.9116069504251416,-0.4327744348860043,-0.92626567126328,-1.1674227349869304,-1.9960668920167184,1.2393668498737815,0.2192691982498412,1962.19,0,Genuine
23247,0.0142118888161971,1.063374849570931,1.4205213432886483,0.7046058197090753,-0.9463779873578178,-0.1152842008532188,-0.0264025213317049,-0.1437752111690407,-0.0480141638983901,1.306302786715119,0.1993798628190012,0.2777881983927099,1.7852807297716604,-0.849516831242131,-0.8835733438895558,-0.3487578125957574,-1.2907678283315116,0.5345836288987383,0.0568223689637105,-1.4119269730140953,-0.6312032627404901,-0.5007823486870969,0.2214309178960688,0.5728051270271691,-1.3136728364249652,-0.0557082759881153,2.300936353735584,-0.0176232577771776,3523.62,1,Fraud
24300,2.276651626398837,-1.2288004185521375,0.0679909075811666,1.4532823062524691,-0.0685272448575246,-0.4362021934813096,0.3853578879393376,0.1959872420566366,-0.0444373539462197,0.5474551409799262,0.8398180469600435,1.0908450205317708,0.1782731160964211,-0.7159071055242116,1.67426105202692,0.8309175467000115,-1.812535434251061,-1.238286934985373,1.0840642470071082,0.8620522350004334,-0.137788822767052,-0.897055095274249,-0.2671918807277236,0.0483595794652291,0.2079595389946893,-0.712515972649407,1.280666256672079,1.4038153308936814,3796.38,1,Fraud
82798,-1.6293026105542523,0.2127448384597398,-1.4312227559668744,-0.1130634640270308,-0.3498658389957931,-0.6315690825285746,-0.5301793753161691,-0.6019816024672664,-0.2624607487036656,-0.9345550602819208,0.3009777132316948,-0.7617733538784517,-0.5031953169492936,0.5540527008421325,0.6915740355420057,-1.794912886563328,1.3052869451709377,-0.4613519825864932,0.1900287940770672,-2.818256512162621,-1.1662590680845648,0.959130168960186,0.0487992679308597,3.938502977082583,1.57863362220015,-0.9474371519242828,-3.59274683100687,-1.25694033538025,162.44,0,Genuine
9268,0.1098529469547444,-1.5656718730282173,-0.439478540183811,-0.1504643998230734,0.179628599455004,0.7965149607928405,-0.4050929157369408,0.8830367785308805,0.7753237514035657,-0.3260265384819036,1.4463567091461431,0.0231852111345161,-2.10218955115154,0.7871971805047373,-0.0401583123954886,1.4903119443553483,-0.0271281042338863,1.4635780195156536,0.3334024835237908,0.9797901912395012,0.2798224074545801,1.5343692712501893,-1.988805493693358,-1.2608629276830974,-1.0879610988473798,-0.2095974519317888,0.2254383607656085,1.2195037344845217,1904.92,1,Fraud
86807,1.1296494849723704,1.297754985259672,1.632854187273292,0.6676607926469234,-1.5062413856263086,0.7961336649237618,0.7006936528099489,1.2693082882918496,-1.3827784910375778,1.1828744957222317,-0.4050458572012764,-0.4176967725399015,-2.2839612242641905,1.4692006801269204,-2.441242056105819,1.738133418949016,-1.16084456899877,0.6458742108352511,1.2113300302379353,1.1563689113291882,0.7398604438950306,0.923685432487498,0.7671438246372343,1.057686736851555,-1.5778749175462636,0.9966375010443832,-1.8584263581116225,0.5784792315297265,3645.97,0,Genuine
12185,-0.5783139229273008,2.543667895301528,-0.6694756250891434,1.851881891933872,0.3978520077693193,0.1499186534818738,-0.8090585294811227,-0.8205765555858956,-0.7625440635395795,-0.9782208536543988,-0.0706158103215092,-0.4883652496371125,0.6520381052220683,-1.0051294015645305,-0.2354246245506397,0.2457841863755728,0.8290888524144562,0.2890821861814961,-0.3990900985424667,0.9032004204651792,-0.7126243462999059,0.1989228769048527,0.6128236970138705,-1.0895983530778903,-0.4534475207755084,-0.5768919889127124,1.1937121835321165,0.7599618028624457,1892.7,1,Fraud
170171,-0.91055784473988,0.1828069092053366,0.2752212887578301,-0.2810676379413661,1.0166296748863088,0.1201202827186584,-1.838452990709292,1.318329887939122,0.0529175994861345,0.6286437077651912,0.2361904615054972,-0.3161392296396561,-0.1838440586708139,0.6839395206608945,-0.0216166868956599,-0.937743729926471,-0.4006840006398374,-0.358547634114029,0.3024315471996334,-0.3042387714308026,0.4634495683045851,-0.306837759362328,2.112249183516754,0.8309568166512528,-0.5928085694307678,0.6974254721003847,1.1973324671624248,-0.3916115937631554,30.16,0,Genuine
139643,-0.8708646476463285,-0.0941026484595166,0.7438766245146383,-0.7809551918659448,-0.2038231251205735,-0.8566605509334115,0.1570313569264813,-0.8186934242261409,-0.5595082189549743,-0.0507720092731589,0.8325541392362011,-0.1961754647464603,-0.8153958068949927,0.8503691928451103,1.4636820019721095,0.8531228764253084,-0.6465667799111339,-0.0419378308145535,0.438875998563543,0.1294083687657264,0.8368480700298296,0.4764161863146679,-0.7119341193247267,1.4231214309170626,-1.6711388990807998,-0.2155977399995398,0.372609250381462,-0.951902178892998,1682.18,0,Genuine
38044,-1.6119611796500846,-0.3221395751900638,0.5899484845549426,-0.4237754556079923,0.6470983933058072,-0.736992330656528,1.0708487475682444,0.8977869116897852,-0.3567092381764135,0.1601932495069724,-0.1944597312018029,0.2503962662960622,-1.1139051688894404,1.6532963487951775,-1.749977532781965,-0.1910345771867974,0.5753812651838554,-1.4683880988634814,0.134728459770038,-0.6692729061385148,-1.935521081493392,-0.4170760136606015,-0.5031931106912227,-0.3443884463644919,-0.5841741516051744,-0.0905360559482004,-2.643404129541926,0.0951243820694081,4363.39,0,Genuine
51214,1.3497046273106952,0.7817993113129117,2.4494597989581,-1.5525139922862203,0.3103462748445773,-1.707649383125218,0.6891804756468861,1.316478810590568,-0.0602513678641735,-0.8357714773248105,0.9274341439334088,-0.3303579665768744,0.7409543366714663,-0.9304879345378066,1.56025680218457,0.142212862658069,-0.4221887123891285,-0.3233873270431047,0.4990026307624314,0.0686700259252565,0.1742444269182777,-0.0313618717482247,0.1742637849212646,-0.7292012888531357,0.3488069422553456,1.0918186882610952,0.0103880021445656,-0.9566787567872328,4759.74,0,Genuine
114752,-0.3296173418064082,0.5676867509345856,-1.1763032569232688,0.8977578987151557,-0.6077401401660559,-0.250751431778331,0.1754841955303034,-0.0945106960798391,0.6859649334136272,0.3306642851021424,1.6046247080549467,1.2273306300517688,-0.9835350459461226,-2.003579874871768,0.4369331241110122,0.2184756529854493,-0.9627760316113136,0.3760310617001973,-0.6912073590737279,0.629156679208577,0.373308403561571,-0.821467931440074,-0.0341086655680937,-0.1565820682047434,1.8562595597667664,-0.2796524914965276,-1.120986045917573,-0.9886950888661132,2803.02,0,Genuine
48984,-0.4480271398002305,1.0034984535528646,-1.076463080532803,-0.5140830527138596,-1.0585256864571149,0.7857412897111967,1.250645343348778,-0.8104977419837787,-0.100573653549728,0.2590757371143357,-0.5180711524016711,-1.704400381687902,1.630660987142157,-0.2773857662212935,-1.207582858218343,-0.6583352953614889,0.6954023198502433,-0.0264213842818318,0.9799984632628076,-1.0950395557375143,-0.9172104060466644,0.6506408423972025,1.5798664524133812,-0.7430055798707154,0.5616036831936777,0.7661029743473262,0.1386551585660275,0.1505607100157027,1532.49,0,Genuine
40774,-2.1240980743301736,-0.6279165225980826,-1.159754447102133,-0.2083391540655554,-0.9183884887206588,1.35432989677456,1.082017239164916,-0.5886829977116296,-1.969684456351816,-1.509358590566615,-0.1646593797099035,1.0539536254892845,2.3509866157346044,2.8086874504384176,0.92181583595147,0.3472628228341112,-0.1413691900357812,-0.0264147846571969,-0.5538551561873253,-0.134287731110188,-1.1949309080159458,0.7009082539536109,-0.4083312406340867,1.610615367622812,0.8061610986035261,-0.2273637962831594,-0.0144369263677132,1.0521443836914632,2330.86,0,Genuine
2568,-1.4337085724618848,0.3401177064046449,-0.2959184210168848,0.9096211314190062,0.292892569154715,-0.2447798579054633,-0.3309145277290606,0.3618568656488565,-0.6027970090177134,-0.0044438945503694,0.9677595917761538,-0.3685036659420382,-0.900036811993571,-1.0952627836528417,-0.2438731170273253,-1.4632768120857624,0.7464050529836872,-0.6543967327507244,0.4546551583567207,-0.4771987519409639,-0.6877714592414236,0.908855635993191,-0.1537235791524705,-0.1975795786546047,-1.0883132407614906,0.5596119528457932,1.042617281834399,-1.6038841366379817,1181.78,1,Fraud
120151,1.465389755519094,-0.5424680667061961,1.0993773881824511,-0.3769103244098489,-0.0561451319852044,0.4916688320096906,0.2475217283370697,1.9646544124099643,0.4957842753000793,0.6138971570799764,1.9275283741370763,-0.1888329166026554,0.669825145426235,0.4869249472118794,-1.6618775137606852,-2.195745460299462,-0.4028225985434672,-0.9077475867578793,0.2103903900652528,1.172867320327157,-0.1870577926427789,0.5577856087405678,-0.5622160818178089,0.4395313369657618,-0.0944605361272107,-0.2655154785583431,-0.1581619667572188,1.3069404801579232,841.46,0,Genuine
133767,0.3031056661005787,-1.0577156480700542,-1.0317345797965112,0.759090395388397,1.2750930218816978,-2.8559892428611966,0.2904602226364405,-1.69273284103671,0.7626736387665549,-0.3852832502963936,0.6359592853811205,-0.0096154783636432,0.4400215935089889,-2.2165285965750026,-0.4444195493954515,0.3643820305559906,1.0190231174460738,-0.9992252288062644,-0.6866128183846327,-0.9410534618881794,-0.7506639428212842,0.4879701405896952,1.523623041920499,0.4688878746205016,-0.2202359145980527,0.1711703234121024,1.6726019598191295,-1.241638354456278,2468.18,1,Fraud
124375,1.166500829925106,-0.0410154210034636,1.1133605059439386,-1.0380885038162868,0.7908701122038941,-0.432928320398424,-0.0867506287425695,0.1002419648119774,0.8178578781761044,-2.4477305511044136,-0.7862362700342146,0.7056420432559709,-0.9876488102822554,1.814839917919452,0.2549070295170637,1.043634616184244,0.0140299417277692,-0.2518801358655672,1.622461156602609,0.6261570720985867,0.5555706838115805,-1.0438220326805394,0.4871963732769023,0.8921886467599507,0.3259598796824314,0.2571926836234453,0.3975616974433086,-0.3065246932734178,3683.68,0,Genuine
136330,1.03999243982983,-0.922512730377082,0.0351266699277369,0.958719428323998,0.7887849831273013,-0.4563623801332636,1.1342475708738782,-0.088072149097012,1.1011776699620626,-0.1148167248979371,0.1981722697231172,-0.8802915589692766,-0.9819880766894714,-1.878204537803571,0.0619371972427623,-0.5135367526164957,1.0593643066013578,0.7342435832860823,1.7165633271123484,-0.052763484913733,0.4261357243581773,-1.08567673060064,1.5708858721784271,-0.4520107181798841,0.5967656722022158,0.6757060805733806,-0.5251249545456068,-0.2908967281554742,1113.1,0,Genuine
39504,-1.0006202805729405,1.1737269977425884,-1.1089966932109236,0.3419050212654704,0.2630808017122223,1.491168314225383,-0.1521404333967712,-0.4565217617681096,0.1184372770899888,1.46646793314532,0.9601933517654916,-0.6568592272194986,-0.1225912218544896,-2.3911295961130907,0.6434781452112087,-0.5697013875153973,1.026650427929272,-0.8585336957421821,-0.920834031073354,-0.1242614374542899,0.37592629998585,0.3310561930842094,2.915063434862583,0.7673839800986143,0.9528662436161548,0.4798137332497776,-0.0873557017951889,-0.4841875967503185,4547.78,1,Fraud
164231,2.429847728653969,-0.861920378015823,-1.7513699565678564,-0.0885790308196682,-0.9621989493216646,0.392933460921418,-0.5002788910049958,-0.0807819417286148,0.2631649808696468,-0.3444694894608617,-0.8125685673728732,0.5005596718976477,-1.1383894316893033,0.0988690891318351,1.0974306088410382,0.6475261809516598,1.2362517455768374,0.0407611617349193,0.7992946213487437,0.6560793963065531,1.258194441193777,1.100897897232452,-0.7628145906903607,1.3013732294575433,0.0319092216388739,-0.8443016195075921,1.287555988222152,-0.236905271190864,841.97,0,Genuine
13986,1.9497325956012292,0.3635459406873598,-1.5275704938093262,0.1308934879437956,0.3253392959749916,0.4942554228806072,-2.5915412573751544,-0.5421968218490776,-1.013908546259582,1.428651082857209,-1.0783802033393082,-1.6981788293752575,1.0912569609811595,0.1183695461316959,-1.0985676653813934,-0.0207057223023765,0.0682872487255946,0.0154793605743822,-0.1225384545747462,-0.3839875880983119,0.6454471810545677,-0.2672315349144313,1.0781938960973585,-0.1556779353369283,-0.5229726463977212,1.8201489973202485,1.42026026298201,0.1342962925328723,2792.5,1,Fraud
61858,-0.5637664421230352,-0.6034222987597224,-0.6658534082339241,-1.2867612946527365,0.0638531650282226,0.4423283109989927,-0.7983038823737114,1.2431554118624075,-2.1745753127845444,-0.8123575563110357,-0.3449830165562886,-0.0341666308902523,-0.2461105138578125,1.4192894501327258,-0.0209043704626457,-0.566094469272803,0.3827202104647128,0.930129915945103,-0.6738313310101743,0.1032703887926351,0.2833868277439588,0.0056087834551563,-0.2567376897275556,-1.3329977361807026,1.224071388297144,0.0261734886308401,-2.6752489674443294,1.272463242683855,3882.14,0,Genuine
129312,-3.568205299359882,0.2770627504375121,-0.1691511757433205,0.1080007439469699,-1.138381388555748,0.0454427323322213,-1.315417908803432,1.3424938066667251,-1.4175825835778983,-1.1609706457269826,0.6596335484385921,-0.7977296704899891,-1.120628366338828,0.8494613239905715,-0.6099576254931659,0.3052848064302139,-0.2307261491361736,0.0133819097868374,0.3685097124772962,1.1111038993233278,-1.2246357248860855,0.0159960787772285,-0.6876416942195152,1.3685948032025164,0.7251344609603292,0.915456497684035,-1.195395254975494,-0.2020337982835621,1067.73,0,Genuine
12666,-0.3565320899440766,-0.5239965734553564,1.3460629767304513,-0.1416697853566038,1.2099492585587115,1.5323653308491296,-0.0403961512664355,0.0881352711470226,-0.7018375516904384,-0.0051026378225894,-1.3692142458420522,-1.008229174454878,-0.0889893588833658,-2.000576078362866,-1.248930084461459,0.0063658890583043,-0.8977044087555,-1.4878493782314663,0.8337911146211626,-0.7769707319632969,1.157491110325083,-1.8432883382715144,-1.466282814324172,0.1736405915504001,0.6181419415632503,-2.3899545605779777,-0.627268026660081,-0.912542415131086,1482.93,1,Fraud
38660,0.2382962621214486,-1.2572112748575377,0.7990882121882389,-1.2594326104375635,1.1022893749291518,-2.305279547965073,-1.2536892504627546,-0.1411450134862903,-1.3597045513308106,-0.8225783677354022,-0.6930787876715729,-1.63846384826483,0.466423300742352,-0.1518695387949266,-0.0518391957622089,-1.2492932104666612,2.003297233481918,2.1248772454801834,0.1610829070329896,0.2709758998075299,1.266668104935495,0.2404244186948091,2.12836644194708,0.0041986203290165,-0.0394407689816796,0.8033929663564516,1.406322398797358,-1.0689090767763776,258.37,0,Genuine
134633,-0.5677190347756907,0.4837727409518452,-0.8389412520803022,-0.6710754269065439,-1.1441491444170604,0.1462104087154179,0.6086847416689013,-0.4930366726270651,-0.2929269400601429,0.3298577378605565,0.2736598851473396,0.7723020550690356,-0.7244476780449395,-0.6970892591780458,0.4316661838579913,-0.108825311215037,-0.7521047940965343,0.971690726238144,-0.3634982210358024,0.8813483352429998,-0.3290854910271677,-0.5498520281060788,1.0020349149072632,0.6767624959976648,1.2162547163837791,0.765309116457598,1.2575362706161004,0.3191258018466839,4719.8,0,Genuine
26854,-0.221522096684717,-0.2354156219132218,0.4086652833721682,-0.1292452579525181,-0.6377949051165285,1.1298028516395635,1.1084376082140386,0.0902813377526765,-0.4620882606412561,-0.3725708542653708,1.0905187536488163,0.1588258992096506,-1.9930911919529293,-1.3350523199415294,0.490677104544734,0.1829367478209555,0.904867509224752,0.4831909209483108,1.3294233933448214,0.466938052563124,-0.8093197626951638,0.6110804308939565,-0.2254286137050508,1.429181468077839,-1.2570625523276404,0.2339594406425249,1.0045612813258675,0.8173835294080448,2435.37,1,Fraud
64505,-0.8286580363377946,0.2859849407224593,1.6515462691922402,-0.6072921849478414,-0.5499502194404766,-1.8913934531926484,-0.0311567585881198,1.8478310288676247,0.9378270139020576,1.4739170452558097,0.2902107430954355,-0.6722812027482963,0.126367770762334,0.4336725805822959,-0.395211783253555,-0.5337833422193561,0.7258123344200709,-0.5754968043154589,1.3653977983233605,1.2811835564951748,0.7545797314860041,-0.0313372899271401,0.6219345150454986,-0.2219780224432551,0.8929952119024254,-2.256575901566488,1.1354363339855618,-0.6489631441303688,322.47,0,Genuine
104488,0.9216347183538476,-0.4288429356304376,1.8739174210300356,-2.412113905050417,0.6098515437996151,0.8379178537723022,-0.9840177162637418,-0.1037342362013582,-0.969136487787868,-0.4416674712172959,0.3746847839326906,-0.1645579096705689,-1.2169996327947623,1.04298096247151,-1.0078690013994691,0.9257525637036188,0.1810529685440565,-0.3189299729500246,-0.6828914221094988,-0.1198420832744947,-1.820334109727103,-0.1792625356704758,-1.8089758751909168,1.2556416274229565,0.8879790489891717,-0.7221872976094185,1.7127872158456794,0.916546688628886,4150.8,0,Genuine
22662,0.0636332403685551,-1.327936513768452,-0.3144060115535965,1.076387539608866,0.4947251804539964,-0.7611632412653166,0.2864003761815336,-0.8394323980262596,0.1405819171839538,0.08973696015192,1.0049217190497606,-1.0928823142542785,-0.7937483330446092,-0.8052958126562947,-0.6446296339028974,0.4833291810665003,-0.154988602287564,-1.4223878378744623,0.0908879468533954,0.6714307632261566,0.398356367619162,-0.1574790388783444,-0.0943808507051464,0.0721031364835249,-0.9007639467720618,-1.0237428590640312,0.5597426758175398,2.168676557635321,2847.15,1,Fraud
8392,0.9515140629429538,1.0831785970562564,0.9582884297050016,-0.1420898750896654,0.0444072127863565,0.1098159288420411,1.893475058088028,-0.397761891346851,-0.4197676934168404,0.596335728443669,1.5972578104763115,-0.5361858434404991,0.4691051698990788,-0.3328502650017941,-1.876832025502892,-0.2770737715581758,-0.1450424301298643,-0.3337332612217605,-1.5789654194552851,1.1027144902793022,1.496789221332549,-0.3270196453580672,-0.7619188983936586,0.6238035349605079,-0.6805400136638502,1.1628579672542034,1.0890929003290035,1.319429700237557,277.37,1,Fraud
30535,1.222203346207937,0.7367577554410882,1.3899553668878235,-2.273950209236545,0.2738572803991251,-0.7803593809454268,1.5824806293245608,0.7534699617688799,-1.0065785663268685,0.9563160394580482,1.4855118868654729,-0.1983463359180579,-0.5878988956536116,-0.2661862323103648,-1.189303331802568,0.1336498044724655,-0.6570794376904858,0.1756964996257423,0.8353420373092817,-1.6915862561957624,-0.3811577182170085,-1.3615483417500218,1.4455705197901694,-0.6069417910313863,-1.2849110302941795,-1.2033761563309424,0.4320168140672735,-0.7244704940210239,2255.03,0,Genuine
113569,-2.174323564086647,-0.5669609755532439,-1.5070719231783871,2.134962939679395,-1.2876321964455335,0.9591516765490222,-1.406078693237423,-0.717736704047605,-0.727711453968096,1.4796426959421554,-2.041361596067978,0.0639504750858116,-0.1411117867992325,-0.6610851291537564,-1.1026229632426676,-0.3764506760028432,0.0944418195172386,-0.0252100904484464,1.3275001293482442,-0.4067793376100245,0.2421984963211301,0.953348561334727,1.5127887082500175,-0.2538251168905533,0.5103841826216673,0.5541576227454512,1.0562439202285097,1.0312920220419113,2172.58,0,Genuine
52256,-0.770522210834103,0.0697792134987978,-0.5124070871596969,1.241392331313189,0.3813612813584527,-0.2883618812235662,-1.4431812234682382,-0.0337060946625239,-2.051259705080245,-0.2348632676409977,0.0980579124678771,0.3920636119749427,1.4530510986372605,-0.4273840356570638,0.84530498055513,-0.2243023727476552,-1.181386393400547,1.7525568276266,0.389544432329626,0.3790678965044464,0.1010298222449464,-0.6339039467738709,0.8904516613625614,1.0846764860853386,-2.58158716441318,-0.289623277147407,-0.484638213735727,0.9249860772417398,731.26,1,Fraud
89135,-0.6240292936405436,1.042019483162937,2.220018734423264,-0.3489820510683352,-0.1008853755460704,0.8457968563572118,-1.6995364397999482,0.4728831351627392,0.7483468268936336,-0.3993080991380839,0.9125158644180872,-1.80585241399886,-0.3520373353552419,-0.6617258398621126,0.8444036299568526,-0.1875110472153149,0.7472525563756606,0.6709867355084304,-1.0353879673955084,0.9205975741760816,1.043319014479797,-0.467752243509841,0.9473631249465708,-1.9643598612288375,0.223211812854682,1.082951185520488,-0.8673352072334776,0.0631478492028108,2102.44,0,Genuine
127478,2.571372359688783,-0.4570383358623969,-0.3010361101209038,-0.842497491366701,-0.6790431825585895,0.4353298362643412,-1.1369794537503213,-0.6418628560530267,1.4022612537480246,-1.913916699196334,1.6997867310212402,0.3951759592248119,2.0213161425701083,0.1246342019944168,2.129481628141108,-1.770135539636879,-0.2285379813317041,0.973602688548322,1.6152966716385595,0.2435408252130967,0.1061210979174544,0.0790654544265087,-0.6498675248349699,0.700447568989398,-0.7638182024601405,0.2289067758508704,-0.6592546059214474,0.8972773534589306,1414.75,0,Genuine
35222,0.1490053669003242,-0.3018845051905517,-2.9289513647010974,0.4031912107605219,-1.532506273930319,-0.7937924840588386,0.25159246876863,-1.7644057207650516,-0.2674661170411173,2.041711491414814,0.6409866111852341,-1.7254962211933793,0.7399146447350233,-0.5864427181502997,0.240326832859787,0.0274010744860784,-0.9620210412154498,0.5401656961164798,2.03041629208066,1.3966433875591446,-0.3427143409026287,-1.1155529888714744,0.716954826589438,0.379521006043499,-0.9843067524714438,-0.6455015500568129,-0.2754082472253742,0.7607233560932616,3500.01,1,Fraud
77373,0.8125605963630642,0.2436325000073736,-0.1209618103867223,0.2023268148841412,0.0269611561863519,0.5018591903955252,-0.5566942751699251,-1.0713854638531022,0.0290620873943112,0.3609640972333187,-0.8591862978604515,0.4315334785915829,-0.931374301809728,0.4270924607622362,-0.4838860253828175,0.3183412130110453,-1.2764413352958714,0.1626389597601645,-0.4318760465588382,-0.5341713413477687,-1.519207876299257,-0.4990797587059835,-1.379383271121285,1.6610229075121574,-1.8781154909321416,-0.7744419403791802,0.8155728596147274,1.2473560016863643,28.45,0,Genuine
123684,-1.8806917692745115,-0.459091063554586,1.124625499115862,0.5420899248003734,0.3569598962178099,-0.6635690580127322,-0.8386700358846094,-0.8587665088729738,-0.295857840405859,0.7518080657722095,-0.727012868436912,-0.2133109544484559,-0.4763536144787597,-0.5901084061327401,0.011971847763763,2.461493490733302,-0.1319007827778658,0.4548134888819476,0.445460924086223,-1.2348774776631997,0.0942457641863418,1.916493018490244,-1.5141637265793166,1.0060978822312292,-0.8862318657461025,-0.4416941784902326,1.6490190333294674,0.5788328075924252,532.77,0,Genuine
10965,0.1432154524975215,0.8570919969870224,0.006510436800896,-0.8396202732550483,-1.7024818017065877,0.0641280938399736,1.0391097675164518,-0.2288273058566412,-0.8200912815300638,0.5557288749126208,-0.6990317609294159,1.0914598464126517,-1.2626428850405529,0.6467405786976876,-0.1692267604706495,0.4398830953884688,-0.0971169994664276,-1.9841250753311428,0.816673615420092,0.7946870472074414,-0.0698126908129685,0.3367343646897759,-0.1054811599024254,0.1768537951011802,1.4298091698505864,-3.091995551931499,-0.6051529556117539,0.7548103721607259,4593.33,0,Genuine
24538,0.9782929821162576,-0.1689007803074379,0.7153639468006338,1.097772020971633,0.0184860706564298,-0.3065943614897998,0.5300931190876267,0.0442996613952773,0.7049028602108764,0.0495348828759994,0.3075188812506088,-0.6744730893709083,0.6374563999301467,-0.6116845805072847,-0.631719294329672,-0.6529160807078161,-0.5180641706390695,-0.2603692221438984,0.7873776097103773,-0.1129986323917323,-2.0345660555223195,-0.8578028261655085,0.5301960611047812,-1.2718397660012517,-0.7191976622153211,1.7705229879106346,2.528334864830002,-1.020327478798285,2167.23,1,Fraud
108066,0.861965085060156,-0.784035874993974,0.9382219976557318,-0.4734621231755493,0.1222397518484955,0.8999118663887735,-1.704702627153812,0.8237012973771113,0.3190683251516147,0.350352580503362,-0.4798220516244541,0.7808400104737139,1.3245145970885108,0.6057362818942008,0.3199223812431435,-1.6408127395761454,0.5024040902838255,-1.3977692526995082,0.0481944544891063,-0.8377864907783265,-1.0066421969642496,-2.081339715331661,0.5981351871645786,-0.5805815128720897,0.4198079209510378,1.3138925258536394,-0.2225629326585816,-0.0021259443313305,881.73,0,Genuine
113252,0.6233994389163516,0.6086388298739945,-0.3549374514322821,0.680765748655567,-0.5542295431476606,0.5403222707374178,0.9817246742096356,-1.227256008664707,-2.912134379379116,-0.5596624491842519,-3.04466216507312,-1.1673932249588237,-0.3583938396108934,-0.8485912663189409,0.1933552236505754,-1.0563034191355287,0.3484424710564096,-1.179948070647568,1.7978739795210186,1.7084177810813173,-0.5976355802010284,1.001394242932492,-1.257021668739951,-0.2269201862467067,-1.0908813700906828,0.0680219710714494,0.0195114768392356,-0.7498883002590879,3966.34,1,Fraud
139182,0.0130005064951255,-1.1421306494313468,-0.519392986414376,-0.7969392604570241,0.3798382023951742,-0.0307215486047423,0.5060347224620386,0.6782868707071752,-1.0346107474091155,-0.3020986507394935,-1.178289013928438,0.1058878675930716,-1.861394753942005,0.8853625426112812,-0.0825813356063853,-0.4992909084863701,0.0567733307807948,1.1936227854251766,-1.5652955334061092,0.7468830686662391,-0.5974272614471297,-1.0120832791929004,-1.5515720647129283,1.4920246949577296,1.0259260648241924,0.9396183483653008,0.2865400168770599,1.195459526109007,4258.11,0,Genuine
158338,0.0615686206254509,2.0148785611242137,0.1534409759542716,2.6481439857534865,-0.1326624162773197,-0.685711777155661,0.5282632580303724,-0.3709235111498015,-2.053061249564026,-0.9502058003628824,-0.4442491215191288,-2.0380009695523884,0.3604697699639457,-1.7780249658410583,-0.2942890942957355,-0.4814592088989443,-0.9259613005146852,-1.0765419885749057,-1.5524907198977282,0.6511483113053187,-0.0282172158219635,-0.542869759903303,-0.4515471016216991,0.8007672066228873,0.6050464857777307,-0.0362534362709857,-0.6309746970677788,-1.3580744261770747,1056.86,1,Fraud
98806,-1.6932661747097897,1.5824963635802023,0.1777789229298809,0.6955233489652584,0.2831710053363637,-1.2689914898307182,-0.5704740239305688,-1.7855472988818477,1.5554143453885827,1.5572439637235584,-1.3624824899215435,0.8830629612037807,-0.8619828965717148,-0.0058463050498485,0.631901467646787,-0.2374270014077138,-0.7400140491692955,-1.323656732069987,-0.0156847496709797,1.5932765056743543,-0.1097718156231633,-0.4162342819624995,-0.8764111862785643,-0.7950334779558542,-0.2277474764315815,0.4363144015311577,-0.5001275604013893,-2.18843487714249,3568.29,0,Genuine
137982,-0.9005328851871436,0.5134954769210153,0.0540768198469713,2.8842322765736466,0.5342469328750559,0.1356564192906978,-0.1873041797948902,0.0135736593842049,-0.1718287724457393,0.5614810098963533,-1.213529448090802,1.726873403339546,-0.7106690191120586,-0.5671509901316188,-0.5537416231177833,-0.4023075770986378,-1.396590225127852,0.3895795891281771,1.7435628072439189,-0.3870870333443783,-0.0627547942485915,-0.9131293062833468,0.6120175665469741,0.4028091059703823,0.2317459786403466,0.9869037427541568,-0.304260480889343,-1.4158814739573864,3076.06,0,Genuine
110989,0.2309439563881636,0.4293310218199019,0.0951565226824642,0.8276019763260464,0.5348069061505235,-0.6322908931517588,-1.9727215281971169,1.3162675514999682,0.2407015616962793,1.97617258025432,2.050970630490695,-0.6982222224737515,0.3115271660604413,-0.0461813209425798,-0.403158727414569,-0.230900074805493,-0.1913702218541751,-0.0686791871938726,1.159693204342042,1.413448735616474,2.259583629909516,-0.0762363132783017,-1.0128623433179056,-0.4587670158298569,0.3175992790739987,-0.238450407969941,-1.1745143744234656,-0.2277674295460395,3725.54,0,Genuine
90982,-0.7159758069262055,0.3824414178192984,-0.7485461346207379,-0.561464356868684,1.016820493446502,-1.877996157573825,0.8669866725346252,0.883114551658483,-0.3532951350802237,2.2963832459454188,-0.0086218941643966,0.122630566981315,1.2319841203194344,-1.1859887865917085,0.4750827309680777,-0.422309525547606,0.5607418070181828,0.4462644519645967,-1.4933273559130715,0.4185108467888582,-0.4414244948749924,-0.5514111820985096,1.9443020880440447,-0.6458176011415537,-1.0010203650894056,0.7739623697604485,-0.8196845473029545,-2.023558266615797,3939.7,0,Genuine
121626,0.6888382470327847,-0.4890947859189071,0.750286910080948,0.829380793589196,0.33832518878458,-1.3300285409962505,-0.9989270113013152,-0.0762704110220673,1.1026967262900866,-1.404156239617249,-0.3861147093784922,0.4438379247952005,0.7395017281203867,-0.1945969364005719,1.0114797140615046,0.0184157382329761,-1.2110685367744205,1.755905354109368,2.843449814423225,-0.5896468418972118,-0.8693708018429821,0.6111337683260756,0.3623602063444147,0.6285690385931884,-0.8134347809209731,-1.7967075310398484,-0.0772527501608447,-1.8929684329169791,3305.02,1,Fraud
119176,0.4667825502648624,0.2973096456808423,0.5992319471129663,0.9005778181932164,-0.4770407407768207,1.625875305541717,-0.870629031093944,1.1257706161287506,0.860705172594434,0.9852283728730374,0.6673434277253707,-1.55025499715261,0.4295009882938176,-1.1093536531710466,0.9201377987979706,-0.903399794828188,-0.5611595488182967,0.5727586956170508,0.554343296694595,-0.0069922505038638,1.566994199662594,0.1405516976517954,-0.1469265224740108,-0.1444118407257329,0.9179144432901624,0.2145730542786069,-0.4064890267763072,0.6649249229081393,4781.13,1,Fraud
131278,1.3673702547219937,-0.9231326104578484,-1.336008366635458,0.3733241444977625,-0.647790044753197,-0.6599763849894453,-0.8841412943597168,0.1922226805473047,-0.2154791830205155,-1.3579636770304349,1.1460694226503847,-0.7491066967902441,-0.157252102586544,-0.2381704066155064,-0.2595863188390581,-1.2587701549090833,-0.0528982543738317,-1.5506099091513506,-1.1522195039229228,0.1865844744793248,1.463941710829485,1.4321285401575012,-1.147328978554489,-1.1642614235079336,1.5466717445532423,-0.0144037251341552,-0.6485712948049117,-1.393028163378425,4321.27,1,Fraud
122409,0.9582538261525708,0.5038184184401812,-0.3891623170859671,0.6303924720320564,-1.0633087528686225,1.0821627775104017,1.800401116903819,0.9811888278224382,1.7179930556752252,0.1774174884644498,2.240615664455086,-0.8110098186374864,-1.320435961655605,-0.3311519377737594,-1.264347531961679,-0.2380614886326664,0.5592436916184337,0.932897153245698,-0.0921212660845565,1.112716223023157,-1.0822200395329136,1.452351841547295,-1.3211285042650711,0.8269320257302971,0.1468455265490272,-0.3401583237756344,1.0251945631019652,1.0049605026002704,1145.63,0,Genuine
23419,0.2272614091345679,0.8678469430312954,0.0930798725394465,0.7617271294076756,0.151179643112906,-0.3566497271982808,-0.6687040647622869,-1.6616023349688018,0.1853181422328738,0.3147294698595289,1.7053730180301083,2.4070636504352976,0.3479421169986218,0.3299228067842722,-0.2894906304959442,0.4339616425226411,-1.476898910427778,-0.2199240496682604,0.9671451917448572,-1.3500112987265378,1.2134276923090308,-0.9548168894277396,-0.320917241731262,0.1520016627968231,0.6926207493478533,-0.2067041702424028,-1.7510799009898073,-1.3219174866196517,4567.92,0,Genuine
50015,0.7479804340619159,-0.3780861009833345,-0.5343130022761744,-0.9936810107657416,1.3213117146525233,1.2395776351608137,0.942260273543723,-1.2496728152602647,-1.4601250751388215,-1.2871661491075568,0.4348088296250044,1.0458023643603604,0.7177299646924882,0.0658093134165455,0.0735054074686597,-1.1190384354636338,2.2198981677235103,0.1679452263799662,1.252475370981931,-1.748468667464508,-1.8466721206574968,-0.3270152032628261,-0.5788403200820791,-0.366353896234063,1.204511787780645,-0.2419293463679659,0.5851649465310053,-2.1367621879081797,1798.63,0,Genuine
122096,1.005102162299656,-0.5951017941547194,0.6373719775877937,-1.0648584047299523,-0.3584526059871502,1.167164017474378,-0.0239921048827817,0.7290359855727196,0.10001873751356,-0.7375183355411122,-1.5328079003432058,-0.2170828649161017,-0.5950823465595872,1.878302393604953,-1.1142233592380968,-0.5745993024745167,0.7526035239062252,-1.6534105610591865,-0.0659761718973296,-0.7875615963342825,2.8703897166468657,2.1543057473763203,-1.7318286396828535,1.4924703775646744,-0.3246983707720314,1.107998346807953,0.1509843703595649,-1.0287582598365008,3632.98,0,Genuine
107059,-0.5074372859079823,-1.2124770246479095,-0.0668825384571377,-0.7942169986144335,0.4496082477099598,-0.8256954269006574,-0.8291097134354792,1.5392824943448236,0.5174406577262857,0.3603514757763441,-1.0024823814069894,0.7790407440340077,-0.3663634620291128,-0.5099347554150004,-0.308096058023688,-0.1461452453986719,-0.5990541802921537,0.5032514745275087,0.5221644883672146,-0.0677356337130667,1.7828379644761645,-1.1584594930218473,1.3716329815284012,1.064124191470276,-0.0765279185581239,-0.0582293086240944,0.2832991896057172,-1.28812036002889,4240.2,0,Genuine
110687,-0.329330998319802,1.457955233565691,0.1690725294551869,0.1275423943705102,-0.7522800045151605,-1.987975666807605,-1.0104000532796975,0.4172957309125057,-0.1332247525482743,0.17630069904063,-0.4018584466748136,0.2112495177087188,1.110051924183237,-0.1326286427710392,1.2070990456621775,-0.1702939397418988,-1.070346370480293,-1.3014747434858014,-0.1247818439371879,0.7144327744527936,0.5319346697351314,0.7976252851784691,-1.1052196473925566,0.1215976517582679,0.7143428348796169,2.821302969483965,-1.2277845123218236,-1.2932092477877717,2182.42,0,Genuine
87939,-0.0968260373934107,-0.5156640338422114,-0.4007093074830732,-0.2231711714734202,0.1948049151606344,-1.9033204770303205,-0.6288560874839918,-0.4973368733758023,-0.4114830452429623,-1.0183715631345185,0.5065632050693992,0.5930372739297485,-0.3924755199501522,3.1843065686094505,0.1474792456227773,0.7528471825316089,0.2836634016546075,0.5342493441352858,-0.0658510271512003,-0.4578336501557658,0.8585704212613319,0.54799788193632,0.3526135710416413,-1.711939007369041,2.183473124197588,-0.9395163762847094,-0.555099077904743,-0.1095282981579935,258.49,0,Genuine
149213,-0.4755305441643494,-0.1987390360166231,-1.9932188234106147,-0.9755705659229488,1.25934712807444,-0.8086615039557069,-0.074461406775874,-0.8505158585732895,1.7643613162299692,-0.6980310959397035,0.0943165212784311,-1.0535141612473249,-0.2705606487430254,-0.223551929796677,-0.5405898131982003,0.939828868835869,0.4719493304674794,-0.7228648046503318,0.7247879783265484,0.4171446595971331,0.4437168191640361,-0.848949721308355,0.442205193626651,1.110524099745832,0.749174430076065,0.5547035384877921,0.3917440989203353,0.1702354317447147,4748.36,0,Genuine
105878,1.0156869450634842,0.3001555849957256,-2.0503483215624496,0.7753142105196469,0.6862479733319425,1.8896344255575412,0.6017371063881742,-0.315315163594808,-1.1858624587153284,-1.491440288483909,-1.473026738578449,1.3733763918793327,-0.0883998119935907,0.9532213689172762,0.0288389094618892,0.2220198945812542,-0.9902672851364672,0.7221643586571564,1.4407145977727898,1.6031379318267798,-0.6590307026480996,-0.8006988115497597,-1.6188443144760258,-0.4834211045580958,0.303600873557206,0.8948563287343828,-0.5406902059406098,1.3821848656724691,363.33,0,Genuine
164899,-0.6273105416773042,0.2822076428899346,0.5896095466920274,0.2830448201364797,-1.5708120331391568,-0.4105620749225392,-0.470991679490416,1.2136369917167649,-2.76371382510995,-1.2029235458231364,-1.6517510276705176,-0.7677403912703412,0.6655575829394212,0.5765498614526635,0.0837467828967121,1.209418301015628,-1.1141232456536754,-1.295055125405176,-1.1374630697891297,-1.6992690809506257,1.1956632738696098,1.844943862201444,-0.3847157165843164,-0.1578711195388189,-0.5870197851311048,-0.3895817347164097,-1.5365489202714735,-0.3626424309141103,1741.2,0,Genuine
62623,1.2516514713998244,0.7465600956810698,0.2669120764893941,0.1689289913708541,0.5706948160355445,0.1452439500734544,-0.5084117417803196,-0.3425270382873943,1.619054030929845,-0.371420411513475,0.2590080535837397,-0.7159720254184325,0.2933312042382264,2.3347795202912285,-0.3733508816489043,-0.3690222813676206,-0.893446692171179,-1.560768226696691,-0.23278744511684,-0.1360393126160801,1.3561579008427909,1.8249526232768,-1.4096330910885553,-0.302726989404869,-0.0579837784926872,-1.2135174364205437,-0.2692218677681786,0.2865678502677105,2982.64,1,Fraud
75450,-0.3669731988803826,-0.3793299198383287,0.4386622063510846,-0.2579893051739355,0.616225778793552,1.30333686620339,-0.881155144902074,1.047761241387419,-1.2260473960896476,0.9874531126976818,0.1200405503494209,0.5902271817774498,0.2192630004479981,-1.4306457176376344,0.772379835166608,0.8401983025554061,0.0645139275616102,-0.5413882147070407,-0.6019367621890407,2.4194662369729167,-0.7272561961869696,0.4299156404231045,0.4075987647806466,-1.2956115189903146,0.6875205612915242,-0.4515276523391059,-0.1909966743577628,-1.3292075613936625,588.57,0,Genuine
93426,0.4723966428393581,-1.138667938470913,0.1344728420629131,-0.378228102365573,0.1734869732270887,0.1103213631116881,-1.194042141460223,0.6525731254545449,-0.2866180384982139,1.1142330745223,-0.2098768676115099,0.3457607517434657,1.517869313002281,-1.5445807167855237,-1.8284019338152933,-0.613012820812323,0.0771865108157879,0.2663197017955302,-1.0080045339099155,-0.7107192704878121,-0.0320055660458268,-1.3862043258416368,0.0625168975360404,0.4525061605929027,0.5807050779215729,-1.3210558635317502,0.7292498293802775,-0.9077595931134316,4191.19,0,Genuine
117845,0.1664151487628883,-1.313665308972316,0.2145674033735145,-0.8413311618089765,0.6675221127023412,0.0758910385207747,-1.2776910197522622,1.7139258004269935,-0.3774321550622496,1.833436695380062,0.4829260540400925,0.0231567360706089,-0.4095189233776805,-1.1178796213925843,0.4717610797705814,0.2960134252276248,2.1643308492002387,-1.14515780254648,-1.059042083185782,-0.8168863934497188,-1.2331813058243255,1.25685786970589,-0.0772823777268374,-0.8426702433100854,-0.5995506518703688,-0.8235315730023285,1.1358459903636846,1.3002041050841668,1017.91,0,Genuine
153371,-0.9759798082916668,-0.5792552328428465,0.9690233736187882,0.9337402925373378,-0.8335020397175382,0.6226631939451467,0.9880289179396008,0.2002618715365074,1.2317484906985203,0.4242641851560456,1.246812460894594,0.8396000835400406,-0.9505339031206822,0.1727791090205051,-0.5731473386216588,0.6441228739601836,-2.164934575218884,0.2038307340527654,0.0249509817001417,0.5210617563176024,-0.0476484323030921,-1.3904352947766994,-0.8201722937007496,0.4006868268411451,1.3099987882333233,0.3871492780586508,0.1380691413746408,1.404644256514729,4930.03,0,Genuine
43585,-0.0198897294907904,-0.951850474674624,0.4446193724014123,-0.7034928816531866,0.063263154804086,0.2889697555099871,-0.5288390846208721,-0.0495963611820413,1.434856379626868,0.1882830677166929,0.3100689366658237,-1.1610552387535875,1.02209805474595,-1.003402313333997,1.0457045080533052,0.0561459439509539,-0.6716999754284789,0.8744061894903906,-1.072559970994274,-0.529761913250804,-0.2676128042894402,0.7151990253065201,1.181036727195848,-0.9360732156356484,1.311131176837637,2.590029510847573,0.4368397693036757,1.5874548283531422,4582.25,0,Genuine
109225,0.3336435314505972,-0.3036167053077582,1.0409093503061129,0.2093904666928167,1.1101739409381015,-0.0994671050034849,-0.4402758995557659,1.097672105680268,-1.2923754541051926,0.4951463409966384,-0.9416503547975966,1.8443535466753709,0.2309316001411999,-2.1334418595725504,-1.2746422192506264,-0.9649947152032492,-0.5291627146309935,-1.3236060324327306,-1.106465483627436,1.0757848673533517,1.2524888019768563,-1.6192622741401008,-0.3778291788834529,-0.4543429191834132,-0.1109538848468092,1.7355664044526709,1.0556553240547195,-0.1257388173848228,3023.18,0,Genuine
64044,-0.0642926871104979,1.3075788107599826,0.1714618412265972,1.6620103962720332,1.0199494834663676,-0.7214493431974422,-0.6666125829808521,-0.9352627952980184,1.3569096281854005,0.485556017229915,1.915219635669948,-0.5006552180457592,-0.5892461965600506,-0.924357635084304,0.9385760925455332,-1.6725563711984652,0.4864662630711951,0.2053739965175697,-0.1793523936018766,2.4750849056284,1.6008407333135044,0.0076185033865739,-1.4773471203367166,0.3651165685632077,0.2802264081918413,-0.6080226361889447,-0.1879264686269227,-1.3243270227196096,3300.39,1,Fraud
109556,-1.342706558506284,-0.3772782058836889,-0.300381740519771,-0.3322577446893506,0.5480449740059711,0.0784888908654562,-0.3168562899276236,-0.4440169771109373,1.3384103162161816,-1.6165136005286993,-0.1763084826233389,-0.0884111371528598,-0.3598654137797669,0.3685833404780923,-0.7892679332354385,0.5569106605483044,0.5266708563360242,0.5397839669036788,-0.9794476170247224,0.0747331805399968,-1.0636578380838764,0.8849807829023898,-0.9442919707875292,0.1235585107599072,-0.6407690643003722,0.9456630645670078,0.5415459295101481,-0.7812915350061337,2668.5,0,Genuine
2693,1.7014292435261715,-0.3776508613345567,0.1942028621562458,0.9607021407191944,-0.882995223500883,1.0943997970831405,0.3710741743234341,-1.680004745529848,0.0193549409249702,1.8888733875541064,0.0499976329275267,1.8598267617926092,-1.2739300271305345,-0.903595539019649,0.3219859116191157,-0.2730232962191978,-0.1995939354110886,-0.1928788826812376,0.5085943130667105,2.737700468240538,0.7691374147371076,-2.8253584110314343,-2.0071055540265887,0.6217041722317149,-0.8086855314165222,-0.3636204912986858,-1.419615303892188,-0.3278189244891331,1956.13,0,Genuine
95259,0.0876994828617361,-0.0163987762557884,-0.8361778814872968,0.568709016035673,-1.0404637706192783,1.782004586998721,-0.4868808211696219,-1.2543245590479954,0.9325425553198584,-1.930938981961936,-0.6536580383262969,-0.7094400401567997,0.2316801827881526,1.1424121350646737,-0.4649998703155087,-0.2029097422815472,1.5108704077340425,-0.0824837612858637,-0.4791458140072504,-0.4529363342008369,0.8796580723794442,-0.528379110451363,-0.654345810735129,0.6972207850203683,0.3471048855855287,-0.8700506358128373,-0.5625420413334737,-0.5651574533553316,1759.19,0,Genuine
25939,-0.7943025751635218,-0.4056249912120662,-0.3798469289119089,0.3114675632610535,0.1145436744433542,0.2922766415689101,0.1807398874305708,1.9233718797298096,1.032829953944756,1.1487623963785467,-1.0744135486632826,1.023042502522681,-1.461421035972264,-1.1253847387385107,1.1272097320929404,1.5001089481737746,-1.1161396928241294,-1.4088955350875951,-1.1945150389016288,-0.1676307649015443,-1.7478673672780605,0.1533119506780632,-0.9090538383338208,1.3323282738414042,-0.7805027419167028,-0.0827088269883631,1.714167329470664,0.1133221300196112,4458.38,0,Genuine
152906,1.6207680234672743,-0.067391235718194,0.1775713086400369,0.4303484419047528,0.1807742387258404,0.7551611350959729,1.41820848949764,0.6923145736406997,-0.2524278512258994,0.0563869783317007,-0.9929943535717296,-0.2143219281976479,0.6820280576307965,0.0141439460251005,-0.1910801956401139,-0.9462287600361824,-0.6959239270911106,0.4374559510423428,2.3257203986927086,-0.9598504767890425,0.9650050713526388,-0.3441804465089908,0.6945782643715819,-0.0007448150565166,0.6484807900912738,-2.188155772043101,1.024340743109397,0.7512814535905827,2883.52,0,Genuine
18047,0.6173898097203253,0.5408692224813465,0.1643183319010117,-0.0949065692709303,-0.1003717722772566,0.2697307071628119,-0.8196640161872062,-1.3707015829729348,-0.1575665575503215,-1.0894971921547871,-1.2127942470685584,-0.8418345689940653,-0.5224007153542928,-0.3909250974041413,-0.723059964712438,0.7403525470606521,-1.3155065682935017,0.0612130720667473,-2.1327580890341657,-0.4501232058367543,-1.4781218903908415,-0.6710745754265349,0.5722275445371227,1.206979138009205,-0.3970594371148009,-1.680703993898314,0.8357727806472125,-1.029008183944942,4116.65,1,Fraud
26105,-1.2001699964016093,0.884751054763314,-0.1064188800029884,0.0347759687934404,-0.8047849781966527,-0.0873293644036027,-0.4394682699902088,1.194828994627055,0.5893280470744221,0.5313744300719089,-3.0099410802239155,-0.3837391923654692,-1.3940308017080008,0.1884801584925004,1.3990997448075744,-0.7377121310521915,-0.1466045580097476,0.1506664976951711,0.8563046495566794,-0.2387027265017893,-0.5112224206052018,-0.1334754693425547,0.2126605503596663,-0.3224049040155275,1.0501643008239094,0.9130677677337052,-0.8861945520848064,1.9174954735057912,2570.84,0,Genuine
75766,-1.0444947463998786,1.0032131997390237,-1.3881847101742066,-0.5481139482257246,0.4369610753903937,0.5142570786126844,0.6410602694118086,-0.7036975461953431,-1.628524966635811,-0.1181386049017058,-0.1562597255234347,0.5662801967721954,1.0972487866912182,0.2888541489346358,-0.2801482316237037,-0.1773071491933229,-0.3317109053920471,2.0646746505847577,0.3461011449480532,0.4139868269591313,-0.901010097134983,1.037523823136868,0.9471208979691632,0.7778622063985242,-0.0856111925958513,1.36392915380628,-1.5234339760699116,0.0744704587194639,1535.82,0,Genuine
146779,-0.2223947198878423,2.05685222073102,0.6364095464207143,0.0414571211340888,0.1101653486945414,1.1893328343124845,1.4972961671819256,0.640950608333397,-0.3538066665145887,-0.6825379961408232,1.1023488554957632,1.0142663297577352,2.2563943877799755,1.5851963453903146,0.5217820386542978,-1.0859014793604784,0.7862375031344379,-0.2066655761926958,-0.4847451306801109,-1.246070564039077,-1.571114525558216,1.3689549069789255,-1.1784031370345591,1.1235639658288636,-1.9233998277040285,-2.490012687966044,-0.9584784952433736,1.3578844779772572,459.71,0,Genuine
153048,0.2973069788498224,0.5693594461724379,0.8342284065995492,-0.5852259957834971,0.2898243165504734,-0.8863618360191453,-1.2423102778762012,0.6260136043956713,-1.2003587463033485,-1.3814776637810224,-0.984312433426698,0.2256059199178341,0.4373205088385833,0.6898459638191803,0.939044369269454,-0.7446916481612371,1.853497473950876,0.3226540530214312,-0.907714275187488,-0.5175416801267982,1.103791710404136,0.7050211646736846,0.3183201883362191,1.1197975671452316,-0.3721507152916815,1.4573485986484127,0.1032739726547738,0.4234244931392341,1619.16,0,Genuine
44262,0.6227998314639218,2.234478901349309,1.6436904952522386,1.0056550930765973,0.5934337596241102,-1.4513967023129088,-1.7008040248478322,1.664990700082699,1.4235782029990198,-1.46550712902393,2.5594878894527247,-1.5979436518851875,-0.2854208362774691,-0.4207662994127203,-0.8794928094299472,0.4132435417166508,1.49055073179147,1.2881121438567549,1.7284196662346876,-0.4921910156194296,-0.9422023678264044,1.553361261214368,-1.4380031714560175,-1.458809671492384,0.1068723062106468,1.1586184446949146,0.5311614210872876,2.156195307595132,4400.71,1,Fraud
125117,0.9501784795285676,-0.7764818080596431,0.4417759965887311,-1.699497428678444,-0.2736497876780127,-0.5330082496364661,-0.0006063508722915,-0.5377297505004549,-0.3655826245023269,-0.6109112994492002,1.3863778072806072,0.6355316496618255,-0.9600683448170698,0.6128627402483418,0.4219462849837819,1.2939954792739714,-1.2228374653560667,-0.0482939550401443,2.123894714405116,0.8935448909722166,-0.3962901449371483,-0.534780570950766,-0.4768453606171728,-3.144962322964376,-1.7337482292276398,-0.3486320805156954,1.5840432357102392,-1.163138845226804,3560.09,0,Genuine
23776,0.5395724064001427,2.091284902424585,0.0014618341914829,0.4810532911254823,-0.4887583773794366,0.2116619432997037,-0.1038768969718045,-0.7402293871800347,0.2763737230933523,-0.38698811770888,-0.0182238344707214,-0.142131834615931,0.2618346121051187,0.7502483033859031,0.557184815867792,0.423503306234518,0.0533598645256753,-0.7165773779361757,-0.2928102293815506,0.1166446023056402,-0.0068208385507454,0.5967846571944206,0.3411852184913015,0.5550810077006411,-1.640922057618132,0.4549906213378288,-1.2049414510125211,-0.513718670529673,3929.36,0,Genuine
161152,1.3467459786409957,-0.3803760542195902,-1.0130295096101498,0.3365867014222797,1.1075653233086231,0.8698716176212316,0.7001692961660986,-2.6890425147584587,-0.2184119359725102,-1.2105425328388018,-1.1110818217112834,-1.1024827668287895,0.6367327633998244,2.044965878741407,-1.5474778262041895,0.3058365829269358,0.7743804779095982,0.3983784193873962,-0.4382355480360761,0.1168241393917901,0.7429875030990788,-1.018846540786131,-0.5317634476585491,0.0025155154849583,-0.1875861195611334,1.817287559917934,-0.5667442724857439,-0.510424669863095,3867.4,0,Genuine
128376,0.1267931596804698,-0.2820189307630354,1.4920178693610555,0.2460159641760336,-0.7573584865301681,-0.9895078248554882,0.5475603466210137,-0.1217731266931719,-0.2834840854582331,0.0384801476469615,-1.5970978812796237,0.3463936203494673,0.0068931514956394,-0.1571332462218808,0.3230592966802488,2.549070205687507,0.6684530096988663,-0.6850073147097533,1.1287461559446743,0.0832564809784193,-0.968633924469716,2.9311244484378483,1.633253821205604,0.2804160894370813,1.0045889523325089,1.2259698378236104,1.632703987224747,0.1828276158297349,600.74,0,Genuine
137848,-0.7596393804782222,-0.1198725474228734,0.2478329768740235,1.0244989488654863,-0.4691741994620076,-2.488576522624811,-0.0339632258742731,0.725329831984233,0.2109662875866208,-1.0681362020645206,-0.113683675189104,1.1338395186471173,0.8954379229934046,-0.0829150529967115,-0.3539097242450353,0.5605655111291652,2.3144179591541523,1.1993402222903706,-0.2460025019076085,-1.7446152084804931,0.487489160883888,0.1001470626949399,-0.348035859723275,0.0916700990036733,0.6313903237119314,0.494084467741758,-1.589489347852559,0.1257469622658724,795.14,0,Genuine
92787,-0.0033508696589735,-0.2186207111587311,0.1933731738254564,-0.2861235900429473,1.2342478154274732,-0.5094486566710162,1.049214853366791,0.8619738352694734,-0.7306436648021343,0.360220720175901,0.0681206468487992,0.0067189479971946,1.5138896877040646,1.312299296282208,1.6201834929313883,-0.9336210272631787,-0.2198222319809296,0.5147192490554946,0.5834546255534319,1.6072811864402905,-0.230979680425666,0.8041069310388166,0.8007884570817237,-0.3392392960930573,-0.0144431608795227,-0.6337351935926501,0.2193904026824477,0.3888495670440196,1586.88,0,Genuine
127948,-0.068980660345792,0.0858403967265031,-0.254056198178852,0.2554338445720498,-0.5470242510096601,-0.1939142256582361,-0.68101765485266,1.2523993796287587,-0.1984823514675726,1.2313793212716568,-0.2043871141264422,0.923332691789261,-1.2596882006566867,-1.998520676266542,0.866119515519332,-1.6832793260130887,0.0780923273772439,-0.8610613357751137,0.5580151256333936,-0.9249384126106732,-1.008074306380936,-1.762464907734634,-0.2645283231364241,0.5725839381675106,-0.8526437618037859,-0.4101349352008436,-1.9241045881322096,0.1399587619559892,1505.84,0,Genuine
55016,-2.578215429662492,-0.5800280024884393,-0.317969566434862,-1.716541888186453,-0.0986176436405598,-1.162273483411438,0.211580792076755,0.2898057419983936,-0.2058429972350879,0.2893743161960752,1.069323120292642,0.4623960344405948,0.2940493017190742,-0.2046379816727528,0.4390767359135323,0.3791497450372029,2.240839274306452,-1.247177960238712,0.0373247663870283,0.8900758695201476,1.020507811606949,0.7813345459121113,0.1316670166103171,0.3389429256796544,-0.9013209769302746,0.6993078975617469,-0.3475821730210163,0.5573576032577703,331.34,0,Genuine
140546,-0.5613668590956585,0.829962173071372,0.6882667340508467,-0.4153168821352231,-0.4119698691130282,-0.7560909288173119,-1.2157072288143198,0.5047811182391668,-0.4232152998682912,-0.0938347909804347,1.4970820962402205,0.4753042948266761,-1.9033319994232245,0.6943331736840567,-2.0413282315401866,-1.4065209736662652,0.4199168815658869,0.1563486999004814,0.1650989355704322,-0.2251721131124553,2.0784560699280106,0.1136992390297671,-0.3650313478335332,-0.1048039845913716,0.6491178883794487,0.5418177458870227,1.9661830182918056,-0.4838706905668534,768.2,0,Genuine
21959,0.3142037329504508,-0.5528350346211797,-1.021440622658592,0.8557364311752241,-1.7832214812837974,0.8672834100869976,-0.042128276175318,0.0681204407136142,0.3910569077452476,-0.5348970378210952,0.4726738915535232,-0.3054869510526363,-0.8140488048248342,1.0472128249557573,0.4449860034006501,-1.0014565736488017,-0.5970962538933867,0.2554983438050457,0.3695938155047825,-0.6114512672429789,0.2039424908709143,0.4641049001940562,0.177145482342816,0.0289378712132834,0.1981862188242827,1.1619109150297675,0.5492424249590311,0.467575631708727,4281.3,1,Fraud
136602,-0.4242155652117862,0.6556103982528916,1.6254318591587802,-1.3391617355364818,-0.1233076520047967,0.0781200695960991,-1.4611316385400317,0.7074548355529011,-0.4469959320144813,1.4460986185752192,0.5264659732545512,0.818696538827341,0.7198639579501417,-2.209351485255981,-0.7609740047478325,0.3033015184149609,-0.9747923270495656,-1.2447498144280529,-1.0885837969728256,1.0437035153137089,-0.6089692269089033,0.0135721820246507,1.7266479547083824,0.6168952781611097,0.8544062240838032,-1.444817411325213,1.324765972594141,2.815009632562306,2945.64,0,Genuine
119101,-0.646209361822999,1.5277236195237645,1.407526457538372,0.1597433670507449,-1.010621763578548,0.3456221186093177,-1.1158435469763004,-0.93424235709999,1.6111149824119573,-0.1935157175257332,-0.3155552621922961,0.914178845430299,-0.0468050753869691,-1.338267571438593,0.8735284720697164,1.0399224875719943,0.2090746175768993,0.7857440479595648,-0.6797321808581289,-1.1936803259791082,-0.7357034358189761,-0.1197971674507089,1.5431577435770778,-0.5941802374726293,1.2040003523538592,0.4449591911215693,0.5457935054826614,0.0045054389146084,1712.07,0,Genuine
3748,0.9113761958045636,-0.3571023698077398,-0.3540615468670893,-0.6775170718837972,0.2545804326435609,-0.3556822316105475,1.70945183748992,-1.4084648309152514,0.6289641080405277,2.490223776779726,-0.0049180750666251,0.7926678402137736,-1.6108984195665206,-2.4926902213340028,-0.1599173575744335,-0.2856949351208236,1.0666046889699603,0.6652505633025415,0.2257612611443361,-1.109073072523648,0.80642530521997,-0.3081485742259179,-0.48716872532434,-1.1117175258488596,-0.4540345719798745,0.7192857585081206,0.5288480319242226,-1.4442855415538771,2632.86,1,Fraud
13545,-0.9165458247754396,0.7943834179791774,-0.8638645658730425,-0.1109869717717349,1.105638510041112,-0.7541104109583259,-1.8245375678555704,-0.828738009441283,-1.3493100547414034,-1.1830358449121268,0.4116334534073499,-0.3137867367237493,1.0499111640103982,0.8729390105255233,-0.5190859400202021,-1.2061361405326994,1.0537626500898174,0.3415628139752872,-0.4542792457131221,0.1574761815684604,0.0135204525431848,-0.0896575779107172,-0.229005330997512,-1.1271354966899507,0.4401190279556772,-0.2421987858069504,-1.6319426974252371,-0.6271042685113112,1307.31,0,Genuine
127659,0.711622650470823,0.5591592889031847,-2.0152059883554143,-0.6176774887615972,-2.214173733173655,-0.3628982294241439,-0.2166516954147601,0.2136237175866568,0.5508779440386216,0.2899072826620902,-0.3167381627661312,0.985079769488608,-0.543233789381639,0.2044566880510981,-0.4366179105960483,-0.1464504386062493,-0.8721492395392422,0.7578079229094944,2.7773526109168185,0.1872473816187777,-1.0623264886827002,1.4682752584572885,0.0508391329680601,-0.5085657927032391,0.5721457102811183,2.382006954054793,2.065147916605809,-0.4595319797521383,2919.63,0,Genuine
165838,-1.3327444707882847,2.25288688221975,-1.2514138724842268,-1.2471956042934305,-0.4069169840002802,0.498880194179692,0.8272151227246681,-1.3004246658052474,-0.6894796975078973,1.412723609968756,0.6608471707994492,0.3863145048095122,0.8508872287581403,1.419013822157574,-0.3702198611982933,-0.2720881547094755,0.1032782860409453,-0.9897135779194186,0.132578499508078,0.8195008174365326,-1.693189688196435,-0.3673832894215471,0.6420870490750772,1.4844443192498515,-0.6974112325891402,-0.864641846033278,1.6304219318114312,-0.8858681226267442,374.08,0,Genuine
73530,2.760761935726184,-0.50483056484495,0.7299114928828743,0.3860033149598008,0.4523232329649811,-1.4913202113412167,2.2213555816894286,-0.6332441596041881,0.1356901754054535,-0.6901363319176066,-1.0561757152377882,-0.972325461427064,0.5126819747349824,0.029167439644189,-1.3472276573139326,0.1176935345646842,-0.4508453983522164,-0.9314352901101262,-1.7381950400485415,0.7165588133811139,0.3812143450569385,2.258783753519518,1.8544853520358375,0.1327694116903693,-0.6450049141056012,-0.0562004739419204,-0.7462757138831378,0.1222202766725705,4513.35,1,Fraud
93557,-0.2156855269012573,0.795071616805784,0.3153418589006538,-0.0495967620247461,-2.1833489184297776,1.6501702598320112,0.1770750417660481,-0.6012942830351659,-0.7311954406273489,-0.2361243499754889,-0.7322022852998263,-0.3814922842799467,-0.8331277810739236,2.240984052644181,-1.2160180289712454,-1.2024968325514074,-0.1479365996037781,-0.2597291173910833,-2.813944318067985,-0.0693551991041559,-1.26533273975487,0.0613768977224208,1.2859427187078802,-0.6790199296969478,0.7227536719795854,0.7309436787699731,1.5314560662887395,0.7990049813038732,1202.99,0,Genuine
61087,-0.3232652892960562,-1.6260110917765531,0.493653565306088,0.6126291196871992,1.3362653604222314,0.5748584956824029,0.2342201260626923,0.7818212109654562,-2.1944038873761773,0.6261465078264342,-1.0469130963437856,-0.5304089742296318,0.8689061178306116,-0.9430303455930448,-0.335483684779733,-0.8371492803108523,0.9055703956018109,-0.6344425894318096,0.8210601356392846,0.1044665098303101,-0.4025668650642804,1.3999670297604738,-0.2667573383880794,0.2023027823408379,0.0017339514241054,0.8634992888837616,1.0642094181054205,-1.3001597310023616,4095.56,1,Fraud
68840,1.1430659028899188,-0.4958584107368129,-1.8455796353241616,0.7944379079988609,0.3798920368034835,-0.5358801042907151,0.0396853817477492,0.6600954605303792,-0.0217334929283938,0.3878902463977857,-0.6686221139754661,-1.98789687951153,0.3186166401994589,-0.3671391361116777,1.555136678050814,1.0235578633747031,-0.0499164110222563,0.5021602520263256,0.1412630812854796,-0.1452675974816255,1.6287133529720277,1.143926105755259,0.4030078023818103,-1.0442906330751995,-0.8728822241037303,-0.2453685534305925,0.6538304914118229,-1.694322181631684,3300.33,1,Fraud
118451,-0.4187048408064489,0.353392837596908,-0.3958156201026642,1.225258737089015,1.0832128219319013,0.8134071178865006,1.0572344046841624,0.0704860922589171,-1.4344157588479596,0.5596990642209763,-0.2872842252900032,1.0034130501783405,0.1750476832688515,0.4128304456964622,0.7144632000109268,0.7612504996794223,0.6524725454393658,0.8055164175122062,1.440680529117953,1.4178421941322017,-0.8311387619302157,-1.5634368812265051,0.2257231376517033,-0.1858339620399359,-0.8191301984003069,-0.247187987203462,0.2126426198941213,2.4739894418570056,2615.51,0,Genuine
51005,1.4549278083256665,1.3931599690897811,1.3672728062820825,0.1334867454426648,-0.5639478631114292,1.222349067073108,0.4317035652378986,0.4510648816375568,0.4197153887313245,1.160258474608265,1.029091136687324,3.101186717683017,-0.4681512240357187,-0.7127537897078842,0.8040047938218388,1.1640872223715195,0.6824275024613679,-0.703487215663686,-0.643999442841971,-0.9820523103403602,1.0536825557988214,-1.3518676674322074,-0.6057665578073144,-0.4104215033829,-1.2838314422288362,0.6987159479012699,-0.1006230040036643,-0.9376870276562352,4649.05,0,Genuine
39353,0.3715938304865265,-1.2259333649842028,-0.0960274053193533,1.2686210246032084,-0.4433207702761909,-0.3303380496024384,-0.5750877867928851,0.4707904439669705,0.1747848258065205,-0.3467541141524911,0.0414321819569923,1.2083479018809355,-1.1027240394794329,0.4171660298228383,1.1972281027897675,-1.850493852070098,-0.6109707908995221,-0.8678040112779463,-0.1205888199379112,0.0316458018535681,-1.0212033402327132,-0.6782307732072272,1.0135443141531253,-1.3232791668370962,-0.3582547880950231,0.4642915703184589,1.740160969678992,1.41343006385868,784.91,0,Genuine
52733,-0.1183979005462292,0.7860906407411105,-1.2722947346239852,-0.9757745073909544,-0.1609363547990694,-0.2165847897650613,1.115511691428727,-0.3636195571329715,-0.6038845439405806,1.4370258981347397,-1.2843077317850848,0.1628593246192235,-0.4186800638050308,-0.1106526829525483,0.2811155809967153,-0.8861305829958052,1.2289338260170082,0.8547979150407607,0.2792133669249159,0.7695246203986692,0.874688174201017,-1.543683705311225,-2.5140172758811663,1.0932305348635185,-1.028907381906001,0.0921015230625212,0.1349290511595812,0.7611410726031054,597.27,0,Genuine
65318,-0.2250059033703753,-0.0632234564829589,-0.1116023308429013,0.9089598292281312,2.13820904755154,1.4934742134730048,-0.462190715847827,-0.5424993063877285,1.825537038023988,-1.7200149493993495,-1.4019604672402262,-0.5158187306290744,-0.4404483466510145,-0.1689222715616827,-0.4566760979103481,0.990909276518504,-1.095236420600197,-0.9819895798429918,-0.1550604765000353,1.109970032284352,0.5751377372298249,-0.4130621859998012,1.0061293591550473,-0.3766266278518152,0.1022240989382071,-1.859918189316048,0.4722434610327404,-0.6035672597962868,1609.98,1,Fraud
154736,1.207592170430262,-1.5215276533923126,-0.7710174183652497,0.4593904163278535,1.3181053604970665,2.1189751469180984,-1.598496120083999,1.536686415622371,-1.2392874673043803,1.0774375455856713,-0.4159975289175934,-0.9250837432291324,0.851618968732709,-0.1252829179108139,-0.410983775992668,0.5923318935934154,-1.2634041111200902,-0.2855568815062732,-0.2377418074352663,-0.6677327347803867,0.4881785988301219,0.0281179555984876,0.4118685977910636,-0.0384344815880319,2.281210346991448,0.1477218396738707,1.657001646943281,-0.7878018163462678,4151.28,0,Genuine
67172,0.230487214603503,0.18158684594879,0.3336790599453971,0.233092652514787,0.1323476995087469,0.0294356575681075,-1.595324541435578,-2.489127804802324,-0.6243376512561662,1.14720568757631,0.8344010299778987,0.1506453788187591,-1.6489845580494338,0.7054000299739952,-0.8257388277899137,0.4073056154421532,-0.4775109378050145,-1.0098805063787477,0.7255987513862029,-0.9705260509107044,-0.6086590651777424,0.6486094667889295,-1.8064588301661648,0.6968140294390138,0.4603517437997634,1.6152709066989652,1.1627691292681996,-0.6045387019862746,176.97,0,Genuine
93264,0.4323087311907701,1.7091612329782118,0.020545378887715,0.4447322341631172,0.2544017716507839,-1.1582143470889743,-0.2010681464246827,-0.7413033689372526,-1.120691582383748,-0.7744703760540411,1.40297694479464,0.9683065132599682,1.470714889966858,-0.3428903816119699,0.8110081035476873,-0.3623881488406251,-0.9750840731985068,-0.5918586050125176,-0.833779534652543,-1.2414435184630914,0.6368884451597749,0.1805764145776788,-1.04176845697387,0.3517848024893537,1.0671090404277497,0.5894448374502573,-1.2350460673396673,-0.4419829061780194,1197.79,0,Genuine
26736,0.5410018726036289,-1.120422659911617,0.5432966640822907,-0.960738878335462,0.634903811584933,-0.4706021549245583,0.1030415657713885,-0.203782521409906,2.0413160322592208,-1.4506361759769153,-1.5907649969361928,-0.67458245220825,1.5255954175550697,-1.1199468618264232,-0.9362444090937312,-0.6201712755516735,0.6053040927809378,-1.5063804150608249,0.5356808235371547,-0.3429550459248723,0.3745805340045742,0.0052397846072603,-2.065883123890968,0.0772025174809835,0.4006378531971848,-0.7757461987075197,-0.584410441428558,0.6192541154335518,2124.09,1,Fraud
112859,0.1329361852226909,-0.1099377153701835,-1.2179236267651126,-1.1967468099250227,2.391554820991459,1.033015744469201,0.9556292730487396,0.559951427319347,1.3522441416460782,-0.2321674045597433,0.372352464470059,2.56426017755055,-0.6410038025236957,0.0671689962343769,2.0903436487360345,0.0322309658969913,2.56349986812827,1.28217515961706,1.828508243014112,0.2541805241782754,1.8879430937181303,1.0237412900530596,1.6967761962665655,-0.2380448250331094,-1.6493085272684391,-1.4587053343066616,-0.822336748605056,-1.3927004657867956,3564.99,0,Genuine
112181,0.5198722263499834,-0.9866389846395662,-0.4487165686650988,1.7098281860769984,0.3827197930570508,-1.0302152960137945,0.6408164117811017,1.1355065261031918,-1.422121864330431,0.4038031308292635,-0.4018724614759248,-1.3839931327152348,1.401573810671513,-0.6339158465566074,-0.9029083658510674,-0.4485122449410041,1.12806525738927,1.0123088473904782,1.655138133799748,-0.4721804560838629,-0.6159541444293619,0.8898831754183834,-0.9916424801939532,0.7281913517631056,0.1265519718816913,0.95877571811395,0.445061729611354,1.281858670417146,1497.27,1,Fraud
131926,-0.1183234226809905,-0.4685829319100158,1.090434341399109,-0.1687221781972702,0.0459593961187699,-0.2082831997590188,0.0798509452063441,1.8567316041881468,-0.8255810416535906,-0.3350990116904215,-0.3242207849235163,0.2244982048532,-1.0055818870854354,-0.9992117645928202,1.2229045587074296,0.528111521830045,-0.8169885473418774,-0.8070368578512127,-1.8058769957476388,0.6992018335488425,1.285991175458774,1.9078412464443928,0.9101967897584078,-0.0072183873626433,-0.6826598537523834,-0.4597680356876125,-0.4821404497124003,-0.6391694944210713,2241.11,0,Genuine
90084,-0.0498086318265758,1.4321701435246332,-1.3542800544354816,-0.1829934218067006,-0.3385983966149878,0.2925848814316296,1.0115104914323518,-0.0917106828701304,-0.791658658455098,0.5019421879571918,-1.064241878909527,0.0702943485388976,1.1271255468402208,-1.7309861131136104,1.228300663744076,0.0371304132496308,-0.998007181031456,0.4630597561292545,-0.4897813266172838,-0.0655571007159502,-0.900628964991058,0.1866238440874953,0.9458833089552228,0.1441844490505148,-0.8244659035133024,1.335236789726289,-0.3820472117141508,-1.463266867203136,1684.92,0,Genuine
169695,-1.1191149280267083,-0.2715244754913825,-1.0031120160399785,-1.1023094742412918,0.234915247519441,-0.9227146864076674,0.012737906630951,-0.0247356246898336,-0.5507270177628557,1.937743763269769,-0.2200632474529104,0.0066264204110893,-0.8196590542997253,0.9311322270877044,0.6243538498382896,-0.9711555309755304,0.9774696586951772,-1.4357180341106015,0.290571786092146,0.6095028122389663,-0.2387950641997998,-2.410978198547683,-0.1206708445145842,1.11287933444595,-0.226514115780564,1.3123371615559072,-0.2344581652682022,0.185061356742367,461.21,0,Genuine
7392,0.2977602509183972,1.4015657375153268,0.199297309992064,-1.481778305496837,-0.5870218183512091,1.096434561876077,-1.290486032779948,0.3626100606151799,-1.0427806538333146,-1.3647119393673084,-1.1091794598869618,-0.5688549022370869,1.033436890887311,0.6624988822977107,1.620572086231685,0.6349406734850633,-1.1837348018697584,0.6217581236782944,1.2778948991681358,0.1471782484865769,-0.6385082448860855,0.4271986176576811,-0.6645719945527939,1.169525128099512,0.6310374523340704,-0.1487497484119495,0.3709435496290742,2.4035135628269444,3693.64,0,Genuine
55680,-1.7195410067122203,1.1090540479315865,0.2867298390837913,-0.088318878812282,0.4960923380768729,0.6939675152043746,-1.508452321977557,-0.5311209383289219,-0.6057510370112883,-1.9541051031857828,-0.2658509234843536,0.0824663936971495,-1.4373932301107604,1.4074129179649244,-0.1962349086127419,1.2542792429588745,-0.9848028005680826,-0.8840250981794189,0.2098979839156035,-1.6852567776817895,-0.495441711553942,2.269031213666989,0.5127654106810563,0.2687207909719585,-0.3052032818086841,0.3250291097826043,-0.2610888312427641,-0.8396573782315613,2307.44,0,Genuine
50859,0.283558070610913,-0.362737913484448,-0.4888498427427696,-0.3415879215087279,-1.4325966297915411,2.009545909525292,1.278687707605658,-1.1842372720558751,1.0048722690599978,-0.0692976535162222,1.1482578425845409,-0.4497711417525398,1.082852278515617,0.002775049832023,0.1282674402193421,1.3210340257184807,0.3690686963855746,1.2175763113577247,1.2797701537715405,-1.1498469572355294,-0.1573796481670719,1.0259860938811929,0.2154258585837173,0.104610935658988,0.8587555393929088,0.4498628931862739,0.9683540629351745,0.1288676152167757,4062.75,0,Genuine
125657,-0.2806160161648144,-0.5025994606062325,-0.27843288263885,0.0017343567424509,-0.2605005894063326,0.781460895857772,-2.245229791402062,-0.0962504662640184,1.9469123360789875,-0.6801685763075479,0.6312375199893673,1.287889402212542,1.288580572109615,1.0785517463196914,0.2244265278208,0.6734207454257233,-0.5418883054017681,0.5109614574513272,-0.6693802318040297,1.1571131484205517,1.4417483660873045,1.255300069453826,0.9362377014298836,0.6558194361027492,0.183218458408471,-1.200186731360841,-1.0905785200510278,0.1414090016920728,3473.77,0,Genuine
157381,0.3745851094509781,-0.895998806814502,0.5332255615556416,0.0871539403821748,0.7346328547273364,-0.9608896355660383,-0.2007406557091687,0.7453722920017978,-1.5443981788774233,-0.4803149184056557,1.9137516106889787,1.620774083408945,-1.4695730237679463,-0.9436678149791752,0.5901203692210223,0.6870795966389414,0.1193327744502838,-0.3655495866668111,0.3297968733996642,-0.9369457153125472,0.4566429147428414,0.0948298727397294,-1.1733060291888378,-0.2516561216040077,0.3173316602613403,1.706505859050452,-1.4800492597356976,1.885340751592712,290.02,0,Genuine
70467,-1.048828334081676,-0.9308811941934042,0.8496350017598676,2.4894610812606937,0.3691236543373539,0.5303690609091914,2.981793493755024,-0.2429234461764808,-1.0411071232672129,1.2669131494908887,0.5263572297019975,-0.3885432493830429,1.7572594429761526,-1.9081123916493083,-1.8189666777081364,-1.161213812781844,-0.3305328600876741,-0.4081966735302207,0.3549652560788339,0.8519420215501574,1.2340778304812834,0.9131366489264914,1.022432302436312,-0.2490325325135218,-0.0591025488748791,0.4990201452761796,-0.652422656017602,-0.9386138029363388,2500.88,1,Fraud
98506,-2.119357368038642,0.3532073945078431,-1.0692216652897593,-0.3385799807389548,-0.4626246200516516,0.9880216735158562,0.4592334443104988,0.4134353887180931,0.2135594443802332,-0.1206163248274725,0.174518069496808,-1.644970676574994,1.0184965017247904,-0.7516558901103929,-0.1061365247025292,-0.6713358712403146,-0.027875346710639,0.1444856712410478,1.3133436353515968,0.12624412492247,0.0145757727200352,1.3079285323581349,1.347680221679517,-0.0626852317359362,1.2859115177846177,0.1530345450601828,-1.016764054928598,0.9362498117596576,4954.29,1,Fraud
109751,-0.3508653069735394,-0.0197853152149656,0.3643195206279501,1.5799401079434467,-0.2320245104166383,1.0394788141253464,-0.2085428204788664,-1.868817312871536,-1.5803056396160509,-0.0289954207946979,0.5528956075123845,0.3176471237228836,-1.9979920782301843,-0.2059436617102653,0.8582360484879797,-0.1683452984795869,0.874416147982732,-0.9239210771926484,0.9085558036586512,-0.9845483612615974,1.2827352746676568,-0.334250314952914,-0.2567680428865747,-1.018461616134782,-0.7009340983808912,0.9864860993616092,0.0557295384292973,-1.4233122300478176,1540.04,0,Genuine
118906,-1.0459126688570983,-0.6236054349292066,1.512016000005722,1.6420242150449451,1.0353346866922113,-0.7768421478907362,-1.6844615666531797,0.0184046234194585,0.2394320213912253,-0.4367975442427738,-0.7757981694153069,0.281594410013718,-0.4899602689798695,0.3604556774308046,-0.3719157608230296,0.592574154073069,0.6215198628928822,1.1249094429228372,0.690001439420204,0.7496450233318964,0.2270089419071042,-0.5007829496664757,-0.955984052775386,2.362383999763592,-0.6443034452521383,0.3050256084638272,-0.3997400017863846,0.2223212722109954,2465.3,0,Genuine
143760,-1.7805566832104824,-1.5487629221232788,-0.1158920613611326,0.7536242852719843,-1.2104016960234212,-0.8963377023554752,1.6173705681332158,-0.4034465907143251,0.540102787129729,-0.0388011686257853,-2.0860283487607445,0.1052123088844535,1.037601805680752,1.2808536031029192,1.9595764925613317,-0.6003413208861589,0.9170015492748824,0.3059825521578638,0.8493298328823197,-0.4776743454473125,-0.7892552484365601,0.4547030620260071,-0.48328541043331,-0.3996996060109145,-0.3182143556607506,-1.087711771282221,-1.298730382762442,0.7368757077257077,3260.51,0,Genuine
25342,0.76798326969457,0.1061787678222118,-1.079839153788519,-0.2351263325491117,-1.2045936479113302,-1.1396371191090116,1.2138278706944572,-1.2751237554911852,0.7006525500269745,0.2685014624753599,0.7961711514640717,0.5329527210178333,0.7231116118485449,0.3220803793809815,0.1280312169445326,-0.3069623187761501,0.6392714703860938,0.9643627303617802,-1.2096008405905818,0.15156222251443,1.0560006330284066,0.9692615302714712,-0.6401301804033955,0.467631275282686,0.5023647690671023,-0.8055339092640456,-1.317592068807545,1.0039245624617874,1012.13,0,Genuine
168229,1.601238227142041,-0.4695521790613332,-1.1260919088272163,-1.3614723361327292,-0.9296339521774972,1.6047319941388665,0.684796912338397,0.6572125035848473,0.5121445264962363,2.7845881991815777,-1.795329084737067,1.3815278112438714,0.1117875698772777,2.257396758082088,0.514521707658901,0.5596133111374442,0.7084287004997397,-2.4496198742555952,-0.1714617401485013,-0.2098544503106921,1.4839021480535308,-2.7553690312614174,-0.1808358257717809,-0.0169308167391988,0.6371960065115271,-2.1456790001749124,0.1828980199478,-1.368201058513946,3512.83,0,Genuine
106308,-0.7969514357745502,-0.195297695582094,-0.1607374413118638,0.4779438773339067,-0.0106778642666435,0.6228788238420383,-0.0005597329768144,1.8456455692743152,-0.5352485471564018,0.2796574836121003,1.121601055297582,0.8329721803340545,0.9279646498992756,0.1198200236311988,1.5509963554117578,0.1371090596042864,-0.0021769896528694,0.016078918846284,-1.0049073862801223,-2.704196646876093,0.6383169668256753,-0.1947793669757307,-0.7381316898065622,0.6879530384229764,-0.560290476986782,0.0660694804463911,0.9007925662176754,-2.012930922869593,3299.22,0,Genuine
106081,-0.0757708272214536,0.3046618286980817,1.0358473048676184,1.018812079700944,-1.3567380672561922,-0.8212186242087107,0.5720122469413772,0.9899589256808854,-0.1816695614667046,1.1626951686895155,0.750813743341816,0.5314353199369845,-0.8740291821832805,0.1007354501039914,0.1294329372548888,0.3338684994414905,-1.454480359287401,0.2480646073687906,-0.6531200009894154,0.6737535484461556,0.8308799605613117,-1.9534542495656768,0.4565078443153574,-0.3840609144811781,0.896857164238308,0.5524935849203709,-0.7057320379193038,-0.1974480543333867,1875.43,0,Genuine
89045,-0.3077856166798123,-2.501802861387864,-0.0407558498466211,1.7476874642829845,0.9530015927659814,0.1271889387571205,-0.1486210586038523,1.0537490054784395,-1.1795275861432954,0.1863995851446518,-0.8495211457104399,0.7539155447074289,0.0473629402140347,0.3382026388712408,1.534656528685196,-0.7780354760703874,-0.107364533999101,-0.0034595805602713,-0.173744530477227,0.767181401798865,1.2791530869038206,-0.1225772288224965,0.6366913765095754,0.216809930524552,-0.98034190391021,-0.1874949050063465,-0.0873402609097754,-0.5698448281682493,1422.91,0,Genuine
34698,-0.658898421976203,-1.5332746037091247,0.1892319799059277,-0.949957954246782,-0.9242924588558654,-0.1236873134010239,-0.9732609104843316,0.7124770346168041,0.4643386546376259,-2.027789330313295,-0.436089663122262,0.2514758189977822,-0.8455811982026863,0.3789524851190862,0.5831461706086162,-0.3204678988229817,0.3159269183866295,0.0225021775599816,-2.25639715766058,-0.4940698419959239,-0.2700483341109921,1.6896144549262464,-0.3590010523112517,-0.8502188618334146,0.7128679515273836,-1.1556608545570766,-0.6421291231020758,-1.419423655909112,4595.59,1,Fraud
110078,0.663737213888021,2.2964430768051884,-0.996341682173804,-0.2435263891852673,0.2243555577431293,-0.9725814689656828,0.9563349315048127,0.6464514496462197,1.6033602671351217,-0.5670718337152199,-0.0115386061241338,-0.9454409433522868,0.1348092601222213,0.3645885044666896,0.5850807755641307,-0.4695398583713041,0.0742209481288052,-0.3211324749894508,-0.1376801898774982,0.6423601656972574,-0.7179448122591567,-0.6240183591984324,-1.954476704868736,1.2142000973620712,0.3576726828859535,-0.4950689027578776,-0.1516968300099366,-1.305629336610653,635.99,0,Genuine
80623,1.0101414604286183,-0.5066105066996177,0.9831176329765476,-0.9438645904228468,-0.579073100919403,0.0361839439566031,-0.05065865658221,-1.799431935575516,0.4622008990673889,0.2789107180088796,-0.9221713174203378,1.450456415125785,1.0010309580255734,-1.2322519950749031,-0.8891611631610785,-0.0009359368589859,0.4199047536109289,2.2573682549262277,-0.7828182635715889,-0.87175298568194,0.3626978111819355,-0.2860842758713964,0.4430260731099926,0.661559745881465,0.0173976346680899,-0.3688317049308454,1.7622259943860856,-0.4780877251201303,2160.72,0,Genuine
22671,-0.8686071892656042,-2.517433102397529,-1.1456585711653549,-0.6334779924369225,-0.065497080839726,0.190695287720439,0.5219439646587877,-0.127950950071989,-0.6950007358270536,0.7234145437833869,0.5405201893489707,0.1025835688431968,0.7815604796316087,0.8521927484960171,1.1064602028144823,-0.4331271020438032,2.06097649615911,0.2432578923788852,-1.056104649248066,-0.8513612733413006,1.7264511919615328,0.6619357680276807,-1.4751265172851364,-1.4163652200431638,0.4731238763986385,0.8673816919405021,2.499538383297096,1.7091915759931249,3835.15,0,Genuine
156256,0.0447668670949035,-1.4499401795162523,-0.5044964842716331,0.664387534235627,-1.6033459096587437,1.9312530946518995,-0.1211232405597662,0.5086697666458674,0.9947918526992257,0.2102285915785257,0.6286697815821929,-0.9459392652204084,0.2228897375512352,2.505685317702482,-0.6063906894727549,-0.5688265437953046,-0.5015164632530118,0.1224736003442207,0.0958568802994498,0.2396117246462716,0.3011896461561238,0.9937853336421648,0.2495886317201393,0.0141378102513944,-0.1190535593972367,1.431821702354953,-0.4463237924045921,-1.231742139891179,741.54,0,Genuine
93384,1.284533033933894,2.4844673686414334,0.629914862046294,-0.6793047693657358,1.0013162452099562,-0.6556875257662731,0.4618193820468438,0.5314047812008672,2.365646694778936,0.920351399771941,-1.4429614401467374,-1.1279788155117356,0.9896937505958115,-0.8829839815076107,-0.1863842646756974,0.125027578691468,-0.4048551401158338,0.9365717260056048,-0.3887340217770128,-0.6961434502622617,0.6297065291728132,0.9561666330608536,0.0718680596915489,-1.3904780441407238,0.2552320389442036,-2.736373011833098,-0.5113558475608814,0.8914970345208192,4664.7,1,Fraud
86202,0.6890362032149722,-0.70299746026984,-2.039431498319932,-0.8242711773170095,-0.9614979983714008,-1.7093993241953382,-0.0144927306577497,1.2717061892697048,0.2431497716136148,-1.4599847981791951,-0.8231090071155136,-0.917799186500006,1.0881780137567136,-0.0412385156371861,1.2591984473360178,2.096729683183703,1.2086859031602737,-0.5590517124320251,0.341501739675315,-0.1291783844697666,0.074730038893434,0.0373179515088168,-0.3289701181187071,-0.7994959440513433,2.406073503209199,-0.0788216734984371,0.4321313330743176,-1.4712644501027845,2631.74,0,Genuine
51663,0.8376974384004884,1.159015244897157,0.1739611496857079,0.7969958637222746,-1.0662167210437026,-1.0489537353559772,-0.0925498520895416,-1.032397649633179,0.5544728438546679,0.0487924756171856,-0.0368068459730279,-1.232705520528534,1.7973228714625726,-1.3727908413792844,-0.3667412730793706,0.5835680383647953,0.1245704810242697,-1.2877828476926243,-0.6488224760860235,-0.9390128998250482,0.2945729247317412,0.5704668406174309,0.6448325642508357,0.9209848288906608,0.8943232767191568,-0.6041049534442998,0.1205342297856595,-0.7536374789449218,2524.57,1,Fraud
15708,1.3679853074424142,0.1211179983372052,-1.0390735663917812,0.4507387900435469,2.3790090134020927,-0.8926474234322223,0.0299895954775206,0.6072716154076987,0.6777010940660436,1.3279630346854625,1.14058033097039,0.6688844266705558,1.1674682045475877,0.7519213094036389,0.3477894796082186,-1.780214325166105,0.4546478815657283,0.9071793068375572,-0.1755997486193155,-1.284580080939162,-0.528018121555331,0.5265833268502009,0.3635650441195787,-2.48604604421284,-0.5421604323628623,-0.2606830596442982,0.6812359701281778,-1.5322122009963537,2121.96,0,Genuine
91906,1.3548451723732498,-0.4849670374989711,0.0165493989091133,0.3500111979351746,0.5543073109576079,-0.4269271760328953,2.9608696904630456,-1.0650410039926137,-1.6044572658517375,-0.9715599972759418,0.6522849956480284,-0.1751116294091788,0.656423018077778,0.7509605607488775,-0.0538723791869497,0.3512952773309645,-0.5918168624288164,-0.3335080143537564,2.458684374336612,0.2077103627355756,0.5482673488339326,-0.7037457021961544,0.3876819812686539,1.0452593406374162,-0.3052548859988724,0.8420799661018075,-0.1248635141655102,2.1727184516837386,4337.38,1,Fraud
49811,1.0286426303030658,0.7754454707630927,-0.3520556077119365,-0.6528873581990658,0.9624164082830752,-1.0465037291271424,0.802406985981937,-0.2116995898390602,-0.4111221726852849,1.1205914322833002,-2.330918301525988,0.7760047440427078,0.9340913546437992,-1.504033365210757,-0.0189988672764773,-0.514901661670959,-0.7324571830302973,1.360723575705263,0.6231011908098384,0.217044850786355,0.8777842673179113,-1.7510453718470915,0.8210211249566084,0.3787962261566509,1.2082055811510406,-0.4995085528367478,-0.1820781816930834,0.9564307428818593,4742.26,0,Genuine
133883,0.1449374147811807,-2.384356675356288,2.1058348253484884,1.293023278214702,0.4588913963618988,0.8221220058189397,2.5860579168995224,-0.0619630072352756,-0.5138664215304726,1.068907459285044,-0.2919941777158272,1.169473619916878,0.2435594142763856,-1.312452142805259,-0.1494598852516374,-0.9410727385402572,-1.2070714695590488,1.2980108400854715,-0.8460722132940726,0.0192054191533639,-1.5025154171703357,-0.8970242719268263,-0.4128213408007193,-0.0801189783624257,-0.394804464773934,0.6844259767268461,0.441577316774862,0.7013740116825049,1900.96,0,Genuine
56250,-0.3824830174580917,-1.4411326198566028,-0.3931211891999063,0.0144901973197911,-0.4524805599864017,-1.1160327630094795,-0.0081024140081828,0.8625709140489516,0.8348666488959479,-1.237024652521943,0.4726736170034433,0.9107819169461292,-0.2799494329933426,-2.0816645288236657,-1.0361764017757955,0.7038531639489346,0.172390434697624,-2.3226461888929726,1.2394321866982831,-0.2906180553649282,-1.5011418442963134,1.4387309144112217,-0.4267827136432847,0.8778924651693,1.7007740044981736,1.991365928882677,0.2421700915206458,0.6503349427130669,2712.43,1,Fraud
112547,0.1034777653131854,-0.4923510121395608,1.8426513728833425,2.3801901387547693,-1.3068498574550105,0.0200179682992302,-0.3090579693645207,0.7449533884003442,0.7183693078940818,0.3378785611097869,-0.7999598174529549,0.6340234060426649,0.8676088271035266,1.5703795745833082,0.5451431666800791,0.0771818947221063,-0.9785925385323608,0.0723339360383752,1.5484083130105488,-0.703591911740792,-1.7538618318889652,2.213213185187397,1.077223241623014,2.7028028302839613,0.7653716620802649,-0.4502380682216258,-0.4820299857151744,-0.8073182851786666,1577.8,0,Genuine
124249,-0.5344066860233685,-1.3429043982696085,0.5869522911833748,0.1611661694700443,-0.2988203874256587,2.0001921835221745,-1.074197058375476,0.1203305877116387,-0.1207367427329478,0.1588139916684244,-0.8774123553984937,0.2875291201532224,0.7571243357250551,-0.8387165828159853,0.6341218012418149,2.4863716988788243,-1.1013724977045964,1.0766064809804556,0.5986816966536792,-1.0811835198908617,1.475457198815056,-0.0910184062537756,0.641896809760961,-1.3292289062699565,-1.3560258044418514,-0.217017040453393,0.1238919724560538,0.0355888170173083,1840.72,0,Genuine
34754,-1.9524868730106824,-0.5807777885039715,-0.8014589707297283,-2.3333478418471603,-0.9781593445255624,0.5535682717636239,1.60323119662256,-2.152037521220709,-0.5738780590087155,-0.1763626930624526,-0.7469546829883025,-0.190363063318058,0.2919552726728605,-0.1342112014292108,-0.5819874128655903,-0.1142740549368705,0.6610465691847746,-1.755258799663963,-0.7819564447536247,-1.1203983467503815,-0.924793486994,1.4001800475681905,-0.4696949043195196,1.6935130065120672,0.8683334457430366,-0.2394266959037202,0.1265567197875842,-1.0453174158183418,142.64,0,Genuine
142483,-0.2794990658000403,0.8537130456828279,0.3308109252597568,-2.377875534776869,-0.918115172434519,0.4507570117123593,-0.905184907149106,0.4448337329920538,-1.6865959597067834,-1.526889222223716,-0.3079771250911175,-0.1236461272339144,-0.1945941941596354,-0.3666540526975896,-0.4422886779644374,-0.226225769647611,-0.6347387283703545,0.3660595924704091,1.032980342754392,-0.6038758404861382,0.351727442435659,-0.2973981745136535,-2.0037383797818373,0.9664072672891952,-2.156349156430684,2.386990907933635,-2.759175102514748,2.694153692079821,3929.89,0,Genuine
133983,0.3575262438372202,0.1321367213359809,-0.3044097463378117,0.6239499418454686,-1.5831873289696967,1.85731620074516,1.80956075738669,-0.2676764770387872,-0.0154125286082621,-0.2630597361346664,-0.9790934206764206,0.5843634890461775,-0.250053856047075,0.9884480218458744,0.9129912372175908,1.197148688370635,-1.2002399406812023,0.6578973936659169,-0.5773122493731528,1.0212823933111863,1.7850158895499697,0.3490331157152617,0.392041680682498,-0.7047864699189194,-0.3483969558434202,-0.5001111195421035,-0.0570995602381988,-1.1246971886568005,4846.7,0,Genuine
139752,-0.5872694177661788,1.3306170355095892,0.2421574907412338,1.3004941523308056,0.1144759597954961,1.245649564236973,-1.016188330770298,1.3918058916191005,-0.9545681147788344,-0.1562958673413667,0.6599303697273864,-0.961315391767618,-0.408710527739799,0.6602224383984487,-0.2637877316837461,0.0219712171839488,-1.3033636843439398,-0.0547666966488832,1.350846920400696,0.2310016083716061,0.3325238229510019,-0.6142049717474692,0.4859078302454251,0.5247883970893782,0.8551911893315429,1.469968229826462,0.9030985513587249,-0.8605925218927689,3847.86,0,Genuine
84896,-0.1927797872386079,0.1953752843517444,-0.7138909874332666,-0.7838281299238495,1.573412147525846,0.5651243673526035,0.8866598686324269,1.1534935443403689,-1.0785013395781125,-1.6983012857798845,-0.8607014691119899,-0.0538847512873842,1.2557078255848309,0.6068209247006798,0.0925971485512682,-1.0572401555969737,0.9117228856514624,-0.0475434382683562,-0.2409187811873682,0.3602504564119012,0.5142934510926954,1.0145485379976305,-1.2123919966643433,-1.1121249432273388,-1.86624650598366,-0.035904595748877,-0.4385831241671823,1.6036364058355193,2591.54,0,Genuine
71295,-0.1540367159667322,0.9924608314945266,1.6901776333459575,2.100978772777151,0.5581367230264489,-0.310726849944469,-1.5910074834736458,-0.938022906905658,0.9262687641225866,-1.3051516370349752,-1.0361587419819167,-0.7428421915276395,1.1784269584876566,-0.8120561918773362,-0.8815972405858491,-0.8807624475690179,-0.1065007834406966,1.1983141081763151,-0.2795150390932041,-1.2557099597957315,-0.8431251725532627,-0.6386158865933148,-0.8485373405837365,-0.4926112181057291,2.029483517282743,0.1702693143825233,-0.7440327973001252,-0.1047615887768213,4137.72,1,Fraud
100689,1.3568567742188886,-0.0640703001284975,0.9253980907967244,1.6629989369941032,-0.1057903878517124,-0.0226888747897934,-0.4419557015906643,0.5821742389905853,0.8219197950467836,-0.9269953934500076,-0.3986919000289269,1.1729820785754614,1.135501896858702,0.6812312759343645,-0.0634727117235645,-0.3284380240096406,-0.3993303668666362,-1.4945278268616284,0.5240573524461284,0.1857150544974967,0.3332109762353636,-0.8926134990408563,-0.4078284230102665,-2.1050373562495825,0.9684277255561876,0.8283209195055898,-0.7401791454161158,0.6039517240440535,4289.54,0,Genuine
11111,-0.3594372740249021,-0.5902754833597827,0.0317815681615908,0.2105467634411479,-0.0405718728101516,-0.0713038676662064,0.0220815294463243,0.6019106061604044,-0.4885941580995001,-1.0482815652484718,1.4789165540475828,0.717057326912753,-1.051858592244874,0.9284373909475604,-0.8761786788055383,0.6576382785618705,0.1714618486929443,0.8311099599821113,1.4102658409682585,0.3370673407525804,-0.9950964579186118,0.0467509883068419,0.452325414624367,-1.348576994103625,-0.9788690976705566,-0.3727097961728264,0.3285914248547636,-0.0815311451600927,2723.07,0,Genuine
37504,1.3566333821834542,1.4805680555418883,1.729114768069534,0.5394539423561315,-3.0477773123935967,-0.4014255475721084,-0.5974910157034872,0.5291835796169257,-1.569044281307634,0.3262703710561022,0.5252798684907828,2.1374544455755773,-0.3592908395650179,0.6516970347806933,-0.6049757567054451,1.2721275149084712,0.0762735553070707,0.4592761613048055,2.368218375391905,1.5858640664104484,-1.903311445689042,0.8167664187903186,2.4835761811087123,0.3816982815111349,1.520012340783396,0.9825215662373488,-0.9867252342871684,-0.6893556522306769,4685.85,0,Genuine
132874,-2.7124904918479738,-0.7093502879360668,0.0742792440828486,0.8945302173885168,-0.4238354218993764,0.2120365118829244,-0.1693266018339602,0.3995810747455987,-0.8258115802437064,0.9115105268649092,0.5888638344507372,-0.7577012572400416,-0.2573912747977529,-1.2890621316280395,-0.7641808316734657,0.8019492167923751,-0.5293348269257765,1.3017180329726876,0.0270146257682003,-0.0187822434261113,0.052341918290371,0.1636531119083555,1.1177126632135372,0.4702225060347831,-1.9096381105392792,-0.2768075896600741,0.2380523630061201,-0.6884631603879849,151.82,0,Genuine
8155,1.3478557813290364,0.3438448231242993,1.0976249648611645,1.8899948973205156,-1.426675895220339,0.350747697047656,-0.1645451055788613,0.6301545864682502,0.9932539613271923,-0.3105431468028903,0.2862512713007761,-0.6504738133819694,-0.6061444701602455,-1.129743665731286,0.8632836256656259,0.5680320125884004,-0.3336826469073132,-0.9481409938130014,-0.4096732747196147,-0.3937887601975381,0.3208161608356814,-0.4690267349654695,-1.5084417976784572,0.4591516799966923,-1.0075799152618166,-1.068534439466058,0.158948103963985,0.8626037025374419,51.47,1,Fraud
39384,1.297406114862624,0.7688973632244732,0.0383005875224244,0.6821359667455813,0.1344125279022764,-1.2446284671582255,0.806933550030064,1.501485815573996,0.4677186169762413,0.7662895675089321,-0.9469809445329792,0.0575011002442883,1.8625950986011728,1.737123856849034,-1.329587416565453,1.0968755857644712,0.7307296820820871,1.4767127570318264,-0.8206707859554035,-0.7663947787065645,-0.5283835384429504,-0.8996781216165867,-0.4362128798153429,0.6361797256336812,-1.4151144095208323,1.0166941516062575,-1.3338663918977542,0.2273708925497111,408.22,0,Genuine
112561,0.9022546733891916,0.8414927044708567,0.3938875948105785,0.187931652271149,-0.2599759886682342,1.6320424999622984,-2.0867517889867413,-0.5513803332265366,-0.4718047974223577,0.9524884604846288,-0.6400657836005235,-0.7254584925649787,0.4004644555493434,1.9439458970005077,0.2666816777961678,0.6211726322786069,0.8247732074733342,-1.388428753056922,-1.4818745268216509,0.0597443809950815,-0.7466247827309865,-1.6868917221581876,-0.0945329520771399,0.1184523986086603,-1.9749518706853115,0.6103191260231969,0.9455254274099129,1.203010768691306,290.23,0,Genuine
47254,-2.011918003203772,-1.1654426702200196,-0.0814387809427795,0.6723011975866489,-0.8693045412075403,0.4097975130732815,-0.5629197280280642,-0.9058096232571202,0.0587531768769071,-0.0852929430446581,-0.8099959310533856,0.5376198035195892,0.3286091919037089,-0.0699771703456238,-0.2231244378190051,-0.9032282813075986,-0.8381891354261873,-0.3304001097807333,-1.0060367735774602,-0.1948998604463015,-0.2134311618899267,-0.4562530872866027,0.5024549355147534,0.6783552228516566,-0.3331657852991763,-0.5861118205079535,1.251657771327575,1.1903996525245253,2123.63,0,Genuine
21918,1.018886995222481,1.0519504058282658,0.0953013538739369,0.5373602814492259,0.111896704488599,-0.2627829619506175,1.254636347770956,0.7827151355055033,-2.07482191795682,0.4080437431961789,1.0915600018852951,-0.0509531267722305,-0.4659203354115733,-0.0712712323485147,1.3962624931381344,-0.220758063793652,1.279673954992276,-1.1631845084277763,0.2356396485846275,1.1224535734517649,-0.7267364735083292,-0.1529138357989391,-0.8124785325503856,1.0730970796704675,0.1911507495813513,1.1527559561785192,0.2514038130802438,0.5769871151522176,4701.67,0,Genuine
85981,-0.0501191756752506,-0.97895524610727,0.170531860387999,0.924410187274994,0.1032791530069429,0.2211759787294574,0.5624799233165947,-1.8833620946311584,-2.1505243870347823,-0.2233451581708282,0.295336731282777,-0.4885307016996846,0.8620919871481404,0.1574148065328856,0.7794699845798233,-0.5152457217072197,2.009057389800248,0.724734819367084,1.054651492512786,0.9019972323521198,0.7422014817701627,0.5539605585650683,0.584530585647421,0.2464046510589472,0.1612929596135279,-0.9843751852765916,0.0386339590713316,1.0476852020096188,3376.44,1,Fraud
30306,-2.52933743992466,0.8107036553499937,-0.6697318324883936,-1.5700232930795366,1.5186240394564274,0.9303688911586006,1.2712862621270136,0.6540238605628704,1.977126520521058,-1.1228297541951875,-1.6673057026953713,1.0876045646144117,2.191536759662428,0.5790040339801487,-1.239966118605837,1.2622764446092574,-0.2913500540011821,-0.7619331331516591,-0.9037403336472052,-0.9950770985988844,0.4468463308350553,-1.167107377384166,-0.5130440985117913,-0.4343757634741865,0.1303783510350875,0.4228868439810011,-0.5008393714024244,0.5371004001001182,3297.6,0,Genuine
147718,1.298177707834696,0.535173471049099,-0.4010686669230878,0.315853449947455,0.6864175004467297,-1.4666864125858925,0.7587893547726849,0.476938968542047,0.5065262183396557,-0.7467594515448027,1.452653078384693,-1.8495885104413885,0.0809510223963905,-1.4425031043235188,-0.5605228065391352,-0.9546057680315208,-0.3153207331466111,1.1347225102700484,0.7871317844537212,-0.0221920271102481,1.6280411704053364,0.6681875997369017,0.5829341725965863,-0.1453826883040342,0.0525803534023982,-1.6927044934694393,-0.4623611491560406,0.3804569971798242,1925.05,1,Fraud
46843,1.444173078548968,0.8186306617798985,-0.2167550164861718,0.4604405075797362,0.2169727900368727,-0.1050607264802458,-1.0835151070098108,-2.345502523612224,0.0016620642592542,0.3261481606578947,-0.3319514311112595,0.5421131768389175,-0.2335148015448658,0.2304188343636676,-0.0139130730295547,-0.9351777631150214,-0.898226330248666,-1.6881112218433878,-0.8619019917246398,2.4474799967100545,-0.3555081660971813,-0.5941584284083858,0.0757936982498125,-0.8362489052655923,-1.181453120557597,-0.3892790538627783,-0.4330332533464603,-0.3239387570277619,2669.3,1,Fraud
120975,-1.9045120718651716,-1.2050035210990275,0.2297110168022966,-0.072847167052172,-0.9475144736513924,-1.1858557748623328,0.6608971711195765,-0.6363366596103653,-0.3969561840082619,-0.1213295396183678,0.6533780145202215,-0.5511324678696997,-0.0905851427884787,-1.0307514947069825,-0.5607261196539477,0.1699295660208383,-0.6685879826316982,-0.4452630230855119,-0.7403410881163975,-1.4657981118726349,0.0698222675019836,-0.5137705948818334,2.0454332383531897,0.8513940028169971,-0.5024850909349363,-0.8422135771907798,0.7433154678476311,-1.6921469593811225,1521.57,0,Genuine
96601,0.175421075300113,0.5879297427343916,-0.0305790195034672,0.7841664442175588,-1.0734391191074883,2.6570038209756204,0.1001928000927627,1.5759745256079842,-1.7618339895314747,0.7371730131098378,1.052337940046418,0.8167564739236778,-0.3220519302947113,-0.0202414746884889,0.9082733326208108,1.9290206903969036,0.3234717617411176,1.785967986571278,-1.0695484424690855,-0.1867641539474473,0.1735797009850305,1.2487197666325038,0.9788217067776648,-1.6054513704242863,-2.750909074893897,-1.2592707109744954,0.5727809880141663,-0.6345673781651082,2589.67,0,Genuine
107512,1.3885911214441826,1.0855936764081715,1.173032533825707,1.921167620569041,0.5988480074366075,0.1381860477686148,2.268061331792991,-1.45717653071594,0.9932141274860892,-1.8869870737826064,-2.562068683456804,1.056255708065297,-0.002866064440047,-0.8838302728288646,0.1699419245518953,0.7348907289349106,2.316953896579558,-0.760711654032859,1.3318401602240468,0.7524990658586576,-0.3729942004043119,-2.477348406271483,1.3138878159144922,-0.1593586249718115,1.079557441439816,0.02451188457106,-1.9710165041363568,1.4472031763635984,3733.56,0,Genuine
147443,1.2301613134571463,0.1933957831617406,0.847118318979641,0.1382171311044403,-0.2000693724404299,-1.1777456475995065,0.8021645824944096,0.2125916149494285,-1.1368887631303972,-1.646571565698065,0.4545977072799451,-2.2763505370525623,-0.611474011649167,-0.6482837093030557,-0.19334594971272,1.0416761899696694,0.7283397184374546,1.059340302206213,1.606404341476658,-0.2375978456025857,-1.9834887169567292,-1.226828939212256,-1.0576600859604215,0.5691354807005898,0.0946099050025612,0.332054836262131,-1.481619377184535,0.2883371890937906,2793.9,0,Genuine
111472,0.8360610511595236,-0.8186166796045768,-0.1963275560253724,0.6917210807076902,0.2493655911266075,3.599466780697393,0.5233674076776007,-1.0049052999937846,0.7041826453334828,-1.5282248533564522,-0.2525760650426999,-0.2116223787542216,-0.8865488300896022,0.1815874107078254,0.9808973683835126,-1.1068013259845937,-0.3321385299925007,0.6963093486866897,-0.7291128992201733,-0.3220191649171852,0.4438901800501962,0.0456455583565896,-0.5320956593674543,-1.0200786756199811,0.0683226835835426,0.6147934908905427,-0.8283382729663971,-0.4019604573204707,2094.94,0,Genuine
133121,-2.647252879897509,0.9197476143279902,1.3817838974519392,1.6062647604515532,0.9780005241715596,-0.536018578780389,0.669424263341311,-0.7089463040617656,0.1320007655425615,0.1666531811038749,-2.4218919972816777,0.0581916279866054,-0.0212390575770057,-0.6173036700188168,-1.177358387800693,0.668801511676504,-0.4247272063840544,-1.307455533259409,-0.8091408613093838,-0.4696028912694245,2.334821691346848,-0.0049709957186612,0.3271749844073205,-1.3979999229898148,0.7794083686329959,0.0016803790940698,-0.4649504767082987,1.201702676825671,4224.77,0,Genuine
162688,0.7295427666358141,0.1139196281007698,1.873020623575457,0.1615645059418555,-1.51313877514181,-0.2090799180762074,0.4688455416666235,1.9163188204273385,-0.052094464123487,-1.378103098339042,-1.132527092525703,-2.357835743199773,0.0810986039119102,-1.098849561000684,-0.2655126753294516,-1.1111890996918,-0.6638569352920152,0.2113664280861827,0.6225713216420591,-1.0638762525151535,0.9993554117922216,-1.7019845106355689,-1.233395031124662,-2.279638404949752,0.8509713179317442,0.4308622937606945,0.4311183675056924,-0.4477801633306159,1437.93,0,Genuine
103727,-0.2181038983739428,-1.674444263827696,-2.043826294922117,-0.888463202358809,1.3970353850289938,-0.1367982399853625,0.4418011277460729,0.1234443457861394,-1.3023663190646029,0.320129164976935,-0.4546085416349316,0.2277508272094751,-0.2731145630380019,1.453509301955026,0.2479991645560356,0.7309355654361434,1.059897658534393,1.5286768695465074,1.7280311970373914,-0.1690508314257059,1.9581867579244912,-0.4942070488600552,1.0453836520208049,-0.2843272740403342,-0.3611790240377884,-1.1231127500872773,-0.5392866842690429,0.7077664566219503,2407.95,0,Genuine
112893,0.9958575287184944,-0.8961894623166603,0.9322900850662792,0.6157788490879242,0.9693817869489962,-0.8479530565690355,-0.2662933693969185,0.516950688562923,-1.2890500046726057,0.7530099210641454,0.8456513767671129,-0.528052907454398,1.456978286196328,-1.084542776991405,-0.1413145303555681,-1.570841020811889,-0.2432335184063583,-0.4099939580159532,1.6139190997708943,1.026024403448993,0.8967963609052968,0.9580151837327,0.1304766826084244,-1.143509754710338,-0.1168789740802413,-0.8802613866964073,0.4189561043001852,1.3297317904993715,4890.76,1,Fraud
20932,0.2561614584338246,-0.5262945312269738,-0.6929841973314991,-2.201666136798076,-2.0544402219876448,0.2473520174961428,0.5354728870200005,-0.1124645764265141,0.3899343863125882,1.5162497734193845,-0.1762379500120272,-1.2057273162309166,0.4154906503140457,-2.310456738855164,-3.10460525172614,-0.3391207128524607,0.4542692066677654,-0.6899353634599164,-0.3850598699820718,-1.271831053035842,-0.1519674940396013,-1.1628304337043611,1.0999288477431892,0.8767501869634636,1.5661352600167522,-0.0178173178720168,1.5964053013142718,0.6073224368764641,4836.64,1,Fraud
117796,-0.019881610288865,1.5058182876396564,0.8007480213232993,-2.29836703796268,2.353092448910977,-2.2107401663600257,0.9484666802726957,-1.515133314097623,0.0792168244200185,1.4059075516402757,0.1481213143391032,-0.650489084089008,0.7424581478191892,0.568764796249759,0.3390236103589232,-2.053117972034088,-0.2367469728039577,0.3284606402168933,-0.1835479663548218,0.2666976798839139,0.6015823356207777,1.0807522768983593,0.4823222496438355,-1.551562393955787,-0.5852893689839276,-0.8761064531072975,-0.5825035871714007,1.0617648209024242,32.42,0,Genuine
29855,0.6409038494092362,1.3301830863062143,1.238237940646432,0.333012047116258,0.3213763190814564,1.0858983828772917,1.060328069032085,-1.1849232068976612,0.0471670732633788,-0.6954196543338286,-0.3561283628398213,-0.8233136364531594,0.769022345783737,-0.28967990997036,0.502727596310878,-0.8847121999341708,2.1180425117781616,-0.214770772937422,-1.2315415473802107,1.0789965567023372,1.069892880851131,-0.7161602570682919,0.0448630377523622,0.5286743349643114,1.5572240835958806,0.0055444047428691,-0.915053731817896,0.4726168574786987,2661.63,0,Genuine
7400,-0.1719133710717579,1.326968531056676,-0.876992594510552,-2.3449703830818662,-0.4785383004229537,-1.1278048707372206,0.9391168196035136,1.1784303256422324,0.2860415925136875,-1.6696379930182157,1.0879042743058225,-0.5708573143723126,0.1046459460808751,-0.0293376052863591,-1.0125479672890298,-1.4246065874159146,-0.5341883655104603,-1.4959652452796983,-0.3963377171239139,-0.0206533930710977,-1.60065393569538,-1.8729240596841308,-0.1226795973770342,-1.3020394144843648,-0.3503289650913173,-0.6500081914585444,-1.1270368680702203,-1.9047623743689892,1685.26,0,Genuine
117858,-0.0242772798919419,0.2323602776838665,-1.8523270990157603,-1.315167742428191,0.5190622236049256,-0.4153215223103118,1.508063646152072,0.1528921483457346,-1.936743490127042,-0.6319419983100859,0.521031156614199,0.1851233909525427,0.2186514650023303,0.1581830027969291,-2.1829752864510104,0.6511829726078993,-0.7033556312919212,-0.2218062907394483,0.0966318011642227,-0.4212298772203871,0.4448215469759183,0.8190855192396523,-0.7688541453523347,-1.513103468295203,-1.9082221208421248,-0.1585269650423699,-1.034679067607484,1.310811172492305,1456.83,1,Fraud
15151,-0.5552239991287617,0.9135947917791992,0.835434088215865,-0.3800985635103225,-0.9774746369387358,0.7515196736861627,1.1228921233039248,-0.7702883559564846,1.0151438399404868,0.9768357469361728,0.1628554817840007,0.9812465300644309,-0.8601676918416254,1.2706548776924058,-0.677735582877834,0.0943885497118843,-0.4817203967093698,-0.4853112204521186,-1.3497762667606046,0.6743351210768616,-0.0984327709991102,0.2506917757749533,-0.8283636336313314,-1.2034979155922916,0.0895199744571219,-1.6644463148813795,0.5543567984903599,0.8023804432293934,2981.66,0,Genuine
66690,-1.6054089911845624,-1.140779408685891,0.1354024824836114,-0.7214163497458866,0.5461283531935511,-0.2044610183061154,0.6285179141007702,-0.0220518012568601,-0.3558997406143572,-0.3896900688397244,-1.143133001196258,-0.0778359498238831,0.655982846379287,1.863798199901956,-0.2034819318505039,-0.4675344843186192,0.424009891929984,-0.134043211926389,-0.5449877617699003,-0.9002791812308096,1.4774446835408042,-1.4659366256238664,0.8886659810489453,1.075333516702234,-0.3580549702358898,-1.712150472434325,0.7585721117009705,-0.3043341395571458,2232.08,0,Genuine
4499,0.5678534737712714,0.0068030983927711,-1.6684387539026282,-0.1478065035471177,-0.7934964583353113,-0.1635477470976265,-1.143660799663702,0.6615979632839485,1.169645022120437,-0.024320590038729,0.1198394151310441,1.1027580706619884,-0.3333146947152601,0.2534446490884891,-0.1105311097677388,0.1171225153231005,1.434694570754504,-2.4033455459053044,0.2222144286334401,0.4218995389141036,0.3723251660929074,-0.5427789794874188,0.6680192245769272,-1.2028261271443312,-1.3482655866100903,-0.7170286081697865,0.6267028847780233,-0.587528218967628,3664.48,0,Genuine
6295,-0.8060303196705698,0.4516327016495964,2.529564505462822,1.1128701407684969,2.0203595354706008,-1.012077442729771,-1.1432683228290843,0.4544888475833129,-2.008324004785841,-0.5571607444011802,2.7818718053792453,-1.0459574838905863,-0.6397513818137569,-1.1757270617024522,-1.9671064574613677,-0.8309391458067976,0.4261675798833188,0.3643257548998739,-1.5199745652732806,-0.1665371651378781,-2.4603044063111046,1.724963081703803,1.234070322481872,1.1419226684501176,-0.0810113654492918,-1.3267626981657248,-1.0492335752376356,0.1236000197081994,136.64,1,Fraud
120885,-0.2007918660407341,-1.0748990573091202,0.6244194122565521,0.2384808113639309,0.060100193906401,2.0956482174704503,-0.2481344032613507,-0.7697892002158454,0.5690260055274303,1.5812027649196847,0.7952672864993143,0.1528892666006424,1.3019659873948983,0.145963508417692,0.2032183661613454,0.3218607047961029,0.7065757799810598,-1.633940433179015,0.4690595142961675,0.062642403205743,0.4398862047644842,0.6583523424444503,-0.5456742295631722,0.2026516762883582,-0.4855033837263417,-2.624377157060032,-0.3834489856219646,-1.1992794202560522,4634.53,0,Genuine
126071,0.2869739584539333,0.2099120896418698,0.6701000401251523,-0.8393204017794592,0.6498230520728239,0.53148238220659,0.0467536860477187,-1.5753032789371535,0.5595792977942611,-1.0144607648192092,-0.7393427836324854,2.106611548176073,-1.3322410537860792,0.5891821503702601,1.0288767395270133,-0.0777233994537694,0.5675804506552077,0.7466933240886899,1.0203943492157874,1.6765327222671405,-2.06185155367854,1.1153860592652276,1.122588780237518,-0.5183749632028091,1.873861548770752,0.4825724380669887,-0.3803770149956296,0.9428897338319084,2838.4,0,Genuine
59040,-2.085217643565439,1.6866391858043444,1.3658177525620483,1.354441072784276,-0.786065099652139,-1.0827849482691667,1.398001531203262,-0.4070465432215459,-1.486132673356657,0.0667655397313135,1.8524598902133969,-1.5905647631749569,1.719075775667114,1.0036356434688862,0.9568066274758616,2.280894135025777,-1.6650166320615098,1.0721084740971547,0.5700300937544073,1.1561870442302389,1.2741084163595915,-1.138317668424555,-0.176576031439571,-1.052267876670692,0.9684890007890148,0.9713306754005672,1.7164436243798642,-0.1510287332481062,3420.65,0,Genuine
12183,-1.8613489036768236,0.5587697845606268,-0.580823952846502,-1.428857236544191,0.8164960238933582,0.1781824460578512,-2.779706885795537,1.1090486359367069,-0.6392561176021365,1.1082385610999124,-0.7833936214572863,-1.628757728938938,1.639930656356362,0.1372938753493219,1.2218433476960011,1.6335138558176272,-0.0161380285356317,-1.985608458812684,-0.4967924695834305,1.4815349971283929,-0.7678882002079326,1.2252784516669868,0.5799343316520662,1.9044313331486733,-0.9612927469476016,0.8751956440039658,0.2959922629952521,-0.8991828663813124,3023.33,0,Genuine
160371,-0.2997385766092028,0.9175452066641204,0.1304541120886768,0.2218835087720994,-0.012580063502112,-1.15346799465131,-1.0332062627430956,0.8543769651072106,-1.0595063959501991,1.8415494763953668,0.714304040711017,1.2799717033334883,-0.2222410705123475,-0.5605410801277734,-1.2129736395984096,0.9405598840152536,-0.3170906458176827,1.2950171368023753,1.1719967274622538,-0.8179567425498715,-1.130745798201872,-1.423953009819727,1.2915334137979289,-0.5883511492718141,-0.7402593606203306,-0.1443608104572148,0.1104271779676461,0.6644891261513892,4945.67,0,Genuine
143946,0.4545634822996556,-2.4524069234322625,-1.319321913779763,-1.5400859750117044,-1.4118517083219448,1.7224142939894491,-0.1942209144648364,0.4104032649251625,0.8632126225052527,-0.6948021015386423,-0.0461998307512649,0.2205251319352799,1.7851990785399234,-0.906787753956956,0.8790623081691834,0.2923229604207336,-0.1412312913313548,-0.1168709181611318,1.3874467233730277,-1.021744179120528,-0.7710494315119159,-1.392319201352004,2.071038667574993,-0.584183503225402,1.000580868065136,-0.1647052597986536,0.2779791952816012,0.4747509663376349,4931.51,0,Genuine
116336,0.7440382706491612,1.5579688491529242,-0.6079484472851845,0.2523179057305393,-0.2387627198882479,0.1996379607085458,-0.9968576286326885,-0.1708804114661115,0.308888482889243,0.9608058661383752,0.182129086312225,-0.6015000416597999,-0.8883426337857574,-0.1165540855360704,-0.9338205777905582,0.4203573107776504,-0.822853100273834,1.0769611192200614,0.3177889653629792,0.4667429008456766,-0.8936742407778356,0.8351193134848532,1.0724206569923913,1.4511662848830906,1.2125167080767827,0.099277701016148,-0.4294427016380389,0.8168516225697159,3049.85,0,Genuine
32711,-1.5913144958759071,-0.1861223477521695,0.3856600004692377,-0.3186274038925976,1.9311110688625377,-0.9755465279070666,-0.7981073383702644,-0.5167467620606174,1.5988488259017537,-0.6322649935230937,0.2188297181597726,-1.1296736355054997,0.994088944510296,-1.5010044478985711,0.7892399536629918,1.2408892275363,0.8683078173776322,0.9311485313724638,0.1490384224009214,0.3240232484116145,-0.155710160905472,-1.3310804289493534,0.2028162136792675,1.6284047898634235,-0.3331134015822841,-0.6546282080379496,0.4030330766094448,-1.2844840782417584,3420.13,0,Genuine
5539,0.636631484412815,-0.7686863140700423,-1.6652846671324522,1.0822379115263678,0.858977026043308,0.6975907356239166,-0.499162095885436,-0.1523284044543598,0.2029539342819655,1.377159868578717,-0.2475684264115957,-0.0359886028575648,0.0167996358099382,0.3943808605789595,-0.73735135757773,0.2881423643797537,0.0484734170867574,-1.4452800034097932,-0.619707049867834,-1.976459818148828,-0.860507830160301,1.5175609545221287,0.5609573064843489,-0.1399468366412396,-0.4809134069725502,-1.842594059205972,-0.4784475335556052,0.7367876998650261,3093.23,1,Fraud
126063,-0.2450696183163363,-0.1746378518099301,-0.6362895456780812,0.7206894711942295,-0.3789750689064935,-0.2780756720483134,-0.9458258640742688,0.7817716643021211,0.732244186889558,1.7294670517292745,-0.3893397076716586,0.1335790902803806,-1.8063938739481664,0.1773161454734154,0.3520231259296081,0.3496652708961575,0.0424319449703998,-0.8530857973623502,-0.4066767579688254,0.3376322659907682,-0.300824965308329,-1.2524098778833828,1.2490072741243812,1.1842349501348313,-0.1271577270311934,1.187474223222455,1.427713258395218,1.786539822553708,1554.09,0,Genuine
133629,-0.8831572450964771,-1.4850221582808978,-0.9279339599377208,-0.5871393319916629,-1.869165761000935,-1.288228655522481,-0.7724243274154764,1.0101906122357611,1.1720107413805076,-0.8895948985377163,-1.3168340845631634,0.1385272861047201,-0.6310109560847117,0.1723462271046906,1.535187011867568,-0.5764788682616133,-0.1472317228589274,1.6142122555132652,1.0721752631717496,2.047312462989862,-1.5422795359518504,-0.972062328175691,0.709901406571328,-0.6125324154624024,0.2899847584419737,0.0143476061725871,-0.8713736221790636,-0.042856451033878,963.88,0,Genuine
38360,-0.6485518560593707,1.0479420617521424,0.1420922456203449,-0.7789396408162412,-0.8324911782306316,0.3810463339002098,1.363232563694452,-0.2617867649222678,0.5544267265077274,0.6534635088850312,-1.125019030210536,-1.1394474175255471,-0.1745026900255418,0.717626817817652,0.9329363289683656,-0.6873171430399312,-0.6293000147553776,-1.24057209114962,1.849386684269254,1.8970533432698,-0.2516448881159578,1.1531715635507411,-0.3992503858466153,2.246972408476205,0.7256426241419998,-0.0471129036214552,0.1889441807302893,-0.1063565747174031,2014.41,0,Genuine
133272,0.8018573320401665,-0.3353957227737928,0.5747012616653486,-0.3150967330321093,-1.4064740040344614,0.3528418341378938,0.6143183401619791,2.536231309527593,-0.3841832029517792,1.1132865277717887,0.333963699278217,-0.3369489226286615,0.779006311699187,1.4509709587399102,-0.9222763573636026,-0.1072316713128469,-1.7820411552701605,0.3609244963893295,-0.414977314615382,-0.6996978063148629,1.4225873407027905,-0.6207521097688888,0.6147884488150416,-1.3112672496445927,0.7773919823471526,-0.3166918722865249,0.6704188395796908,-1.3903041697040046,3414.1,0,Genuine
21357,0.2740057850855715,-0.7386308120260694,0.742152804376457,1.87557146003434,-1.8450080064334984,1.137733632567398,0.7639433447420039,0.0924037757770562,-0.5702944452615362,-0.2942673876230935,-0.6827143161534163,-0.56808294634521,-0.477082410583518,-0.0704312270453708,-1.13888405523677,-2.614741992799992,0.2716840182670818,-0.7558922375530494,-0.1712986713765348,0.7110297208906662,-0.4485857525693494,0.7951548245050709,1.3036422284772806,-0.9140711978581504,-1.0556301489147528,0.5936371406280702,-0.0799921047832452,0.082076447295865,280.83,1,Fraud
119121,0.0503065227553204,-0.168055065688365,0.9988166447781508,1.6190684811080809,0.7855911301653025,0.0645035569177977,-0.0341227574579551,-0.3469554499349018,-0.0797334275285368,0.547714440193157,-0.910009888454904,0.6464438913965088,-0.2731452194103689,0.0769332757796769,0.7763403679167561,-0.0290678596488166,0.1135855457634183,-0.903984169903681,-0.6472381966493946,-0.8890297109225392,0.6241467681673727,-1.1133863639295636,1.8124299979954988,1.3127386018704394,-0.3597086979786931,-0.1180726529185315,0.1270026273308648,-1.0232421039832618,2572.01,0,Genuine
77505,0.2434957388078998,1.118015654576141,1.372116846572371,-0.9682681853686508,0.0623873963801656,0.1070602869585509,1.0111052126717612,1.4756694386095508,0.7965837898100904,0.6000172606433531,2.827323900588019,-1.0804494270940688,0.5409838222019678,-0.3696653479758426,1.319467843955265,-0.2421559447025412,0.5342417790726383,-0.0186792343200166,-0.430812740548882,-0.0958990771584026,-1.256290972012592,-0.2766007395255465,0.0621364714280489,-0.2892686375417059,-2.087850203114882,-0.4893843153801894,-0.2011771574033529,1.16757392158915,2042.58,0,Genuine
2869,0.9280977766161936,0.1314584007812206,0.607245453683406,0.8002253380013482,1.7951084483439408,0.1601330365451839,0.8477983179727842,-2.0382965297622757,-0.7661030618529515,2.0096501357897743,2.4893454252745717,0.0760277731803941,0.4880960017038377,0.5515112398502208,0.4297994895300968,0.8790298991268952,0.0723138400584873,2.191366295811603,-1.2580036163998234,-0.8202324739942018,0.5796960660417761,0.7408649162568267,-1.116759063605078,1.372163514811055,-0.0235321610643503,-0.3356314126993405,-0.9131048778355646,2.426415231958013,2637.9,1,Fraud
50108,-0.0970995674033232,-1.409693769533467,1.8873358988944156,-1.7314314288972656,-0.997641898797629,1.5952829945070293,0.5985379144403611,0.4800336945653555,0.6521535261796981,-1.971001719199911,0.5808240946462814,2.634226417635905,-0.0917255856637747,-0.007616334078886,-0.5111729679392071,1.2246352889322627,-1.079289813856718,0.7680904324722292,0.429163993448813,-1.1690157485579018,1.137584229394371,-0.8457241179534425,-1.7796754414575509,-0.4661927437212094,-1.387850851830225,0.0649021181175322,1.7340080477862807,2.4517518851609994,4301.27,0,Genuine
112296,0.0543188864542365,0.4649808297410822,0.119502521264682,-0.4473424610573652,-0.0022809347591302,-0.3100735232740708,-0.6541640551421107,-0.0727983926332968,0.3226323183103053,-0.0559135020548602,0.721511738088822,-1.1487304786589083,-0.3028454271602118,1.1550596677188392,0.0418700502668847,2.571430744810432,-0.7947966099537419,-1.05369282393762,-1.2681136379511289,0.8832914707282503,1.4252119832142796,1.022726845357996,0.795637630445957,0.6592636090447078,-0.7318092791386813,-1.1526777633137668,-0.3585777227619831,-0.8560524932113655,239.0,0,Genuine
94179,1.1381707401378054,-0.928979954322625,-0.1733211542505477,-0.9275643528624586,-1.3941743517469145,0.4694549688057314,-0.4420371483898754,1.4481843198713584,-1.2533061231994815,-1.250253401920344,-0.8124166410631716,-0.7472629779049722,0.9393064636280204,1.134046927531845,0.4324441314774951,0.5795401132418988,1.3394534158955294,0.1954500134384463,-0.5482435614472456,0.286493946811005,0.2007477006324356,-0.3602855075812782,-1.533431913887426,-0.6929919106011075,1.1040436951833923,1.4142278998742643,-1.3056515108791136,-0.7376884299747977,3818.36,0,Genuine
90272,-0.3315866242631585,-2.156101031374817,0.60730736336004,1.0692794575724411,-0.5948733611662425,0.6167454520156119,1.058130098732369,0.6049233586501919,0.6035352591904276,0.013798077733433,-1.1852409386045832,-0.0938624530987967,-0.3084666503306181,0.3160750067418458,-0.0895556513346071,0.1520267802670029,0.3189361620710061,-1.859411327743833,-0.0611286297504885,0.4441113906245847,0.6714427711028742,0.1200911681246571,0.3200403689774561,-0.0757433061074093,0.3900396193396865,-0.6070892163958032,-0.723067380296244,0.6051605557692045,3334.88,0,Genuine
38467,0.6181405952806814,1.4960072127171782,-0.2164111749925887,-1.290717519788412,-0.2221099619325858,0.3497765192307596,-0.5167337414509551,0.1391021698416583,0.1419210128523524,-0.7828580025820913,-0.3403358260938078,-2.942254412122821,-1.1893860234653737,-0.0796114393596422,-0.921280639493207,-0.566147544620819,0.8032162702039384,-2.25471678523511,-1.3140408319192651,0.6330342903055848,-1.2805188464017156,-1.0026625215317715,1.077677459914519,-1.2805004381474594,0.349076691821218,-0.7951760480868222,1.3287468388849046,-0.229962715281309,1020.04,0,Genuine
23328,-0.5037044806731414,0.4572298748276889,1.8525647287750493,0.4293502354224719,-0.3746539678116476,-0.3479046060595706,-1.2885241362644555,0.6626337975465487,-0.5505242111902932,-0.2549172193665906,0.0002965542745496,-1.426827457119774,-0.3944004493986736,-0.2732474474726456,1.0637385661630874,-1.0489410614423802,0.9189163932772912,0.169126823085341,-0.7738643362713578,0.1972512940804146,-0.3834098626752636,-0.770361742239243,-0.1631787433240431,-0.0478604227720818,0.0023046731233942,-0.3779212038003205,2.277128758759234,0.0140189630713236,3671.18,1,Fraud
91412,-0.4158673414117847,-0.0782706638034148,1.130983473135212,0.0007101215659635,0.0535406306155011,0.1206040073075034,-0.5360180747639782,-1.0555823121207522,0.1274285727142689,-0.8741473386855251,0.7130775595362863,0.3106925500432602,0.5468166708397033,0.4803665241207763,1.878286148978428,0.914208994398929,-0.9837276891840416,0.7149466867823437,-1.125357530984458,-1.037625385269299,-0.8002836749615707,-0.8441423552332028,-1.4959434378083536,-0.8778155370217368,1.4037821968946973,0.9091590151586006,0.3717062693928189,2.454342622628904,2482.36,0,Genuine
135059,-0.1040497567996366,-0.3456095146966987,0.7502781441995143,-0.1754488297295102,0.971609563251387,-0.0936577614328509,1.559405682219119,0.9668198344788588,-0.5116510232840712,0.1553674531356774,-1.830336501066509,-0.1756701207664866,-0.1492906117432238,0.4830266590575222,1.4265548185181705,-0.02745179701597,-0.3405048666106557,1.5610179956104762,1.0996107373069532,0.2103912264140847,0.3284528224929715,-0.6089732700197282,-1.259941359252865,2.0725507800097764,-0.627834874511648,-0.2685073944995845,0.7897344238534886,-1.083782369831578,2405.64,0,Genuine
58871,0.5152728529867655,1.397079500733316,0.1314193440413508,1.6715829507443978,0.8664175854545542,1.9592103601118036,-0.5350366643915968,-1.3445857570134712,0.2476720646897769,1.073894170183496,2.1472471678954963,1.0547071575436449,-0.5027639223642002,-0.2736327398434137,-2.171165379687011,0.4249162654903681,0.681013287731559,0.3729185561408425,1.4246753888730344,-0.21786873816012,-0.5282152200819551,1.5462030518478609,-0.9198164080246304,-0.3206904310351807,0.1636097012306699,1.1642087890564108,1.846464010643892,0.2666660897279111,2415.87,1,Fraud
153471,1.1941819625510688,3.0871551501984054,-0.4074771714148629,1.7596971923343112,-0.7693345840912993,-0.4577637854313058,0.3276547919866924,0.3584973808143647,-0.1679603696465525,-0.3727347874322195,0.2480247166855342,-0.2381248383449746,-1.2548031010876068,0.2884432257279964,1.1559820411206994,0.018569628716357,-0.8155350770145016,0.006392703086661,-0.789310232196503,-0.1914030813426133,0.6867879479792571,1.120789914599576,-0.1240565383363326,-1.1976593707368703,0.1101901751920962,-0.3296692973343756,-0.9609444958055584,0.3807366487705579,4746.22,1,Fraud
128391,0.0965452635387751,0.4487805185665164,0.7013250045677598,-0.1443928184529713,-0.0303541218636491,-0.9125785262522282,-0.6156879253714481,0.0356143410860245,-1.5299242320096162,1.4306222057285445,-1.5506967005485424,-0.3261441631961191,-0.1439366611491038,-0.77422194215489,0.5781997332001568,0.0446665826643316,-0.4082448917320059,-0.3388956749124193,2.763314672385596,-0.943644689170687,2.468590329113054,0.4517995776887288,1.204147381392916,0.6918415316310145,-0.348539400013835,-1.4208273355348109,0.3923399484306129,1.0500610845972844,4721.88,1,Fraud
86416,-1.4998369113235444,-1.029634682327876,-1.127097451846959,-0.3459163005999941,0.7940963749594439,-0.0062016914330756,0.763425554485366,-1.7630545763714252,-0.1380356218822406,1.0439568080091193,0.1574747953488598,-0.7028707751616192,0.2279128498530932,0.4509291195454621,-0.6572812722216178,0.2192188875637395,-0.5193668804962293,0.5278001164508673,-0.9340367825556468,-1.5062051852095468,0.6215747591417121,-0.6586182357396703,0.0117567705581027,-1.2078839735933908,2.1383036062127974,-0.8349568270994477,1.8266623886403368,-0.8626285878341517,4568.13,0,Genuine
70271,0.6314462935339378,-0.1544655188679761,1.5343635334410206,-1.5068733188031669,1.035736507429506,-0.0766981974286727,0.5367991907030225,0.0689420580960496,-0.44268389543081,2.034069018956833,-0.9024508630937254,-0.3428450781090116,-1.00738441237207,-0.6901900538918181,-1.9621826279355208,0.4220829036826554,-0.7381176921976513,-1.215937250509207,-0.4232610109361599,-0.5672353729328713,1.4116579833406329,-0.8420789546087932,2.153297849262355,0.8769800076872925,-1.220926491098285,-0.6861059072070211,0.8392416878216514,1.4834007213552851,4433.82,0,Genuine
44064,2.4538421741457093,0.4305726720940491,-0.1776367053853734,-0.00425898723921,-0.6611566846541527,0.1968435201686298,-1.4911847411653625,0.2819867517062984,0.6355863542987947,0.4113570120574287,-0.9725400967432536,-1.2115878181968127,-0.189287133647773,0.7720356474234201,-0.1136368522820975,0.9407202234872492,-0.1301487253600898,-0.6782779912211062,0.4929135775454938,0.5453595164417959,-1.18455256063805,-0.9696142920177672,1.0408792503495272,-0.5579052351543976,-1.8482527442097123,0.648580937581085,-0.2722985095422096,0.2624343806000337,188.9,0,Genuine
107450,0.1086688310673504,-2.349528306991865,0.3051067332407291,1.9533032557459908,0.7081644548002397,-0.4574466022013316,0.2680319870859801,-0.654875973957791,0.8797684959457444,-0.0616440416312784,-1.0624018871744705,-0.1474659029647874,-1.0938956418128851,-0.3167143311394588,0.3636815638676254,-1.2323051836077243,-0.4858320963821475,-1.1817882648252531,0.5872903962039655,-0.0694032942924377,-0.0849701333280106,-0.3038337374344984,0.2954806199935069,-0.0377194628884826,0.1079925471612826,-0.4583027694160942,0.3617149039004792,-0.828772334747515,2003.57,1,Fraud
171890,-1.7087676391795794,0.3344992017781177,-0.9096010761932888,-0.1287353395279232,0.331146509187701,0.1103734799328766,-1.6825868872985674,-1.012421998842608,-0.5090017618305099,-1.5852371965435528,-0.2564859618191651,-0.9712568138892318,-0.1287783012200916,1.673844259768037,-1.1068548904732292,0.586080850525131,-0.3985457330414952,-0.524179824964208,-0.319020661350929,1.78317138421036,0.2168554419378474,0.2801292145674857,-0.0715573964375979,-0.1897403086439509,-0.6030365964111665,-1.1805226692236097,1.8626531937613244,-0.180638146960165,4474.49,0,Genuine
19830,0.1696528894708512,0.4364251294930788,0.7229862631192213,0.7287592831437797,-1.065989113538929,0.1296070389712113,-0.5540677974289097,0.4921774034283972,-0.7893954765857517,-0.781687121593047,2.1027156907541777,-1.210765421246691,1.7254953621777067,0.0390979956004021,1.2322574823784276,-1.2881398982397745,0.2684633511159605,-0.7247646807197686,1.0942432938428654,-0.0655239301320611,0.0650556977945757,0.6142715576085312,-0.4976671907704482,-0.2537584605788002,-2.3213944800908286,-1.447569995946994,0.1513922507978521,1.0025290211393028,3775.88,1,Fraud
148501,-0.0030126031838392,1.3263421979872203,-0.4537416128383286,-1.3974973239192643,0.800157962585735,0.9059896893600048,-0.0114339166323774,0.3623150011608095,-1.680154047758961,-0.2079029894992407,0.092665338644107,-0.6394574375014047,0.171713274506772,0.237964891899888,1.2080194378740057,0.701422502921072,0.9980881914977884,-0.7924923223254668,1.198713519465048,0.1949123726675823,1.8433314580108584,0.0144081665820908,0.149292371294085,0.0622343354651371,0.3758601249070971,-1.831574199161682,-0.9237133843801912,2.0826175945169254,2283.84,0,Genuine
137965,-0.0871088433623894,1.2221233023730538,0.6492287903050983,-0.4347749297336016,0.1515432084324689,0.0930063837091518,1.8468659154624965,0.2268190892540435,-0.8140371230174078,-0.089507031161538,0.6938898059299213,0.4511528197386228,-1.581573365246042,-1.39866190512287,0.467915925672784,0.3202283166488511,0.7645790396989405,-0.6398760859995294,-0.0076749395217868,0.0166206744060595,-0.7438860469430715,0.5654481206678688,0.5423578313924943,-0.6632208577167329,0.2417834528940893,2.6536270622195985,0.6115470288307252,-0.3513815713515852,3866.49,0,Genuine
116381,0.9454098999771328,0.1111721602895362,0.7573934689773892,0.4624653058026509,-1.741390606326526,0.1024750306315888,0.3179124650991765,0.0088417723548836,-0.3232687743922703,2.348722402246502,0.9385142818314754,0.1422555075579133,0.3311302781446749,1.406543147176675,-1.372815033794736,-0.076605347477026,0.1764094156721366,0.2108073886966249,-0.1501027998817336,-1.0626470604960665,0.3231240276498764,0.9359513048206424,0.3212128970080308,-1.0920125909190643,1.122286513475154,-0.749365679251627,-0.903443211461044,2.1160648817781222,1041.72,0,Genuine
47333,1.378274786335724,1.5146369065803584,-0.6476321135885404,0.1058623980480527,-0.2938535607113693,0.516346379708517,-0.7670860872630427,-0.5665630169755967,-1.339263336154214,-0.2069767815564376,-0.144756328559187,0.6676065265542513,1.311814183194126,-0.0379346956276244,-0.2620754675492761,-0.0375162124548545,1.6393788314523077,1.2689959751427082,-0.6105426813772517,-0.0214609244070084,-2.4284677516955657,-0.3717560675107281,-0.4986087954573134,0.0388387731204129,-0.5560230581572195,0.44273293979549,-0.7342936006452632,1.2423470504920553,2999.4,0,Genuine
134508,0.6835857452010828,2.035678319038756,-1.1235291209139948,0.8246673344105617,0.0398575415849725,0.8676550631815173,-0.3172101025166003,2.272181452664769,0.8931365923302197,-1.7683532892706062,-1.161020018441338,-0.9232361356697696,-1.3840565112398355,1.7395045965380636,0.7236928854609024,0.1369152199174719,0.6590081571339249,0.2882683537422931,-1.0402474236787584,-1.0683429965563886,0.4246731053635189,1.0983801405090108,-1.031922315276162,-0.397744495831907,-1.8590212155943169,-1.2067312015762586,-0.465241306536961,-0.5106479736238695,2665.46,0,Genuine
76213,-0.1330580846710684,0.0279514552444599,1.5318999165445448,-0.6026718845586638,-0.6058244788175937,-0.9836757876265788,0.924196774442504,-0.2983308402480882,0.2621619604406945,0.6645703567778796,-1.598741683416161,-0.0131961323817522,-1.0454932173174225,0.0482436880842233,0.6577409817095412,1.0909837979226358,0.8045003676773143,-0.5732671148361506,-0.800461504818122,-0.068488211116976,0.505915855914551,-0.9837335232872274,1.8625657482644944,-1.2789613754619449,-0.938325394255868,1.2276403301537906,-0.0186097835454528,0.6024363606826578,2868.16,0,Genuine
136967,1.1256787843696296,0.4181870784677489,-0.1922990340290819,-1.7499885488236653,1.228228425498525,-1.2523205598668214,-0.7535168417399671,-0.8651133634687833,-0.120416714019899,0.6064982402693239,-0.3874521836668294,1.701792101538562,0.2583484776039645,-0.2141269182688125,-0.6990291382789088,1.0024520252250873,-0.1630489117467466,0.4380072250356491,0.5445315584070434,-1.7599353767854573,-0.0522514633192859,0.5863819169585598,0.6342479585555751,0.6142726003193865,-1.9218483360079937,-0.8574486126973176,-0.8455368731432081,0.8720713195751505,3609.26,0,Genuine
150810,-1.4938296412142409,-1.7672973531105762,0.2248488160456383,1.1220902303222704,1.2644684906781054,1.6954796293838112,1.0969784980014907,0.0544272752101337,-0.0166713043951352,-0.4589297044398785,1.1439363133819476,1.397514731907459,-0.0871154526523343,-0.5114736562743465,-0.5523906979007189,0.8853993762958561,-0.3866149686112966,0.1102347703860933,0.0007033236025212,-0.0694629503052377,0.395301516978191,0.0319640912493866,0.3555026861209863,-0.0163437606284597,1.496755962415692,1.8707373687876387,0.410647613590466,-0.2396919986364583,4749.06,0,Genuine
30746,-0.7160561207339946,-1.450973262441088,0.4854645246467419,-0.9361492892709083,-0.3824901589128449,0.7040754379281581,-0.5230512780473956,-0.1809410463111176,0.3060449535851128,2.1276704577526178,0.9353921500496276,-1.2746368858554815,1.211169370366708,0.6421827950995298,-0.7248159622771219,-1.3464021989713455,0.3760306635956959,0.1692687363296072,-0.2442053314994539,0.148047869210111,-0.5644893917448479,0.1753000540455248,0.506387679387055,-1.086680209252466,1.005801578220973,1.97194049047418,-0.3473235564249975,-0.6443789050106502,1320.79,0,Genuine
49377,-0.6046277786017297,-0.8381963140095188,-1.2537001298982204,0.506604027501984,-0.4922255213537422,-0.2193866363294028,-0.9153191555121176,-0.3215128084164904,0.6330949778695086,-1.8966210547429248,0.2563806280261089,-1.0084039261715023,-0.1806370527751766,0.5207567733814612,-0.2828884142829792,0.5762086245996563,0.9062158832190657,-0.0231428909649513,-0.5710242194528964,0.2201191954994289,-1.2215195435696824,-0.3678014685124125,1.101362359027394,-0.2377189097667665,1.2833343994046935,-1.1154207075691422,0.8187621786561448,-0.1335905917958091,3790.5,0,Genuine
54045,-0.0309506479319345,-0.4436183045170533,0.4626661368198876,0.4508568664884153,-0.131234673369321,0.019701936633131,-0.4910029609027708,1.8742760906059857,0.8090076368472653,1.2494570995878644,0.3888786165587085,1.697470389281115,0.8254474989892364,-1.33403462881851,-0.486689245746922,-2.3977640136188785,0.1744433360971706,1.7257421521077827,-0.5494016851548998,-1.434540468980419,-0.9885403706812108,1.2473210884075512,-0.4678665358319963,-0.1445490845971809,0.6664617075854008,1.239039273044518,0.0409092655096201,-0.3873488445326543,3226.06,0,Genuine
97888,0.5067346624868376,-1.0961230247380684,0.0991265361546371,-1.663753195031992,-0.2000805658066807,-0.3925616933298267,-1.6162844040880695,-1.1297478180046072,-0.3091309953130807,-0.2910967040780286,-0.1368243604457308,0.4515504262525724,1.5281032627129902,-0.5688904096232748,-0.6689302183219863,-2.13069859058226,-0.6331585532131532,0.0987967874796667,-0.0451481751605728,0.4807185294269913,-0.8525660188033742,-0.6042362857635265,-0.1296505350491699,-1.030783128943575,-1.400422764168434,1.8774024482029443,-0.1540292484504996,0.2760315859978813,3476.03,0,Genuine
170862,-0.2007129483372837,-0.0359954119772419,-0.6435306977043912,1.0491254172400255,-0.5925018938019228,0.2112807244415522,-2.172576981150961,0.0374370687937057,-0.1419349467842871,-0.9504177782792907,-0.4814819937879968,-0.1907300864040188,-0.8675893507753502,0.722484243566068,-0.1376176796489455,1.123937198312004,-1.2835986436536515,-0.5613535079126699,-0.1241142601141284,0.659018118399696,-1.292351608967118,1.3874582268503146,-0.7525011239357843,3.162417284935565,-0.4040299777681965,-1.6026739065019229,-0.1143965519430991,2.1826309360742027,2145.17,0,Genuine
107455,-0.9060357945022748,-0.4137091676746184,-1.1565359848377292,-0.5665671945289692,-3.7087966093232914,-0.971837189404688,-0.0825353893208588,-1.0626730249285117,0.1729701059441638,2.40039827793742,-0.738183578853878,-0.3024116695560667,0.7476722752778516,-0.6444757702153827,0.039991566085223,-1.4469294993322073,-1.5815269015696551,-0.7772019040482419,-0.0010402124008151,-0.9581669910005628,-1.3318223663781232,1.39403206626923,-0.0071893183556574,-0.0077885100982269,0.7924970914794153,-1.4871364257697022,1.4598878109140747,0.4586889442188117,4722.95,1,Fraud
136672,0.9748502846961302,1.0708952313396154,0.6058855479572698,0.0550546219869616,1.7548118755996145,0.840166985089926,-0.0672978783435597,-0.5410247713960286,-0.1827613279846316,0.7366967302912816,-1.4714502443018458,0.2274597786057476,-0.4008614325710878,-0.817036930982798,1.087052822380546,-0.1791236822512338,0.0425471479473998,0.9014207805347968,-0.4446206277737362,0.9853641752586196,-0.8300641653914089,0.4511120876428193,-0.6759428020694296,-0.2199193976225718,-1.6993850750201835,-2.092791687189082,0.8824420425414808,1.8088153684783423,2398.8,0,Genuine
93179,-0.2354567222046938,-0.474773645483708,1.1277120081948795,-0.3581825639655565,0.0004179637781422,0.1754533986285016,0.2564617845366663,1.736115949895032,0.8723174158868706,-0.2984386831980448,1.797125816625119,0.2399935051266813,-2.215235750425496,0.1962438502353954,-1.7812722550978268,1.4043414576754112,0.8159623694618665,-1.1864669062779618,-0.670812409845201,0.1886938882108883,-0.3561031817188112,-0.3128366173188122,-1.0063736243234187,2.43688204041543,0.4407632559443806,-0.9397045820623482,-1.4287859265407514,0.5684305457289721,608.84,0,Genuine
171836,0.1021289208710336,-2.2867179482154945,0.1785905173928029,1.622591502232909,-0.1783101119290764,0.2116270960333512,-0.0874741847255726,0.2814450557218931,1.227322438138098,-0.3187636888662524,0.1711209673073265,-0.5331611290651908,0.476375837817217,0.0871450027165947,1.21926331311775,0.5837673251520977,-2.3030611851704426,1.3569915023901475,0.0084244706948002,-0.0602171858862281,0.1318765022589639,-0.8377733957530109,-1.6196848184178132,0.4565856156670533,0.7783082288825419,-1.0055497804992484,-0.4993395975206487,2.8933535847244958,3403.78,0,Genuine
45714,0.5510677454759079,0.1257511725354201,-1.4344653418496869,1.3434902081840627,0.3251691300519507,-0.893942382678522,2.3292531241058225,0.2693705951883843,0.3440733145281615,0.2754188353702143,-0.4424652556570986,-0.1632005077480574,0.5994410354027534,-0.463987284731171,-0.7473157340399759,0.3700001993304105,-0.6074735446391438,-1.9166661698618253,0.6497969928681732,0.5678622260240336,-1.223907653940287,-1.994372296735167,1.658036634178583,1.2087444135670846,2.263227528627352,-0.3339908949868428,0.096367300629172,-0.8135689870652446,645.22,0,Genuine
102946,0.0388776079229468,-0.0141980244113391,-1.0573328171747305,-1.812334583770722,-0.0800577485340899,0.5242670967726355,0.1684093432726972,-0.9394812281278544,-0.9081916412932372,-0.4619635159183645,1.8211665357924811,-0.5682208367130831,-1.5492426984289036,1.7673863326594843,1.8605067253363572,-0.0544208752281033,-0.7706283649428919,1.226283005325677,-0.5085921483079769,1.6214575928540245,-0.9338586473144764,0.5398781187043719,-0.3345432992353185,0.0942986912878252,0.9555360257614004,-1.27667622848954,-2.17618314092002,-2.065695459380884,1614.05,0,Genuine
109616,0.0432716947442902,-0.8620498814044937,-0.4321237093240537,2.258827121908189,-0.4303158446454495,-0.870971643146041,-1.376462856116605,-0.4246215587167818,0.5084011208320753,1.2996085246088045,2.011982430762255,0.1687405096752837,-0.4539292154710289,-0.149010616318601,0.6731970342832186,0.1258918965464835,0.3792660472904768,0.7972306353435351,-2.387358128273637,-0.1407888888541772,-0.6142649657876316,-1.111495049676949,0.4867552886767526,0.0642343638369775,0.4750740590131374,0.6917336699985505,0.4287900296321217,0.2731902136820883,1140.8,0,Genuine
105983,1.0304734204358297,0.094999883497037,1.56461974116075,-0.6783067325151962,-1.0056459863919494,-0.6921508599087859,-1.119914855702583,1.8231215215585037,0.3836990542108262,0.087685393062578,2.745158353008374,-0.7375675709623474,-0.6230051569984238,-1.2649941562610405,0.5473381605768302,-0.6251814838036688,-0.6668083329521475,-0.4395645075565373,-1.367473584193385,-0.4939978571564244,0.4368787714413325,-0.9714832227088086,0.0963584312973241,-0.8553020638360033,0.0284677403162758,0.0304735874802694,-0.8485258692748918,0.3993258190710185,2695.13,0,Genuine
124123,0.1513694745703764,-1.075264588226335,-0.2467506620988755,2.102436676981838,-1.838612776495696,0.0876219234417512,0.0003046693487282,0.4993622464369111,-0.9920420253174967,1.0175644516970628,-0.2483274483379091,-1.2677465736151772,0.8099877460973516,-1.6189116969725197,-0.1040146566608131,-0.4795820822308051,-1.2304541745946236,-0.7502008996949683,1.0742511095567344,2.08064061246628,-1.1951318622954057,0.5510078318336075,0.4972261448644716,0.6688860916990522,0.5432459105742072,0.4243891480818799,-0.7347996319745712,1.5762102881673732,1738.17,1,Fraud
149661,0.862796985790489,0.3298399536233427,-0.4685689227981998,-0.2562095721399844,-1.3543789299543936,2.507331899615652,-0.4354266175584705,-0.3397148516429046,0.3825999593287268,0.2079263449966676,0.1052307727794262,1.4753757637102802,-1.549191433596769,1.0224761275860634,2.063024090213033,0.0864634703962544,-0.6089860483351621,1.2321489701959334,0.993738016281358,-0.1729117884980141,-0.517264530447445,-0.4298850005674122,-2.003509260554465,1.8486937072978928,0.6104845305738694,1.0295882326421495,-0.7018955552025365,1.9044603120609795,800.11,0,Genuine
43484,0.5446674443183898,2.6329244369298515,-1.6734847996761149,-0.3409167060919351,-1.1166740667101471,0.1714661333548093,-1.2284798971634645,0.4406072569699391,-0.5441905186460121,0.8698349991743388,0.6509559224948106,-0.0695755987663637,0.1067588042753369,-1.0973927473089864,-0.0306050940035951,0.2324052136536829,-0.7656989702282954,1.7994832422586764,0.6467577814343359,0.3666532027320892,0.9724055454085077,0.2175995813959798,-0.4698863103818978,1.5771034574115992,-2.071561677597336,0.2630870065350204,1.258947597291979,-1.5591112871133113,3954.28,1,Fraud
82989,2.016887544186916,-1.8056054729067663,-0.656684790110111,-0.2473277330778225,0.6509221580409689,-2.568800879667569,-0.058848082632863,0.2676638632112089,0.7460938150772825,1.3455097517464754,1.6621851332477715,1.6970546597239866,-2.3396933830772624,0.0304415594281471,1.5116974207212817,-0.157841199694614,0.0129891939017134,-0.6136002518425555,0.512663878363837,-0.1733413252472995,-0.7946225092256443,0.4605826615837699,1.1595412442049111,-1.2105881829874343,0.2134368828338695,-0.2238758182674751,0.6091952151755358,-0.1722248355819543,2342.99,0,Genuine
36212,0.4094134178691302,-0.5162420870091603,-1.2329363539908302,-0.4007896449794901,0.7246231467643945,-0.6425013833607505,-0.0442242293823418,-0.8394396538518765,0.5002705218000001,1.6809298322656987,0.0620231779567264,-1.9322827211833773,0.3795097827753808,-0.8739775322681247,-0.5745328873504338,-2.236330499363674,-0.2147918950859746,0.5804371910337949,1.0177082649330014,-1.6070574861417042,-1.2472789300219596,1.6047001515392298,1.9430678233875949,1.859561189381052,-2.644695894209412,-0.8213413750692259,-0.4505915470979578,0.139020402207091,2272.79,1,Fraud
43525,0.637973270150773,-0.6765051214491359,-1.0031798309228,2.524396537823222,-0.8817991044667711,0.6837291122205738,1.595693733496715,-0.3688082485220739,0.2229865388357236,0.4909466876202708,-0.9833548570347044,-1.4494730358034844,0.1251289642004842,-0.1021115671166994,0.7165936521791433,1.5648743979321735,0.442481440768472,0.979496889786781,-0.3431600665409111,-0.3075237864222139,-0.0872192627364798,0.1985736717934029,-0.364515041447399,-0.8273760659527897,-2.253822207658396,0.897514745189457,-0.562317816214651,-1.15362809209285,4431.93,1,Fraud
163707,1.101656713996367,-0.4332598834875436,0.1199506801587424,-0.0763631993206342,-2.663654140437395,-1.128460944984124,-0.9160897071220958,2.2545361021078656,0.0385467338891692,-0.8665470856410711,-0.7533795807673912,0.4667947742561354,-0.5109606079931348,0.3479869077986218,1.898180775232312,0.9372865549652682,-0.0062503988368169,0.602936153565137,0.1389150467775316,1.111176302373768,-0.8312099196634536,-0.5496146535068035,-0.2492585697217667,-0.9406229927479488,0.042064072869652,0.2704521926145996,0.1647452250167559,-0.1398770939859846,2694.58,0,Genuine
63208,0.0636177599501698,1.0199245795969742,-0.4011642056111772,-0.3022964325386896,0.0091207195018763,0.8311024411456599,-0.4177278059081727,0.392002583446641,-2.1333720733363397,-0.1725822675284443,1.1774314493888824,-0.0687325935868571,1.428297225490979,-1.3655418554707826,-0.8479735140054665,-0.2040495560381346,1.0149674851900448,0.0543131587339278,-0.7717608436099844,-0.8098156386046926,-2.7619446699856955,-0.0750782434032591,1.0664155128971449,-0.885863155750403,0.4785726650448128,0.2187769864849199,1.5956298207624795,1.0908595189310175,3549.77,0,Genuine
33828,-0.6378530967294409,0.5428265593190245,1.6994944526713458,0.077010757492944,-0.4215422156593184,0.1588205747650297,1.5926163890956315,-1.569042011309543,-1.2142751046573363,-0.0261378692779601,0.621035193154656,-1.1576900630542082,-2.623149905574143,-0.4557016089737886,0.4912601685411608,0.9684281249067952,-0.4479412099352875,-0.3898298473309665,-0.1753342041747755,1.3182961154475186,0.1990457679400684,-0.577868609519809,0.4407281099440999,-0.3910263281509284,-1.325944844029601,-0.6052394131958907,-0.2569357306778165,1.162379223063496,1641.0,1,Fraud
149783,-0.4741455811234567,0.8487665026064236,1.0780033727074767,-0.9673351969247052,-0.4462624867001313,0.9913271925907758,0.3285862079306091,0.510210148246411,-0.130801219789871,-0.5732088380786067,-0.1729101124904804,1.1364953572903145,-0.0181549265917449,-0.6735902874392508,-0.7063749237925362,-0.3585262527556805,0.6201059198382809,0.2780101522808401,1.896257908840204,0.763643430661518,0.870237091733588,1.8797545838515533,0.0296375725513161,-1.9326747338073484,1.093825224937795,0.3002238167842224,-1.8629709206191905,0.3745019611951953,2806.89,0,Genuine
3420,-0.4645069255024879,0.0304955047535981,-0.6088839378103388,1.5971205342902508,0.9559374757643648,-0.5588541092509973,-0.9219547275193818,1.3030882730279465,1.5193835478035362,-0.7401542230035516,-0.2386801115863901,-0.8698933292308718,1.1975985586161837,-0.9653694662898652,0.4296625775031524,0.3175395415113135,0.3178509182144678,-2.0857125686970965,-0.8266245435344761,-1.0042736595923734,-0.0223586370064261,0.372233594480912,-0.0645514933444388,0.0527441842380887,1.51950491698736,-0.7816244133630316,0.1682533300365784,1.696022496801454,3632.35,1,Fraud
96752,-0.9503309681967184,-1.3220993199448576,-0.916817841740515,-1.4710808356931313,0.1386526254728523,-0.6367839149327159,-0.7147321845109091,-0.9043781801527276,0.5646810681327797,0.1745005692104103,-0.1728655385636517,1.1985507031120808,0.1288085791274082,-0.3756661191956731,1.8939885180303484,-1.9232136978347665,-0.2953979696530294,1.3407446489653732,-1.1651642778157127,-1.2044121925387077,1.0431983156291322,0.5846676791502471,-0.5704764676825121,-0.2595589478380473,0.8059442248332697,0.3100089081041005,0.2731082312876877,0.34849192348425,1483.06,0,Genuine
131373,0.317805169201884,-1.1146853612599796,1.3826419356641928,-0.6140086070714053,-0.9763796485200792,0.5649851582845113,-1.2141587550346613,-0.4568422966834801,1.814046329058915,-0.9833076381077314,1.2390390298886007,-0.070434829577427,1.3660661476625513,-0.6238002920644082,-0.9334191307950552,0.2567337250340781,0.6879840107156272,-1.706756818730478,-0.1936334380003817,-1.2321947806652311,0.6440258981101058,1.3525019092298844,-0.6054512860442937,0.0415182392942553,-0.0267196126033075,-0.2647891944106076,0.3691864911677939,1.2791572101451372,3442.98,0,Genuine
115294,-0.6295165480490841,0.7462597074665923,1.660042489483483,0.9366603098467922,-1.2064130339590495,-0.0075283749721594,0.0772726276736602,1.453770954958518,0.0829871936542429,-1.177400490672593,-0.7889529461122257,-1.0699305655958893,-0.4505734615853125,0.8729879859083011,0.1560080121177067,-0.2813383057087065,-0.8022238411427147,-0.838488147577181,-0.399883788694051,-0.4086682859202669,-0.8548996682102352,-0.8476496922941364,0.1320403466849971,-0.495999428229066,0.3062580266162292,0.7155540527663029,-0.0378765551349079,-0.83838270477265,2844.25,0,Genuine
124019,0.1948528212018469,0.1708318984132972,-2.194248243545532,0.0423521307674319,-0.2626113569849563,-0.0680228117862742,1.0311599848356707,0.0349124688262303,-0.0308507638252725,-1.6944358314583556,-1.2134111008193456,-0.6687385186691387,-0.1671605070499331,-0.7157770938141539,-0.8344712580041804,0.2180561806141757,1.2398366922151298,-0.337321643218443,0.2659793181088437,-1.089598850347629,2.0495068792870352,-1.4264887058628657,0.3166598119505073,-1.5919949862928766,0.1128772992638342,-1.328484952593468,0.1364967828359375,-0.772263507177827,2171.53,0,Genuine
65726,-0.1586744437106363,1.2602074060788384,0.0928576239717014,0.5492151825000465,-0.906412762189642,1.568969868949063,1.6309012756323256,-0.1428782227912899,1.4251251865870396,0.4803366948354156,1.8168087735791243,1.372153027910753,1.2332569317199873,0.4508232784666776,-0.1292813134177646,1.7098883646519427,-0.7763722182404464,-0.9986785740334908,0.7928696901583906,1.21981437909695,0.3211435818976369,-0.0227407793717454,0.3687056376044234,-0.2604243870277324,0.2139817973074302,0.0475708738672837,-0.98039300137428,2.0771455518906614,3565.13,0,Genuine
141564,-0.0416214932925149,0.2932621032467971,-0.2518783078967272,1.5331641166854302,-0.0723976240276173,0.604140927061785,-1.4862817309347771,-1.336058029878479,-0.1592143048393485,0.3412479781479768,0.0250544720396603,-0.2977470350450578,0.8945537405250289,0.4158269831148106,0.6212263517886641,-0.0180870568164567,-1.340647938944267,-1.1282490112117824,-0.3745292031567242,-1.1835570145570518,0.427802908110638,-1.4236788222134762,-0.6854675739366733,1.2204040671959286,-1.024146928275324,0.7028108883228197,1.0909663438521908,-0.487838876565018,1585.2,0,Genuine
115668,0.556056647828856,-1.183014993332125,0.6491201400599369,1.0038015483324798,1.026142044401966,-1.989922966695728,0.8691172369833301,1.0705663084808672,-0.9864699064811836,-0.3246755032398344,-0.0793287591420487,0.9723408713396544,2.3992533081567524,-1.5011069916300126,-0.2981682904513967,-0.4575149025242573,-1.4187380222351675,1.40947630134635,2.1067787887670137,-0.8917090161545982,-0.993467618551829,-0.4111055895992659,1.332597318877908,-1.0101721038943874,-0.3726081571226364,0.0745702785299829,-0.523725345284531,1.0136424641130275,3572.8,1,Fraud
6102,-0.5418991243885478,-0.521901814183155,1.942668124161504,0.1374763451411452,-1.37978241159945,0.7990681225163876,0.1643127978005483,-0.188469036750627,0.3167541176173644,0.9942312757686516,0.670992119717739,1.4004400847983254,0.1028167872541953,-0.5056995154488454,1.5739139823955863,-0.4464071668628382,0.0910907864845923,1.7963597590524445,1.2306970417369825,1.5188488040743884,-1.5458485354575846,-2.1789128076637514,-1.621280747056584,-0.8772918845377298,0.0595791233301661,-1.4223249171096577,-0.2577896194991118,-0.5269813230634949,2756.02,0,Genuine
118015,0.6388910459367731,0.5648141496829298,-0.4840570193277982,2.0893426498517984,0.0877794348089686,0.6989688004151218,-0.2619303648367475,-2.1709829351567693,1.122513981992394,-0.9988093573220522,-0.9889103585345824,-0.0804232498559869,0.2002464259392071,-0.1100621517445994,0.4833436319714619,-1.4161413233888327,-0.5641652529239781,1.5485164462992058,-0.7635268983526717,-0.2634328453316102,-1.083393938414666,-1.3516820355759254,0.5296161847733705,0.4548790043244406,0.3371493845077666,-0.7445370190611232,0.3933076085673672,0.3901878946778335,1228.77,0,Genuine
26641,1.5673078666389522,0.7103324962386257,-2.060698514663914,-0.6283361487962332,0.9150499826693896,1.1849112872234322,-0.4173380398793163,-1.572637514766254,-0.8259475130812093,0.3808741073218912,0.7504960007764772,-0.2231929529262036,-0.4614000750236939,0.2654118521226006,-1.323411597450132,0.40424659998645,0.1812397780315675,0.8355176584902099,-0.0790886797456615,0.4214684213647921,0.9201012138461444,1.2229300246180337,-0.5399333506425388,-1.2380238006295083,0.5895478629821586,1.2672315436081552,0.211925426668732,-0.1357870797685486,3341.71,1,Fraud
165656,0.3431090829517585,0.855108632154688,0.5790077001492636,-0.100309640992553,-0.0861873358181089,-0.939698419573509,-1.9209318358947145,-0.5615806151826976,0.5890435396780328,0.0541633604354796,-0.3827272393307727,-0.4049681375800822,-0.2040537871231778,-0.2363693232026948,0.3197945349331578,0.5344303775459021,-1.1026814775897444,2.464552720221969,0.5284029091356397,0.4645149818847245,1.710498376534256,0.4046368779762415,-0.8658911072948949,0.225811877805779,-0.9984449193149908,-0.0707739292643599,1.5763030544625896,0.716133812960926,4423.94,1,Fraud
163817,-0.7820956852724686,-1.048524113205193,1.3899640686042023,-0.0304403315027664,0.7215808951176532,0.3248058252101228,0.637998629068246,-1.0728422931626356,-0.0932365086643296,-0.7406803386727723,1.1256725366840077,0.3520976243218581,1.0780655633926064,1.0419143254207892,1.461117851421829,0.0654172128685894,0.4869846343016173,-0.2663019392899918,-0.8289136397363625,-1.4544338565658623,0.2887510711853167,1.7976514820063636,-0.3248276601369739,0.4440414377936213,-0.1727741195201245,-0.8192878634402244,1.309509216052091,0.7108360816016096,1550.76,0,Genuine
154165,-0.6150180113397963,-1.201030166076925,-0.3037597815197747,-0.1024217660169797,-0.2872724921154622,0.1116300212431814,-1.3188567758433491,-0.9159617536999785,0.4513497845670562,-0.4925424297965046,-1.533734101670181,1.5059300240000648,-0.0002653715773057,0.1047459782476503,0.542414211778243,0.9199072255746392,0.1840667438083314,-0.3622764090877158,-2.064695446651412,0.8027784473060202,0.092524974339118,-0.0311380696693108,-1.591609958932217,-0.563023280031165,-0.2684311771857411,1.2542372880918544,-0.4933054274555015,-0.661536593460832,4061.85,0,Genuine
103746,-0.2482629007851155,-0.1898025197474207,-0.705037480139661,-1.0692106569611604,0.1708280794236369,-0.9576318474797532,-0.7481958150577084,2.3446698953034306,0.3135338770450984,-0.5694959800544428,0.450666187966131,-1.227036399306327,-0.8072914936139879,0.4455145370641826,0.2607610446059979,0.9294073937190812,-0.4574867711358297,0.0112654135953627,1.929378763971051,0.6132810221763285,0.9672396319347984,-0.0695322070433698,0.3542745177962548,-0.7497486526673303,1.959490556760112,1.5496688217543522,1.978168548243892,0.7498933542558964,1681.32,0,Genuine
36631,-0.5948902970695659,1.4400735165334546,-0.4372594053776993,-1.5836498251604982,0.4407849323421764,0.9467665679065806,0.4179846345532963,0.707523013666104,-0.4143043916358271,0.2527539690614457,-0.2312325711906077,0.21915235965408,-0.3760518153977747,-0.5921734534352558,-0.2975320060233332,0.0698338086021186,0.6248537468091299,1.4290406046145134,-1.1070048231036829,0.6525097333974047,1.381168434697175,0.2154746155286633,1.614484304484757,-1.4090482198831205,0.2497612082814191,-1.178756702046708,0.9493372619670684,-1.1424945248616043,4105.79,0,Genuine
72991,-0.9911803096100498,-0.6938683208080181,0.8502053671312348,0.4172015743791935,-0.5720024382631347,-0.2415459993093825,-1.816635570449106,-2.577345022994343,-0.1061878610485423,0.593428873655553,-0.7046432981233319,0.1758794268582716,-0.0903285852488262,0.4600797510175246,-0.0970267209908822,0.5854957930502042,0.5750597983909651,0.5860257867066712,0.8524244007896937,-0.6786761866809701,-1.4520660278104662,3.5886812846989797,-0.6442779085883145,-0.7910617041077553,0.6737595987169488,-0.5029770887051043,0.1300509480212709,1.7257720983830012,256.7,0,Genuine
4014,0.1544072769616918,0.454971890600973,-0.4544609412849804,-0.6334737855506571,1.9906760171899995,1.1527323912523346,-1.3207939428146998,-0.3143219112205023,-0.3532278267338046,-0.4263938315145943,0.7713445792127391,-1.8041871096969584,-0.7425112686281092,1.936389605903664,0.0108417442869864,2.1726809240189207,0.092075645130598,1.7274728081395003,0.7004293207406664,0.2869510323844013,1.6279339725516555,1.052604736752287,2.350864718096347,0.5677678986831728,0.9964732101386364,-0.3443704076286071,-0.6628957612042072,0.3592390869746082,37.07,0,Genuine
11093,-0.2211973317257989,0.455061138938965,0.3287603003428453,1.90780878898128,0.5775801803319217,-0.742858785067476,1.2186626591435397,-0.0894934073538681,0.1187482200397235,-0.7121045241176391,-0.1483219228535517,-0.8874657319802123,-0.4579591431562312,0.5265853628894035,-2.4459392240511124,-0.8220538954011098,0.8872820364954547,0.0653195493584684,-0.8158499203921366,-0.1729391322053214,-0.3804931522719201,-0.840604614038144,-0.8608612555127514,0.8382554785696985,0.8538185006347442,0.5332075345024466,-0.0644875980261352,-3.0278002060686195,567.2,0,Genuine
18070,0.1897208835580581,0.7607727496706133,0.02780291573994,-0.0725423232352394,1.302985498716921,-1.4605854707993953,0.1220588795727293,-1.4769339339366343,-0.8460972013395615,0.1372221285267567,0.4660127981568643,-0.6825411066876327,-0.9997942950310515,1.103015474669573,0.4636985280175251,0.7731645302189882,1.110498987235779,-1.4985681304559393,1.9599041540046147,0.0931376627445258,1.0839795139589423,0.4073421500270347,-0.4232363359253558,0.0636727619902921,-2.034550992744701,-0.1803685745110461,-1.9165051260728017,-1.308493858423902,4369.84,1,Fraud
35777,1.186387412215288,1.6644402539482102,-0.075379612422766,-0.2514892574914903,1.071023946360768,-0.2425661820311445,-0.662201367124373,0.534386305535943,-0.6070849354948239,-1.6517511675084546,1.2657119207863032,0.7640295328002383,-0.4226048015905454,-0.2915494820064476,0.9966978435446922,0.0868243662965474,-0.7885568176832289,-0.6732461775146538,0.0645891602160583,-0.777219077067954,-1.0676317057846083,0.1525657165293534,1.3598111155360073,-0.6144529262771273,-0.1782287446845342,0.1224301417077692,0.5431676066115614,0.6843912070992826,2669.08,1,Fraud
56958,-0.2363528339243592,1.561906424766106,0.7012923267522329,1.0943397864026545,0.3272892692834113,0.2319131825624472,0.1259961543035097,-2.0413893251399187,-0.4139604055192921,0.0343574664422713,0.791495644220616,0.9389509112008212,1.166209150974848,0.9242460040313976,-0.7479296709768382,1.0457465631098726,1.13245629667716,1.0247314117982549,0.1377682940554476,-0.1902444933983697,1.033501980602031,0.7209050233526656,-1.1971256770313017,0.0733098444666403,0.6779908970296495,-0.1460369311091459,-1.319010525539858,0.960631103096029,2970.91,0,Genuine
82074,-1.1854200046803112,-0.5946058338395052,-0.4785798998641943,0.4021926374477217,1.3857894223598075,-0.5341959272189118,0.6694763375097366,1.0969469577703703,0.3917029056213892,1.5617754845216862,-1.0803711350471397,-1.8753783999182243,0.0483893952322908,1.0115686238399184,0.2324836225133389,-0.7934887438803548,-0.8990679981798831,-0.4946204922297327,-1.5382560591008947,0.976901732424442,-1.433695122590613,1.8732200132773067,-0.226619506663822,-0.8183235851180998,0.1301491084549736,2.1998913734674197,0.4880705973742946,-0.3907207724355412,4211.19,0,Genuine
10729,-0.3988924922535511,-2.097895441308674,-0.430586560182279,-0.1755174277870488,0.1879147111919173,-3.0644568687582274,1.1247678912376766,1.441529981722884,-1.4155339292881792,-0.703963270212981,-0.5417462550104892,0.6392020829551665,2.461319393641058,0.2454486208545825,0.3536116037250646,0.2002787418661779,0.7715405010829017,0.0953615388993796,-2.111989259852429,-1.925971782859349,1.1213130203425057,0.5877755849105063,1.7190518595204825,0.1790948010844235,-1.667982688486802,0.5735149815584801,-0.4790369177823738,0.1570272335008161,254.18,0,Genuine
158823,0.7704252171166425,-0.6785293353647427,0.797602849999754,-0.6407317477644433,-0.7297752831743629,0.38364914491877,-1.1124351753597888,2.352585078957002,-0.1071296348409318,-0.1768551600749489,0.4592913467518884,0.5099279848203732,-0.7638653929908276,-0.0747509370878234,0.8102972057766435,-0.6796001255987997,0.947209907925634,0.2467636738559173,-0.242574589582656,-0.3659557852192974,0.6433463271012198,-0.3707593431485329,-1.1789227138150082,0.7468620966199958,-1.0434288227294053,-0.2936084891166485,0.127581795678788,0.725638811550968,1936.15,0,Genuine
105864,0.676770270716955,0.0756722940472353,-0.9869253241686524,3.6577018039990743,0.0148192315629632,0.3789806905220257,-1.024838162912178,-1.574329254232913,-0.7082089975535188,1.0245617493024457,0.7938769015736241,0.5783866764705748,0.4854944953388306,-1.4950872519669338,0.0123434041209819,-1.7669873806862209,-0.1746517947547645,1.8081836903960395,1.2972624583865957,0.6387589658053443,-1.572042887717637,1.864348918897747,0.5905521293314204,-0.4653546107441326,-0.8878313206638799,-0.2778519850792899,-0.6159727776295738,1.3111315522668046,3215.81,1,Fraud
130858,0.518639647613567,-0.3616452776856571,-0.8802201908223272,0.3617857622617386,-1.0061669124151311,0.6871672785409663,0.6083432986787269,-1.3708973585001358,-0.4114119136849328,0.7546733410751487,-0.3909562759339023,0.1527459642976537,0.2222058235813839,-0.0323844737647675,0.5396369064823264,1.4043876657184458,-0.053263253213913,0.8794519557270544,-1.861826741183744,-1.087858421532068,1.275413769947404,-1.305873299510102,0.5105861235032674,-0.8030958372354811,0.3282313766896183,0.4731424903090981,-0.7217473374131083,0.9078535688078768,2024.0,0,Genuine
105510,-0.6247067231621034,1.967898942928135,-1.2603142913435934,1.0844295773843962,-2.1017043281098022,-0.3804924355507773,0.6404125685001011,0.692672034252731,-0.660169197515097,0.0618390817248507,0.1978534795278551,0.9504398451293992,0.6504395122340233,0.5652234729236855,-1.1615954301915894,-0.434463513285341,-0.2990284548868597,0.6833000765549301,0.1453537980583883,0.4003531792460131,-0.9759787090555416,-0.2711593322584775,-1.9227365655309352,-0.4877176881259738,0.2341443080614996,-0.9551511387339672,0.7341771071831501,-0.5603895227438106,161.62,0,Genuine
54748,0.7519026180326984,0.0187803043164492,0.8490109132765532,-1.0229455202334954,-0.8525422430590254,-0.4350517323819072,-1.3439689817701164,1.1826800550659773,0.1945719809163091,-0.0585285260634422,0.1915871063939701,1.171520695452716,-0.606069191990721,-0.7652429626360625,-1.0142563417614885,-0.84248319694085,-0.82440951445549,0.1579754185654922,0.0816042481400541,0.4690354656719694,1.142915595236411,0.9014585589790484,-0.6155669292440065,1.0875111076020918,1.5238374386907294,0.2701309394846246,-0.6253566899115522,1.3642849476603165,3255.07,0,Genuine
5801,0.976899078037066,0.6537118802561939,-0.1052369680812675,-0.5779853864236748,0.0728815329708747,1.4403217728014912,-0.9873106754887973,0.8089526613585721,-0.1571132949188999,-1.2355575753681636,0.3308991850550833,-1.6338656638937428,-0.3684651709341949,-1.2700829339708608,0.4311470084882615,-0.5768954572780001,-0.637782785808257,-0.8309356883260637,1.2410273337748492,-0.1531538257786805,0.1444782914793862,-0.7905027158419169,2.381491101333637,2.7913299518952943,0.0126178123607769,0.1592768173997311,-0.9019064661803612,-2.1733263073782108,1957.62,1,Fraud
150262,-0.695421629889976,0.2172143096473435,-1.3136151460790664,2.1123458882902884,1.0619247854880811,-1.575404685821716,-0.1937473008614538,1.0797170071942606,0.7116102236545875,0.4911528208977994,-1.1789473707660467,-0.048724303272251,0.4072557815474873,0.1019516788991982,-0.2295941803990724,1.8244393204175344,0.4966190712792186,0.2425943151419195,1.016479969386337,0.3012477867426334,-1.2462709927107227,-0.0517752427681864,0.2237953705497893,0.6485835703838956,0.2035638496680745,-0.8646190600860103,-1.0500435175652585,-0.2798125218985197,97.03,0,Genuine
29592,-0.0415700975425245,-0.3466331834908221,0.8538085623090685,1.396930939355635,-0.8555192045763543,-0.2471177936676401,0.0235762444305111,1.376827361965034,0.4017314054166394,-1.3433750124114037,-1.4150321305294788,-0.2544887459332176,-0.5046692564043942,0.2306659199335548,-1.5807108528717373,1.3105277374814128,0.8556958401031274,2.1757345271546606,0.1402815329415253,1.6286438846731404,-1.0132193194428187,-0.7013233417815292,0.3838348178340819,-0.0731571313680415,-1.3369700391788453,-2.314578143522352,0.8549158024891902,0.6200433990542787,853.42,0,Genuine
10647,2.020401963682112,-1.9248116779626665,-0.5555421615754356,0.4576221037332832,1.0101624535271547,0.1423018461318056,0.0519298773045313,0.2022503955292328,-1.5370460843900455,-2.0651848721211903,-2.2592370135613984,-0.5727471030753731,-1.7734693996764814,-1.3473712412396748,0.3474968042713602,-0.2181978402597368,-0.0144375885717575,0.5132324756501065,-0.0935635383102138,-0.6723614060121872,3.902798717621925,-0.0383395152811864,0.2379359817220326,-0.9735099679950466,-0.155829286494149,-1.7369636996499809,-1.1193391026210182,-1.2060585886479696,1088.69,1,Fraud
139788,-0.7398742764633875,-0.0786176385414852,-0.8716780788368853,-0.3815708917970235,-1.210682985806877,0.6060218300142409,-1.3593238066824391,-0.2125499134205925,-0.9599990572953288,1.0081030694499344,0.1055610953899102,-0.4545080473542745,1.310451555043439,0.0407716915263752,-1.2747520137870318,0.861374183263478,-1.0101100254622986,-0.5514184992977171,-0.7198590091073341,-1.3878365537222406,2.307347015906644,-0.6995989746881506,2.0428010184065037,-1.0355678272560318,2.27338489765242,-0.2295170454475503,0.0054200850185807,0.05496730174823,2553.57,0,Genuine
110627,-1.7050866692437248,3.2546472931541266,-0.1956785588769519,-0.2340357719565759,-0.9195224661394502,0.1697671824043187,0.0418277705034878,-1.3681772079254038,-0.173107286124012,0.386986298393111,-1.36419022714756,0.186783626337398,0.8880950643232843,0.2899275586087736,2.7026107179784136,-1.075386212957734,-1.1462427900928298,-0.418604529999318,-1.1454353502421393,-0.4244799326578112,-0.210678189962959,0.0790447728953776,-0.9737766289518532,0.4276540049675263,0.3421110379500013,0.9070189714487392,2.2125291779235914,0.5533076251670316,932.69,0,Genuine
70316,1.3829044344647987,-1.2444583998378338,1.4787236094678915,-0.6761107352561291,1.4491566033964518,-0.9219926384615592,-0.7173706948704426,-0.2981054052157986,-0.0429351940030751,0.8797356950578639,2.136725635715094,-1.2966087582083723,-0.4171373009697713,1.3213036992017873,-2.176127458846334,0.5235429531979446,-0.1061173982292252,1.4186335642519683,-0.6263997891989274,-0.9944994135258004,0.4246382881475392,-0.3296225231859719,-0.678459552030551,-0.779801776967659,-0.5598862753181493,-0.4492132370234666,-0.6883420883597462,-0.775778173303427,1807.28,0,Genuine
2368,1.1366047717045602,-1.8148730443742245,-0.3949621964965703,-1.156849330138641,0.0476210199624956,1.1676139480208545,-1.1663176265903294,-0.1448884023308962,-0.8717807697458232,-0.7365096539346572,0.6541160544662632,0.6706220600848009,0.2183171930703247,-0.4765191352385933,0.0526782142511691,-0.4305642308749538,-0.5275943592931474,-0.5324952575529939,-1.1068119374677428,0.3850243738457881,1.2030338669097589,1.327241271807078,-0.1107553990522249,1.0224840938958413,0.4155330974655947,0.8660020434494415,-0.7812557188574479,0.1904480721381043,3753.58,1,Fraud
77575,-0.456967323577425,1.93638930256891,0.5753388641155845,0.9238441842610142,-0.1736219452846433,0.0019074122769075,-0.0109960484113688,-0.9496845733242552,1.3039743705145472,0.4663639661755989,-1.1818669391112548,-0.3691220708388411,1.0068305429130695,2.086421715062901,-1.116148354083223,0.4360981925979724,1.1862133140425088,-0.2008016450549486,-0.1051029073054078,-0.4555085462390047,-1.2918771356553185,0.3854996157537309,0.5557339846715174,-0.6033120753992531,1.041944149602155,-0.36667119156534,1.0865795830529563,-1.2228712849831318,4038.79,0,Genuine
6655,-0.1129917818680865,0.742082969869335,0.7270800204509539,0.5388312227920584,0.2352799899078268,-1.6680027064913645,-0.112993629687682,-0.0382242011570639,0.8646877407722353,-0.4390678986328795,1.1351307437766107,0.8746466795891508,1.3442212327998568,0.0538852208336281,0.9158685588456282,-1.373777059571515,-0.7022867372457622,-1.141963594486346,-0.0347322622615137,0.6131119522797052,0.6899361792315373,0.7381297910592469,0.153708415388598,1.42306399181154,0.4977945990193582,-1.0511115166578788,-1.18695378570203,1.005629455072892,3977.27,1,Fraud
70031,-1.2249350501889522,0.1874198805234364,0.443273298006406,0.736078816342273,-1.2064032507180458,0.2091766507733942,0.8016932382559767,-1.0623789670794828,-1.6447408424975565,-0.3272426529617492,1.1374983028372616,-0.6199311700351525,0.1042593090153879,-1.2019425322382706,-0.4028842048659358,-0.5951392018925902,0.5973793195909599,-0.2779404091538312,-0.2746808221558522,0.2911844484716422,0.9871681933074689,0.1443102063621783,0.1819903256182412,-0.4093277915413138,0.8315819232430353,-1.278349949797314,1.0850462559081628,0.5333386446938232,3475.72,1,Fraud
87922,0.0889522726097021,1.3626738623670578,1.271071649674262,-0.3368979879622641,-0.3308481285738224,0.4752768712214639,-0.8609683672634555,1.1133323363471697,0.3454263603584848,0.973754124189568,1.218724154925349,-0.674113610981172,-0.5853593944774028,-0.3301855612315269,1.0128328077794986,0.1819085988100221,-0.6206160240360316,0.4730045504887996,0.1093522421091429,-0.6852075616917429,0.3618447434762275,-0.4344218558875808,-0.5521865562528709,1.1334406633659109,0.959318345976835,-0.9265753883012326,-0.3809774218622838,0.7387405614339745,2709.52,0,Genuine
124046,1.1659137153714003,-0.8315019429560967,-0.707116004632279,0.2556389751331636,0.0026611581265515,1.9607439533981144,0.2351704369785805,0.4258244691791599,-0.0457965367224455,-0.1497912932013958,-0.8080716955048047,-0.9454633461723472,1.4642684555550287,-1.1128463700538684,0.7673374132992334,0.1713343559709728,-0.2834983614458485,-0.2965162551076856,-0.4591894797554284,-0.9225951136203974,1.3909455480786268,0.3348006393482792,0.6071110485033847,0.6730179275778327,0.1568085320971022,0.1407370888497432,0.9028898155198558,-0.0693721286722216,2753.6,1,Fraud
144475,-0.5426048417582781,-0.1065947609146517,-1.0433348430503362,-0.4320437649741344,1.2313809361794323,0.4087513488702921,-1.5686751884285906,-0.459603688838314,1.243875040571261,-0.696385792092816,0.7160543348921743,-0.6143546092855068,0.0947192541136373,-0.1672378922854111,-1.067752102162938,-1.462817557865113,0.1721454086622687,0.0246355522099489,0.8416611716541734,-1.393055612194807,0.1526439575135402,0.2027928066188886,-1.892276683296092,0.8469334678590067,0.3290564469210492,-0.0456034370638159,0.4384876166318046,-1.6659569801361716,4766.98,1,Fraud
32097,0.8771019787862927,0.9551541169008232,-1.0629666560249948,-0.7273080627703064,-1.6704171393014011,-1.482025572015122,-0.2748556772125236,0.1888406078260851,-1.569883927543632,-1.3655184221115508,1.2356672860093312,-0.8014298754483051,-0.1471980065075875,0.4684664170111673,-0.7273318569770624,-0.9718456109487004,0.5195828276850126,-1.1529341004124838,0.2287152543047227,1.0513996442549824,1.105296877355559,-2.4214126383135604,-0.5475572398664038,-0.0685335229618651,-0.598253274431427,-0.2481692286083736,0.5747218128173868,-0.132728421101034,4389.47,1,Fraud
142038,0.463723857390432,2.1103543678203955,-0.1444684152997933,1.667062436142176,1.7629903153757709,-1.4469012908083565,0.4636778349956554,-1.10508976235815,2.0598548112400503,0.3606893758604642,1.5708571497571997,0.4347471890946546,0.2632132303619304,0.2681885639640767,-0.3445195834962246,0.4234160439771832,0.4225599779326877,-0.5570475524920351,-0.484021852547099,0.5244524760013798,0.2363002869422069,0.033553059146863,-0.8211816492688339,-0.6642228711201185,-0.6094736256496411,-0.206558053725308,-0.4427590331297623,1.7261482181169847,3249.27,0,Genuine
124862,0.5778168908811395,-1.1685443146566084,-0.947046657840529,0.1215072968407428,-0.124647738325043,1.2587094581982672,0.548021227119131,-1.0036927631192636,-0.8429456615999527,1.059476167426843,-1.5237428349663642,1.0471073196848812,1.1547267197352027,-1.130125244053242,-0.0675314251226169,0.3060193007370226,-0.5598791255777328,2.1321785240940456,-1.166534049015029,-0.4108040690175457,-1.5336976117469747,0.6719616645662256,-1.1012360460230757,1.0095050081837735,-0.0804965290044769,1.1050408888324692,-0.3919444350638879,1.016372808733283,2343.01,0,Genuine
118834,-0.4843091805863683,1.2807344585603946,0.1475409118653284,0.5074543382865404,-1.110556248967009,-0.8028030133491393,0.5548337959686425,-0.6338546382772227,0.3785268189320246,-0.7831283900500206,-0.2176341069095591,0.3878680896835167,-0.0387987144416153,-1.254493052537247,-0.1964537824061342,0.6554822739110695,0.1003475917513526,-0.1339670957659508,-0.0815794387630938,0.6062563405678478,0.93896182799131,-0.7160990838451753,-1.7806670817246126,1.7931412858544091,-1.3243906647230848,1.8795753732326748,-0.521302725397041,1.7453035234209813,3645.62,0,Genuine
93848,-0.3546241829334943,0.3818390608409839,0.0769884197248933,0.8357540138575011,-1.2916347161343913,-1.5495810641451595,0.8043757972503324,-0.1919280704091009,-0.6063569769056688,0.6889789347092403,-0.8440091845121377,-0.077422364967247,0.985999266936274,0.4193890415289997,0.7281108303475118,0.1902017047786202,-0.3747861895595717,0.3629254587229159,1.1411486322279518,-1.1043647793577758,1.3019468594226284,0.8675204947699231,0.2325161375293244,-1.0023722500256145,0.3688649214085364,-0.7378234494417371,1.3289854105752263,0.055320654408942,314.52,0,Genuine
52921,-1.8467724344714016,0.163061067429416,1.018573303186041,0.134040886233024,0.2731493170042062,1.0005108677584325,-0.4457898338524602,0.141201812489024,-0.3761589187610233,-0.9427786487334766,1.8641242650921144,0.4868874441110286,-0.2085421545006425,0.6440989799692801,0.2339519986488255,-1.0531930946629688,-1.431271866989123,-0.8020832991209701,0.5894443157375285,-0.8748575494438497,-0.1512025848311137,0.355591690626897,0.4295941599843297,0.4755490908745141,-0.796290915680613,-0.1881103764376199,0.0058452543332818,-0.691905890589223,4723.1,1,Fraud
126141,-0.5666694125101056,-0.0077292222547381,0.2911443082360401,0.2406327440251544,-1.3472094800685257,-0.4757358122146706,0.4957254384229642,0.1451563668960057,-1.6894179894802417,0.7493023032959852,0.4910573338544649,-0.03641962340895,0.6090553462441526,-0.4889304954035051,-0.612650021477103,-0.3538426806600795,0.2289274333260856,0.0517233847667108,0.7581697330055661,-0.9747572795059276,-1.3390927543322315,-0.3967811867393905,0.4367246821823581,0.4717540263784514,0.1789223851092213,-1.2213620149333833,1.9487612999232604,0.5866201655145542,2738.35,0,Genuine
22677,1.163485458031259,-1.384646620694603,-0.4161518558614482,-1.0866251769537072,-0.5601235450930988,0.9470139641596076,1.8687447625416216,-1.3187776664973003,1.196886763916562,0.0329144646614563,0.8912478043822462,0.0285733449584792,-0.9480883863777968,-2.537672182049131,-0.9124527877970782,0.5310223936177898,1.2627046168728475,-0.2706370682635445,0.7240488749227851,0.27660387067592,0.8680745586480458,0.5419033535496023,0.9413016342564616,0.1658026372507954,0.5172393866806883,-0.0145425019030689,0.2315657303114166,-0.1921063271720171,2514.45,1,Fraud
55609,-0.9293321941022736,0.9630889982130324,0.4108492044326828,-0.8961150284365853,-0.2499030608777983,-0.9147195053294116,-0.4671326496058291,-0.0807288828921582,-0.2696473522415064,0.2678361725631803,0.476355355701615,-0.3066389382657747,1.0696094124565545,-1.1583990269012396,-0.8158940917565352,-1.0016769403000378,1.5441834539565222,1.1002858290825157,1.2156617926759106,-0.6046413153155247,0.3164768248445434,-0.3685920189887339,1.115481445021028,1.431127970496512,-1.316728739052474,-0.314908358805482,-0.1847187757757947,-0.557955573624866,1454.88,0,Genuine
31024,-0.7803016538569048,-0.782269020326328,-1.030194019897941,-0.9478147551284468,1.1436757394048258,1.4738123336658802,1.3801980158980318,-0.8180553205815546,-0.2016579126996764,-0.6974103483122771,0.3752855844068573,0.8365912631195462,-0.6760416041030876,0.986300368661679,0.3299930278186546,-1.1260291332528498,0.3173843681379271,1.0527964662207976,0.8621108575179993,-1.454070750607077,0.297012613146429,0.2767981393051738,-2.039293551889614,-0.7755512109390587,0.4100639674960085,0.2146663625237396,-0.2162325680203819,-1.7347610083608258,17.94,0,Genuine
70313,0.6401898237071239,-1.079690702502347,-0.0381406880243172,0.6054584168205353,1.0184534592639736,0.8720637069332758,0.876472955541702,-3.408966737450634,2.312481905516079,0.3575508634868496,-0.8632881209600872,-2.5659315673467207,0.4592870976873615,-0.7385302875853874,-0.1930724322333413,-0.3029745842191407,0.2519252620092593,1.1584338205714655,0.1490708692447417,0.0913260668278312,0.1890194669650726,-0.2599216108670946,0.6309312794121964,1.098365289786576,-2.0652718039167,0.8783031524999187,-0.6971580863677421,0.334260832876548,307.15,1,Fraud
127813,0.4027682919930935,0.885458958900338,0.3194012335955807,0.0708906528220651,-0.6429923901189591,-0.722685366601347,-0.2663234323428476,3.075585531522949,0.9594427089965876,-0.597687241334642,-0.4465094228468843,-2.132848033197824,-1.4865682262599316,-0.347232024902261,2.080314258109134,0.2714499105553081,-2.61933147092784,0.0802950513686876,-0.4070754733772463,0.5730258857785876,1.0077104045933236,0.5490052511144656,0.1824927639308392,-0.2773571342518442,0.5886841365271467,-1.2096803201263606,0.2242878159947572,0.9370244587981814,1315.78,0,Genuine
95285,0.6898632497963005,0.7891340251466785,0.1293175981501265,-0.8960315637655879,-0.2126831702209219,-1.660390466894641,-0.1828755011776101,-0.7986507259529114,-0.6683612761723191,-0.4136734921349413,0.0715153645013051,1.0272244357545135,0.0248143313165084,0.5533396533776359,-0.0002433456225211,-1.8428318545324984,2.727327847551242,2.03984857474064,0.8759754966313197,-0.1359442671304995,0.2879362675795209,1.3468247402654996,0.1713581848212442,-2.3364633442422917,0.6025874288621784,-0.2125527737750958,-0.0884474504836995,-1.1648137712490976,2708.19,0,Genuine
146410,-1.163220540090404,0.0790000836110624,0.415065094935984,0.5800988416352069,-1.5953849001757456,2.305163858754141,0.1184023596672194,-0.7431521541448055,-0.6102559003644767,-1.5176276465478438,-0.6485857106382746,-0.1965271340547038,0.1881231918614778,-0.3062700088070222,0.1887303994382289,-0.2424907766250102,1.4309684579048882,0.8037854009968918,-2.419101298515626,1.1397489741152125,-0.4749208310158488,-0.4361189492202343,-0.1238632680343003,-1.4574519711705838,0.6703280081480485,-0.276984161787649,-0.6142647277841328,1.4892105421822055,418.82,0,Genuine
113632,2.5640579493003464,1.0795436208116411,-0.6440460157127913,0.543456460954106,-2.03909551324372,-0.2102077019931463,0.8201649940316005,-1.3464361223605918,0.2598012105948643,-0.7721521608517999,-0.8331717897617453,0.9172338451976824,-0.6813258209423623,1.3974228608231285,-1.8010361823545995,0.5185587020070208,0.7591359143960578,-1.4295357864508815,1.267392338647193,0.8027926245258517,-1.6152606770655664,0.9022268318501822,-0.5503936361465271,0.0356899617445199,0.3437757275238847,0.1587836869522267,-0.0591394570839498,0.2496591501783722,4860.29,0,Genuine
150580,-1.2157533741672504,1.4259365814791152,1.152031402809516,-0.6949659912993648,-1.2290524475926197,-0.7627316470757172,0.4026346315335132,-1.057492954697174,0.7707299135137735,-0.5254953029245336,-0.2056772729461131,-0.6080786455521464,-0.1097746391001763,-0.3734365244008426,-1.3380595004444855,0.715359838187284,0.0719975556901262,1.542479158764433,0.6900101619632085,1.118678513194309,-0.4615265004204998,-0.2989622662171898,0.5278818734912434,1.22008227685255,-0.5181757807023795,1.4004311017996844,-0.5004458519526992,0.1103379366245026,2055.39,0,Genuine
3051,0.1542473137340681,1.3082240778255405,1.8221689493957067,-0.0278275446292737,1.1230973613258104,1.386308268829499,-0.4749975972181825,-0.1886723149141164,1.752442049808142,0.3128095126387388,-0.6051440086780971,1.6742441328830509,0.2621008365177812,-0.8606534781466912,-1.1214014205579417,-1.0037697949496258,-2.2308453713639027,-0.0057523268618693,1.6386002211804287,0.7837775609418405,0.909558834482155,-0.2911225367073631,-0.9803864595328984,1.0813196717041047,-0.4826642918015495,-0.6504907803159283,0.2869688440723233,-1.2193923777260274,1582.27,0,Genuine
114692,-0.1586554958685864,-0.5282789734019799,-1.6026761448585942,0.547141675060477,0.78008072222146,0.9457598534124404,-2.082053001762128,1.351813324120028,-1.6080993587888226,0.5956557755778746,0.0498170901774344,-0.1365186553596157,0.5632686525449273,1.182272203017573,-0.5330306601389762,0.3719398439937688,0.1823054491404817,1.1384642577324051,-1.119591001963398,0.2358651610112484,-0.3347615356228382,-0.3952644664486336,1.1028556812253605,0.1053711592110315,-0.6161226647650033,0.6091883582697796,0.7150936621840713,0.5275022639517322,2626.46,0,Genuine
87235,-1.1866415173650475,1.014104931279712,-1.2155979959542482,-0.8583553541194234,0.383436262596614,1.18279654331258,0.672173958918819,-0.1943486715476799,0.7270193073540817,-0.6079317764220916,-0.4428704144670514,0.4493915470600931,0.100143108565086,0.0478060933834572,-1.4822372220423925,0.9936935155554584,0.0317683314090758,-1.0528081132517997,1.1620296022269527,-1.2438547031024916,0.907849338458054,-1.6880067045940492,-0.4976623927966773,-1.1452960550147262,1.0297322787106085,1.6721977028160726,-0.62745620327486,-1.1527220493278023,325.87,0,Genuine
163165,-0.3702094228132498,0.2116409775086488,0.0430830080243855,0.5662267648959507,-1.457624486620577,-0.0985082775177311,-1.9324977250436923,-0.3235623092346747,0.887669311435047,-0.1644445382289346,-0.6848586594900066,-0.447146247882281,1.3324438280783,-1.0783978485370096,-1.1549293150367688,0.6067051716811197,-1.4092575076101208,-0.0712162048228164,0.6635605960183351,-0.3461309547217151,-1.4142482014301718,0.5003563188689104,-2.041294614444044,-1.2075985449851774,1.6906905041289644,-0.8459491280020128,-0.4569673755444177,-0.9549331888847732,4252.4,0,Genuine
170806,0.0233076008858696,1.7259077703523744,-0.2565509805528739,0.3010236041635615,-0.7116595773911455,1.8810546903236245,-1.3659797069500954,1.2002739770213875,-0.78950685133539,1.6863852644611008,-0.9276241603138224,-0.8971316871557299,1.158262295580034,0.4718243726853637,0.6649373179706672,-0.4118957351268813,0.448161870630767,0.7499554661543483,-0.6074707582017668,-0.5124152874596868,-1.0116601735519395,0.2840465112184028,0.1126083942372763,0.4205325226942676,0.0844292221843492,0.1472464003555058,-0.9040064562375868,-1.6724083600309425,2301.93,0,Genuine
73523,-0.64997321186347,-0.123728336267173,1.8964124057727825,-0.9991997055010264,-0.8578210281786216,-1.3106181805513617,-0.4024771947016792,-0.5243965305350834,-0.3602599015272814,0.1311085630848352,0.006095920045641,-1.7409285800704104,-0.0306211313968228,-0.2943271634845077,-0.8598624691505946,-2.385202237126447,1.2366138698083653,0.2439698471366737,-0.1363527358620028,-0.8884984673734355,-1.0697010796408482,0.1629503944045628,-1.1774065807103336,-0.0422738146698169,-0.9881597113125776,0.1385373478041709,1.1339015689329082,2.7004033203873075,892.5,1,Fraud
94476,0.9372236215348492,-0.3564716373683305,0.2197843234244611,0.219796734998102,-0.1659983706205623,-0.5520495215575213,-1.2140785996690395,0.0211493955756658,-1.63033164455577,-0.5368924444039023,0.888298273857412,0.7857040562633589,-1.3303308529467035,-1.1458639570982956,-0.0410126179918883,0.2093354062588101,0.340562194473164,-0.149410304931184,-0.2062709766193367,-0.5748100784918543,0.1353756679868158,1.5545204069661789,-1.1982003311014031,0.9709609897393,-0.2780556169657135,-1.2962175786429473,-1.774883985219753,-0.0481932272311664,809.51,1,Fraud
17019,-0.1616257454624711,-0.6137968768428766,1.3925452537259573,0.3656485866559044,-0.2290535566321158,0.3898787557148836,0.3175284278034914,-0.9215700652129812,-0.5008936956512298,-1.6796487601892922,0.6508715539456057,0.3954175754342419,-0.4870762148588538,0.0951157729793429,0.5921403142519512,1.578563907516695,0.3372901351111547,-2.45835598923604,-0.3649673461556603,-1.4644482749692205,1.792013364903836,1.6646211301095029,0.6837970876862816,-0.33207325074621,0.979005431039808,0.579165798262454,-0.6584480225899332,-0.6096807168221504,1805.41,1,Fraud
83613,-1.3412746710182866,0.1892878942355554,-2.0491238864536,-0.626001126138799,-1.0019568566958286,1.1681113442371132,-0.2961881996172628,1.68513350095257,0.2320940847224421,-0.8539225133692266,-1.5269101850889022,0.0936925799445182,-2.2291258960576865,-0.1580965023625114,0.9466199491172445,0.8240618125291201,0.4014939317364291,-0.7398495795682039,-1.3486484753970742,0.8839431209287274,2.2443002912010006,1.307948061447848,0.9346994215155804,-0.7719555193752242,0.5539472658685294,1.122711825258746,0.7091901638987433,-0.0418469038106559,2867.24,0,Genuine
86672,-1.426125532669297,0.4667254675921039,0.814169483332352,-0.5472836498662091,0.3492168078985434,0.6611590205248297,0.7852309804224555,1.0485102400358464,1.5941174615220233,-0.8928696180771593,0.8597507610109077,-1.138615833781327,-0.18312986127934,-1.6874188798787173,0.2925241305370475,0.7545823969062869,-0.3227712935989229,-0.9772034402518228,1.1743361656543438,-1.0589128180112786,1.0575385402159354,-0.2353283981149613,-0.1090202916570655,-0.2782034640102916,0.0339349665688842,-0.6680048287524968,-0.6312124578714562,-0.5020306360348139,2085.11,0,Genuine
73847,0.6061650906114562,0.485962282927271,-0.715516819258321,-1.00841993093119,0.2289463802042389,-0.082865735846791,-1.607717533220674,-0.1529873695333667,1.686365458948652,1.977873720400379,0.6438090319533928,1.4154660000844843,1.4017534423040343,-1.059323995140724,0.3527412295869309,0.1684786165604765,0.7583373544172146,-1.861391323192774,-0.9463325249453564,0.8132769395477113,-1.9579105063987048,-0.2860524191531736,-2.0128175829056323,-0.0130848353440018,-0.2643109282136305,-0.2896407537371498,-0.6678001388949955,-0.1791711164825518,2984.39,0,Genuine
82750,-1.4867707827003362,0.3491725403118567,-0.7315425696196574,-0.4489989691238941,-0.7288230990929465,-0.4751478672394793,-0.6618977161867982,-0.399443281870726,-1.029299501614386,-0.8484575222929908,0.8872734063974586,0.1058725935412494,0.7910087097732184,1.8653456664612469,0.9772770242705148,0.8967824305589379,1.5237950857397238,-0.7094198894703266,-1.0497527035459069,1.326741754331675,-0.7520810329545122,-1.0181573502074457,0.5314191842318401,-2.0327382307679347,-1.688443989413334,-1.746965573342141,0.6723608084147056,0.3718466078014404,3527.68,0,Genuine
28251,0.3164260730490836,0.6710370126798062,-0.248358026412124,-0.0120820104371477,0.3042783916325312,1.1735108583593548,0.004199377329229,-0.0318394566367387,1.4578591798568084,0.0510429283382459,1.0836123303033254,0.7028888301358235,0.083510549900972,0.0813095723570512,0.4142657866634727,0.3032487271273045,0.0412605235588522,1.8587151905271608,1.1991642683180308,-0.7661531624279951,-3.038850833687436,0.0618367690843329,-0.3195479707483393,0.4729307459582388,-0.2148790754337206,1.051991648992838,-2.2675887331531768,-0.4062885019110361,3742.7,0,Genuine
103481,0.4446551856669591,-0.2225418359143981,-1.424583639731092,-0.5445221586943206,1.1242853683305207,0.7643960132770304,0.0427281305059559,-0.1383825786108006,-1.9493452552108483,0.3707575588788752,-0.7276538237830009,-0.002987170204839,-0.727464305673927,1.3466704763957342,1.0354254344131115,-1.7462839262808176,-0.7553714883915988,1.1576186810498126,-1.4027031141608757,-0.5545040658474447,0.1652027571356739,0.0082533712125311,1.3782622050918758,0.142701028853801,-0.38762697256079,0.8653618474219742,0.0291290832089144,0.1240045256676863,2005.38,0,Genuine
112566,-0.9953553639240168,-0.8725153155918715,0.4427855253218524,-1.4848878982438871,1.428060777123246,-0.8745237926910643,0.6940364054767219,-1.5468196653226731,-0.5849299185682824,1.1065249250189155,-0.2998027669598185,-1.0894215471982776,0.1223042900885229,0.3088182001675583,-2.1433925123942967,0.8915790130957462,-1.3855301625347711,-0.8351816613357912,-0.3026351878571634,0.4985440316601284,1.6248810780480092,0.5384448957122603,1.9671321801415471,0.947031654333045,-0.4211864914220782,-0.9557838496448232,-0.5501555425439494,2.332954475350826,3585.3,0,Genuine
25945,0.8907380837748904,-0.9598279969136478,0.1907149667167948,-0.6885880246366268,0.490662156609859,-0.9042693980630272,-0.914588580393544,1.0826674514253745,-0.301810107076798,0.0080242418592672,1.7904635141071898,0.9924363611851242,2.131227476098672,1.2371359842340386,-0.0836795509708018,-0.8611318962265074,0.500947526787925,-0.5883210349600975,-0.9942661074137163,-0.4364885253145266,0.8155073371028895,-1.0688464073588146,-1.5042706579491214,0.7800036624261668,0.2816241222700317,-0.8423812097141761,-0.5298401093030507,-1.833408157350516,708.38,0,Genuine
90852,-1.7177936237616322,0.9750510953034685,0.2661922481872704,-0.4172921068120021,0.4612679434093559,-0.5454881544395153,-0.4680102850029993,-0.2271377802443857,0.2517893907543472,-0.510314507600699,1.7310403814784736,0.4507684445218875,1.487698603854576,0.5557486341102166,0.0556874780815607,0.0672329863094738,0.6142185131449113,-0.5862728255828021,1.6367299709380154,-0.7998007574355133,-1.7654675072009964,-0.3742612491332428,2.472583913387582,1.083293149010955,1.7504528451304753,-0.3977539757910662,1.067348312954659,-1.138375983040779,2565.97,0,Genuine
32217,0.2964589339985586,0.4703223105282899,0.887031022132906,0.8168387096322518,-0.2401389140243113,-0.6737618656193748,0.5073496608803697,1.8983403760461453,0.1065103405468865,-0.576536551579884,-0.076588560317351,-0.1814099739235528,-0.1502952606011333,-0.9463289735873128,-0.1178842645351931,0.739196767739077,0.363945990536679,0.7560520207519027,1.143754917366642,0.4409577795229733,1.3887224457861218,-1.694945587423376,-1.5582540372290783,1.6806983118409715,0.0197853636821775,1.2920001205346991,-0.0205158331336919,0.4935363298774169,363.5,0,Genuine
8308,-0.0408579335960086,-1.855837770950324,1.514782046194154,0.5947649147769306,1.029712895535159,1.0298409125464678,-2.198560739357011,0.4218157107625822,0.3656985242180596,0.3563799926798231,0.6031114246684934,0.4336705323781186,-1.4819470130726775,0.6068251124413383,0.1232004932464279,-0.7491747481395453,-0.2356223895925309,0.4049981991828362,-0.8216782542824628,-0.7406241040888084,1.2042795670184,-0.7160387301353786,-0.5383640904420138,0.1395592946653949,0.5982977466915743,-0.0721638626106163,-1.1541003251332027,1.368434230868336,1221.28,0,Genuine
5949,-0.1189979757308936,1.0967534267999406,-0.3637110490875472,0.8362210788750023,-1.0703514513397872,0.4357323222180176,0.3849352518922926,-2.5210866501296927,-0.1829574255102161,-0.6843394575398222,0.690599871426835,0.8175435422521574,2.2080962955288306,-0.952777156004467,-0.408332724369099,-0.9854567877872806,0.2771282712216252,-0.7121185354325132,-0.997042099104915,2.137747342803168,1.5431281846735436,0.8926345611348919,1.0262937281310325,-2.206648857812082,-0.0606877920805725,0.1517738170519976,-1.4794368596944507,2.9922307352390827,2916.35,1,Fraud
132222,-1.1778966429805726,1.880435146402655,0.4773506397364737,-0.7390188969989682,0.9138501434081648,0.557787240403098,0.7639486156949223,-1.2816234498490506,0.9595886883794996,-1.104181142738765,1.757644632153533,0.6602060569795714,-0.7288399587541092,0.9293690354993016,0.7889775194487749,0.4771699091898276,-0.535610611032685,-0.5966444128949909,0.7672394223217216,0.5617120668104374,1.109108512497739,-1.1014249351526957,-0.7216500940043474,0.861241540486224,-0.0610591187064613,0.1519109394170268,-0.060554617163555,0.4145113189637224,3702.36,0,Genuine
100235,-0.9370220043999258,-0.7159168507585327,0.2929882083349793,0.1415507790793433,-0.2876047341808028,0.191669636796776,-1.3336607226782398,-2.146055106718261,0.6918356374107179,-0.5105043218303988,0.3452803899380768,-1.7113262184091833,0.5300753375993843,0.217724051759271,-0.5355686939228255,-1.1135395611483256,-0.7107866181505289,1.0812867926604532,0.4333498117244807,0.6693077294563347,-0.5261358376911405,1.7439781685211573,-0.8133332198354761,1.1991401106081774,1.140763010064265,1.3726856172464117,-1.3772391081027937,-1.21904323790361,477.45,0,Genuine
74740,1.618802025020598,0.336160046276041,0.3776145063289395,-2.4230464990015337,1.4909368272017296,0.2387707153373544,-0.3150229482850129,-1.294048054318898,-0.2895628714471127,-1.3244843412026566,-1.2122868988120306,-1.490201784781532,-1.558716865692804,0.0187725238388862,-0.217742987155521,-0.1927962311736291,-0.996298073474274,1.524384569536486,-0.354081242107674,-0.0897890305552207,-1.8549146236649667,1.0089024803871096,-1.7064475564161117,-0.2274112130575776,0.3736929612913384,-0.373115965292186,1.206197225803702,1.5053367565251472,1036.14,1,Fraud
116352,1.2151550088717538,-0.4734580936323596,0.3925976644659835,0.4289203981809886,0.5882064070400744,-1.5818174153403113,1.4926598165071472,-1.6336016741893802,0.8423936901903476,1.8506165845205984,-0.476005928497531,0.7328491296720061,-0.3230847301941572,-0.4385310306197475,1.444037664235884,1.128373459939224,-0.985888121216666,-0.8966132689962005,-0.4465572084424291,1.862981089310929,1.1709261981099153,0.5012411518229638,-1.3356538229856412,-2.016547574223512,0.7789503416990358,-0.1356734188230292,-1.103848777349724,0.1246018966329685,4959.5,0,Genuine
66617,0.7420845885237987,0.6283069254711667,1.5905033445648389,0.6108976739007975,-0.0678662310731003,0.7941836576847686,0.6598282977311478,0.2525674903818404,2.06843534052108,0.5965527100713772,3.1335366595433243,-0.6961201135380279,-1.562783396652724,0.7984433023682875,1.304439038682118,1.626492292964384,0.5304415216447463,-0.1170245976565607,-0.2338748188561998,-0.7426338764566925,0.7765994651560066,1.3335361301099695,-0.8143399210118539,1.0398543993167662,1.239852676086726,1.174367369637547,-0.0122861608357243,0.0859546991091651,1688.95,0,Genuine
16896,0.9398481035296876,-1.1660088890752252,-0.4596768684892936,-0.3516251678609239,-0.2364876489042734,-0.5634814805914428,0.4469722729708663,-0.3160853416062756,-0.673258454789669,1.6208438434145678,-1.2586212573679436,-1.0486125984411785,-1.1618854359956383,-0.1576526790834633,0.1576344355386553,-1.7816299366304431,-0.2692694243526287,0.1284137826801683,0.9019327890861938,0.7606642454468346,-1.9719312142181356,-0.121033766458984,0.7744009401520473,-0.0193451042102271,0.3628939804700049,1.1635632730218786,-1.9452130589095904,-1.9429360550432315,1420.92,0,Genuine
130798,0.8460135446712688,-0.0714456570987807,-1.525735903203682,0.2954298117217815,0.525612854448437,-0.0331553330499928,0.9909593151244864,0.7405399180288891,1.6753365159340758,0.4854360367404884,0.0502791216275801,0.3721042297460501,-0.9247154995071484,-1.9098951683450156,-0.6368882119212407,-0.2187083650015214,-0.6813892194235872,-0.1890100194903872,1.5707074853261596,-1.338198836054855,-0.9642982585162412,-0.7375244810529326,1.6785148956769007,-1.3345953273882325,0.2445622412225369,-1.044283233014866,-1.895324228709076,1.1685329837192315,427.2,0,Genuine
138877,-0.3233562122862087,0.9813141279987811,-0.6978737686158872,-1.5149242753700527,0.4771243476860553,-0.4731729221353341,1.8045451176125027,-0.0380995826739615,-0.5834753165999902,1.524593030042564,2.3135334402524523,-1.0789439071409443,0.4770045270150447,-1.7142514168773095,-1.6342730417595783,1.2700492964150043,-1.3619135284923334,1.130263351877745,1.822721358792482,2.2936191852464263,-0.93620770578286,-0.0959423239304394,-0.7585847131723346,-0.2674621272144174,0.7369310920134795,-1.9461850177850728,-0.2096184940266686,-0.9212207324801532,3474.52,0,Genuine
5237,0.0476035518143513,1.2357117392988397,0.7572669335354051,-0.801066990399824,-0.3983430045005277,0.1458715651516756,0.0185340698183718,-0.240309068144835,1.4103259559504977,0.3674646640559157,-0.7997432417844527,-0.4791412128290929,-0.0960901759974029,-1.2692723186104853,-0.1313505711658594,-0.3981182867318237,0.6710616584437685,-0.1522866217877787,-0.7344437315523875,0.8199011613154698,0.727471182220307,-1.7188452472388995,-0.4007724629519978,-0.0049118060155551,-0.6488557375838689,-0.0072017043013197,3.1989802096780307,0.5669014178851343,2541.76,0,Genuine
20056,-1.4725083780410089,0.4264958189196887,0.0233295086471771,0.7654492384322756,0.0918357582683464,0.5730939272439957,-0.4071890042220247,2.003206949269344,-0.5459360003532663,0.7261813209953358,-2.726899501326338,0.8522698495186962,2.712259107049089,0.7841802103791672,0.5081794378196715,0.7918863332282384,1.0697443281977426,1.908134243682712,0.0580204551829173,-0.9398740237409544,-0.0155002733548674,1.1907380974966484,-0.993871069210098,-0.2677951434373497,-0.6317169514552806,0.6467080799961509,-0.5620081027361622,0.0672649486135155,788.6,0,Genuine
114548,-0.0896956268075261,-0.3390453032097392,-0.4675993404949959,0.5112532785395744,0.8963900873486018,-1.008855032523329,0.9885384109739316,0.2228226338585022,0.7656624251562598,-2.133719026541182,-2.542997264296865,-1.5141418185648257,1.133797325262076,0.8602505865180035,-0.7211614613590017,0.8672973648258997,-1.0241387437841951,1.2009775308456485,1.343513335103762,0.5257139974780872,-0.2636819621982887,-0.3488885779788215,-1.5282232443854398,-0.5055071496093169,-0.758758891955987,0.3150773797253972,0.6905829936331914,0.1995002395918969,3164.86,1,Fraud
111488,1.1834142495391866,-1.5926010843436085,-1.076497268409642,-0.4118545110447676,-1.3633562578802498,0.2527492242440023,-0.1874531359495099,-0.0805115175025744,0.1796331105979691,-0.9143295969761894,-0.7942139637638352,-1.3682637596956553,1.1554910448774365,0.324997725326547,0.0059287474777216,-0.6109786848970712,-0.1246571397381987,-0.6863731592055874,-0.8705671277941168,1.0627475717524624,-0.419479158306542,-0.7552067709582511,-1.5255268611834274,0.9519443164563444,-0.4905960220685572,-0.6120697285690969,-0.4933994624115654,0.0518771083187923,2629.28,0,Genuine
134415,-0.6607072482571356,-0.7575497112392817,0.2212861217305325,0.8113623174047104,0.7258782205537132,-0.4490025787538566,-0.9280186580189432,-0.8534409200680431,-1.78525846792389,0.0369277752559716,-1.7629347523899312,-1.6109964320487915,0.5036675387821951,0.3144087951871062,-0.3484390052071748,0.4286184915078103,-0.9325623369483604,0.0668324415364064,-0.6820782933927191,-0.8940324912102782,-1.1256675965459724,-0.6395449573401902,-1.2755064005868242,1.3511455075231389,-1.186907279815922,1.8639314265213696,1.0168438115911551,-0.7540581601280131,2825.16,0,Genuine
144572,1.0231412046872264,-0.4692734047547804,0.6445062752738091,0.1382981167999109,0.5212145783593538,1.3214587758760037,-0.5400662529872428,-1.1759135156696274,1.9155523724856516,0.0611877647898889,1.0371673372625017,-0.8611648306846029,0.276051982196884,1.4461346371900732,-1.7221949241039127,0.4894600832911243,-0.1417857370134864,-0.9765667027768606,0.7968700789588059,-0.4603184367916754,0.9653818810489148,0.0165764381883113,-0.0500863374331884,1.9319313944219545,-1.6563976263961109,-1.068605230262619,-0.0916915128236306,-0.8410232198823429,4974.28,0,Genuine
29375,0.091585738693763,-0.6977337833016141,0.3058720550960282,-0.5042209639221594,1.1866474755614906,-1.114625402979628,0.312329582058381,0.7705010183921014,-0.8954519890080467,-0.0763810186728355,0.2681441068098681,0.0827152390597114,1.1890573220626914,0.3428483920799966,0.1171662190479298,0.9101866143764572,0.6079070802391029,-0.3914990437845091,-0.4686835084359829,-0.9935038196234196,-0.7268895476318217,0.1196230207951196,-0.6284345271596282,-1.0037257978431733,-0.8217960006567363,-1.3637850295092178,-1.2464551089210432,0.9477313575435709,144.04,0,Genuine
140734,-1.3853718656697322,0.0595529683136153,-0.2533303311549462,-0.1828273106032937,-0.7156537013032378,-1.002516269564054,-0.4495958024108809,0.7106959978348593,-1.2695993113567914,0.4529952770907027,-2.133837287998371,-0.6187879312549064,-2.381221264936109,0.6381095655023061,0.4350898067321099,-1.6251497603887026,1.6183376270077756,0.870684789492401,-1.4754086335712917,0.4788392180081896,1.1623762178037411,-0.1461040565158334,-0.3772462394760207,1.3007808074286549,-2.352182886144807,1.15448705342534,-0.2493722141925131,-0.0158059008973612,4574.95,0,Genuine
16964,-1.1073195133463116,-0.3418877361712849,0.1466412842974623,-0.4554176913115355,0.0057160860928909,-0.3595702180368101,-0.3749752474279137,1.571578738949,-0.6394387806715084,0.4942029379299806,-1.5953508922586457,1.5033490643257603,-0.6222109832880652,-0.0107473366850331,0.1594193814490735,1.292833342001526,-0.4470320251564233,0.2457416680018417,-0.8269173559408453,0.1821463425316657,-1.3930381971631551,-0.1505496114475558,0.3968080873092375,0.1908978772877309,0.2839021564589002,-0.4202993458276141,-1.781374922508404,-0.6548534405076367,4209.61,0,Genuine
113429,0.919302869707755,0.172121372335443,0.1408429665574152,-1.183775950818528,0.2050683760048956,-0.9256437150138388,-1.027315814645204,0.4789115933028156,2.531247233263117,0.8651158170878398,1.2401404930868394,0.4553097520485166,-1.360494302348524,-0.4610550139947604,1.6124977669390073,0.6868592573272025,0.6999126849767985,2.112524033484942,0.9902991226520034,0.0314108980510589,-0.4919716545731361,0.5497593516680155,-0.0925136974356395,0.3757900095724459,0.0987529520379697,1.6985679298509593,-0.8887100791542756,-0.5123814797478052,2077.3,0,Genuine
67215,0.5525240852583849,1.2026273010476636,0.1896969312176623,1.256685805902101,0.7387965172002353,-0.2243810129869122,1.435366516202812,-0.3931028374395457,-1.2537135875801375,0.6689935211041382,0.1931590556988311,-0.018818051892174,-1.8842891862985096,-0.2802349302505018,-0.3218670690091402,-1.1303856195356372,0.7243289140307299,-1.221946727129981,0.2490333865445314,-0.805528877772574,1.964833255932635,-1.0986757531225104,-1.164574715101908,1.2144086870317137,0.7411204666136032,-0.2495571980682512,0.381479876874686,0.6879945031755488,4404.85,1,Fraud
69042,0.1017640729876253,-0.4064622212293616,-1.18430495101912,-0.5680244332925911,0.4291169291610002,-0.5278855061157132,-0.3426267196874711,0.511010278770317,0.1782435176836276,1.2040873995774943,1.4336313443905568,1.2674089501776882,-0.7686947354683101,2.050768819288516,-0.4013162962609817,-0.127801866145117,-0.1511304485225898,-0.0329656462190792,-1.5622386077519796,-0.20691001324914,0.2346223118464909,0.2251914212192883,0.9572771413826978,-0.0498951082745438,-0.9325080795962152,-0.3881085845642077,-0.6546503721213264,-0.6780940054526295,3243.16,0,Genuine
144356,-0.2740318142479456,-1.3828669772542248,0.1973263506148778,-0.8323607142969114,-1.2395550988122743,0.0884123777018126,-0.7115109706152397,-0.0803006022039407,-1.1231623263411523,1.2122336174264774,1.119010768352883,-1.3308070078451295,-1.1477876077694382,-1.0867185625547444,2.166460189713232,0.8378369612122345,1.160099792573574,-0.5057683865180949,-0.6089367048457898,-0.7157224136465345,-0.4905468571142249,-0.3178628922582644,-2.0213362195669378,-0.1825220002185063,0.4989239653963824,0.4966334047019942,-0.4353039843370836,1.595883105294111,4446.88,0,Genuine
93468,0.2105679776285854,-0.7017075981248749,-0.4405964684661945,-1.529348320513359,0.291044032861646,1.0080720278241542,-0.6051228066056134,0.8653851340737699,-0.951708238164947,0.1746644488753646,-1.15052070397326,0.8665715237825008,1.1941960897436203,0.3143115954132898,-1.2487429534416967,-1.0771069471755352,-0.3277142647508787,-0.3161161664772273,1.8227242437947504,0.4846966835720165,-0.6280865877511217,-1.9979879727175789,-0.7739360274095999,-0.6935321413285831,-0.8085593897379021,0.8550007822525414,0.938657973933317,-0.1556052910822341,2974.06,0,Genuine
9435,0.880296249253249,0.5835884699732719,1.0406186060097589,-2.6359678675891267,2.004228774270408,0.0712796056842744,0.8025259749621445,1.334331826852044,-1.5994225691295507,2.0816487885643062,0.8819680656685556,-0.2362586366250135,0.0916320286869248,-1.5153888577939705,-0.6198203250972202,-0.9245524387444594,0.4354015414842607,0.0419048347158598,-0.0694881228364074,-1.0528690158578045,-0.8693940530714754,-1.0833032365787891,1.7221720400658815,-1.1666286699286104,0.7741285376314719,2.160553449911622,-0.5015361524974897,-0.3495442145485852,1081.53,0,Genuine
78832,1.4758532804872848,0.6779437849526732,0.1329186417502739,0.701496868118987,0.6117575759613151,0.1623545608164773,0.5731985785031625,-0.1685563463837876,0.3151682037984205,1.3593305349216147,0.5628510660967102,-0.4553226439673473,-2.009964109825924,-0.6105165502949266,0.3609832510278513,0.0186080319124593,-0.573622533315011,-0.6769366948394923,-0.2433979608787448,-0.7989437435733002,0.4536969731465303,-0.7919808583985942,0.3405007440170791,-0.6324210290293469,-1.8219098895567745,0.8620071293813873,0.5122699810730561,0.6178664988387907,2881.53,1,Fraud
51293,1.5236841994406047,0.4060851970162342,0.835479221822892,0.793608687036212,1.6380469445366,-1.0573226028121,-0.5018547041428726,1.7573096398147392,-0.161219851248817,-0.806950904465536,-1.96172095426296,0.6110712541668336,0.3140415293084732,0.7738260859659014,1.1252709514233556,-0.4362371033673646,0.5315143513653602,0.9579074455546994,0.0082089364062026,0.815310372098698,0.8985964491043769,1.6703931051078655,-1.79823038372182,0.1710999372965052,-0.2372956577738481,1.0710779833724255,-0.5958177161206927,-0.2841453311795772,896.13,0,Genuine
78781,0.3719599007584981,1.3007373058880158,-0.3017813870497522,1.1930385845947082,1.0430613772948123,-0.1340595538151296,0.0323130379754198,1.1883472676215194,-1.1313662435732894,0.392603331057293,-1.3619783292285363,-0.412508580870369,-1.0121934189651745,-1.809961930870351,0.9348357230128954,0.2508661136981678,0.4312106399166448,1.7514121982235304,0.2051310308852747,-0.4398910733464972,0.2512972414660692,0.4525040552352276,-1.583315971530114,-0.0502917559223383,-0.3991047285459059,-0.5789459664509126,0.9165802786123004,0.3817168114118016,705.0,1,Fraud
160196,-0.1719316903645205,-0.1863630698769854,-0.2657138376114584,-0.1490393161701822,1.3624019354384092,-0.4217544716093974,0.2767044238524849,0.0176843394310708,0.8732034679584414,-1.8426181419156151,2.437670488428023,0.1819035366875814,0.0622952312427258,0.9047392879743166,-1.0398806986524125,0.8229577977676078,1.187361219338591,-2.3355051966344944,-0.3908161333147518,1.7609117367026963,-0.0592174875778251,0.2709894208686105,-0.3399289618186241,-0.3806177115941098,0.7969501822340905,0.958884874180429,1.3095524369166514,-0.0556413313872651,3270.65,0,Genuine
43919,0.1462480078188555,2.052166148009324,1.494251246256332,-0.3219925272935952,0.3099686609847051,0.681640963640485,-0.7040806925056056,0.6707432750579384,0.9787207152077464,-1.6741982816823484,-0.9276402379337388,-0.0999108569710702,0.3937216834988276,2.047543609439266,1.6276452207815597,0.2722421409695713,1.835573972382828,1.392903518202652,1.3405391785455831,0.1960676751036187,0.6015687097570982,-0.4869717650400896,-0.4866179615793989,-0.3497576723080635,0.782002971144675,0.6255977203734862,-1.96795652051354,-1.7359416758176764,4737.44,0,Genuine
166319,0.5221203572550798,0.818187136105907,0.4363351884155083,-0.5077231133031412,0.5218451096121169,-0.7645669832026974,-1.540622787389993,0.3054968869801836,0.4072186081807713,-0.4994943303357609,0.4115211163331014,0.3064517734291798,-0.7504823887797306,0.3651605168185114,0.4640602671373189,-0.0102986986761275,0.9158257655296168,2.5167918467110115,-0.4709639675612437,-1.813245066223178,-1.40455810479569,-0.5123485804232913,0.7090711978503526,1.051343735261751,1.2188209582070424,-0.5814139339305898,-0.9849774120848868,-1.067282619782068,2942.89,0,Genuine
121172,0.5180669438450914,-2.5234874702078773,-0.7145145324057387,-0.4165576298382029,0.2555177566413748,-0.8606555925112334,0.5150374194312445,0.0219939928042936,1.1706699391741384,-0.875444928663746,-0.1906507481878885,-0.5070804295378339,0.2173598371384149,1.2619140945430205,-0.8193702550792226,0.8275431521494215,0.6706601312111479,0.1897191962062896,0.993766766790793,-1.3243131003782649,0.3780820682178645,-1.182879784130727,1.1307489755437574,0.1756343447353171,-2.0142490154251345,-1.3755788384936218,-0.2354767572071802,0.2928265094866935,3979.14,0,Genuine
94758,1.307986637140105,1.8006586299635663,0.8969744386204745,1.1197903507401872,0.0043408650495227,0.3174291971473486,-0.6487341639982753,1.9131450564730104,-0.3490102659647039,-0.4933429500742559,0.1837239518776711,0.9267623599181636,0.402073426747348,0.2480380788578697,-0.7352004571534939,-0.1049002545938724,-0.3906816931192506,-0.610624961537091,1.8224448028373987,-0.5902914083802848,0.4346543537092382,-0.3264093329667198,-0.5156153115954712,-0.9933811325842762,1.4962113560822703,-0.9029289937681316,-0.6846552256203129,-0.4510226027422281,842.65,0,Genuine
56573,2.115755721916655,-0.7669866101357218,-0.5333047334278708,-0.0265152487289581,0.7421949800691044,1.980103054372939,0.4403483503839193,0.5176044609906912,0.3223746965844759,0.3284938623965837,-0.1244980681062524,-2.0441789030953497,-0.1642709957569328,0.7110888542078575,0.0715467070330009,-0.7457377069338,-2.265666213919125,-0.5721788510086941,0.3777232299358921,0.7426937440493931,0.2673530312433699,1.3756093689521998,-0.1053445458895369,0.0579008039164881,-0.9256185630614422,-0.5165884417382725,0.8577221453619259,2.0587607863591817,3271.4,1,Fraud
59101,-0.2052546296140864,-1.0341011894569307,0.225698137811523,0.3780707960014028,-0.5210019390072009,-0.1759486239746632,0.3210266422475432,-0.8409683606310597,-0.3451496572880415,1.2252903058497304,0.965187292943182,0.6408925551544224,-0.7196245945313875,0.4537662599839904,2.152323913943458,1.155281789025571,1.2983030879598398,-0.3077928453480523,-1.0476424861566311,0.6411480344032898,-0.5552294833946675,-1.3181173295682618,-1.0325665556399597,0.6160963086209064,1.7081013602781892,-0.1943928039899187,0.2193620060768276,-0.7868206760741269,3665.15,0,Genuine
26646,2.1558849088244623,0.5237711098328938,1.8366746308594049,-0.4420068319604036,1.8853823160146328,0.1682084062304987,0.0557923012555115,-1.0279696769286086,-1.5073331179376817,1.1717519364731075,0.9389908443529246,-1.891239742476721,0.003142417999797,-0.5100558076635866,0.2124480575011477,-2.418664762312285,1.8561836398189735,0.4304084584311983,0.1882420162805177,-0.4836421684338199,-0.7750431940817669,-0.5864279716136831,-0.1578333881205691,0.9564445040740046,2.2237087547625,0.7458872756514564,-0.945728068554524,-1.309210934412533,209.03,0,Genuine
104185,1.1722392467583935,-1.7381804723365435,-1.4312823876380545,1.3208479062207072,-0.9280129676882736,0.9480218483547856,-0.4261271487896685,-0.9870969204522276,0.2192464008313578,0.4131937369679719,0.1179245675742785,-0.7534481919890424,-0.1394860676951038,-0.5996826175927987,2.143161518021853,0.0640299550384927,0.3129814086622382,-0.4274222780269678,-0.5637658168533093,1.2323698377398993,-1.30082881172228,0.9261870648956172,-1.0250330741487583,0.5641396259859294,1.1910784350993415,0.9469009831919348,1.4175477826473015,0.0396499756352214,486.72,0,Genuine
23049,-0.1008229901852079,-0.6954692313216133,-0.1757819217665364,-1.9047388794347395,0.8113881199171586,0.5099038986152723,-0.633928222515819,0.4895045009181733,0.1586779063744582,-1.0871194190621218,-0.9044730436030222,0.5223590552909523,0.316520778033262,1.1814570574844807,0.8780873850786999,-0.3634241881000032,-1.0061078914983084,-0.0798589157409514,0.8980791607716266,0.3287312070437136,1.4705815724192046,0.923474475221156,0.02437909741698,0.8485334599978971,-0.8572916736570495,1.7488170580290576,1.3988931079978946,0.2509488493285883,3908.12,0,Genuine
98116,1.49856483886508,1.5570985406242073,0.4082716409020305,-1.2205241747180458,1.3786714173035888,0.5164794803821972,-1.138417405036224,-0.3415136723190574,-0.0301943079420567,-0.5573881212997598,-0.5687888409488123,-2.0136695710352925,-0.2637730249009679,-0.0422138580239801,-1.262298472221722,-0.9230056971189036,1.3778627473584035,-0.9559017434174252,0.2072472817649218,-0.3191325228139229,-0.055677312866689,-0.7205405242999768,-0.6264788883673326,0.5060595350317236,-1.244478028615413,0.4264501036799486,-1.330654741463271,0.883538307522883,2200.31,0,Genuine
97379,1.685648301419165,0.5562175789975026,0.7646983346646741,0.379710524234558,-0.1766217539604031,-0.095192451918005,-0.6147479543890888,0.3332937166127775,0.3738753902434395,0.637183325407212,-1.57591969680431,0.1664807447157204,-1.192019783176972,-0.1417721344941359,1.4075104142222452,0.2985807512008556,1.1050830447287858,-0.4567935447167065,-0.1190537725202219,1.1731014545462042,-0.4237962824158633,1.163620087631391,0.625637358661933,-2.006880502872183,-0.7052513101453316,-1.4531000597014467,-0.6056198426338804,-2.504988107950021,2028.5,0,Genuine
68385,-0.4602954441938467,0.8122397809392198,-1.2412339073608727,1.7506107512309357,-1.1129773111381638,-0.0757351827782607,0.5688150115501875,0.9363962849613726,1.4119024337098602,-0.8261165015403475,-0.3344293017595274,-1.3713458488678418,-0.1690090300611111,-0.1624870175715887,-0.9441514020199524,0.4597126325389982,-2.0373202272560644,-0.4122163417916074,-1.0083629217484218,-0.807406686502619,-0.5212298773701092,-0.4346969571028546,1.0494074706153944,-0.1602825144022966,0.5704575678049316,-0.9008912214637984,0.8343887672264244,1.5074858768131638,4601.93,1,Fraud
126131,1.732215252485648,-0.656910600497474,-1.535790268575018,-0.2251001997587703,1.1555295892823547,-0.7551485377265288,1.3978257421239937,2.0287135304322885,-0.2044199815806741,-1.266916737563855,-1.7664252004439196,-0.969069847702908,0.3266776633734169,0.3064067698394975,-0.6151118311102411,-0.8290188554923388,0.140409855055293,-0.0356879621895468,-1.8609398714849996,0.555118846730608,-0.9564928417678182,-1.149259581924322,1.2939392031084482,-0.0902584482163768,-1.0633227222370265,-0.2291709902188149,0.928822011950152,-1.308820036297978,4959.84,0,Genuine
171230,1.0750828210359633,-1.5383699989681032,1.090749351990426,-0.8423708057273436,0.2033953100502551,0.4863732543013827,1.251099342242319,-0.318473233688357,-0.957168769241226,0.4923171256041569,0.2188471997124061,-1.0150738230079983,0.1851355208142539,-1.1855205128587916,0.2757530686203682,-1.395973262304873,0.2428019292036533,-1.455237953889152,-0.8115408231170436,0.6571737758036867,-0.5357039346755031,1.4983119910063163,0.036087685306702,2.039363354946059,-1.8584322422529604,1.0707127008751856,1.4037593215456454,1.0892222333896158,3822.16,1,Fraud
23289,2.368559127979192,0.7068174293137341,-0.7204148568038374,1.000662705158344,0.8133160726017432,0.4635544299986427,0.1454230161748798,-1.4085506073332303,-0.2477510094580059,-0.0483626365845075,0.2959982286578361,-1.343333102278666,-0.1109262551479171,-0.182143591565632,-0.0284351549524493,-1.3059632799524126,-1.6044187796171596,-0.3298558023733176,0.6510463753061286,0.618435506200062,1.2112296714798387,0.0919606813592988,0.6071300048771819,0.7593771517928597,1.0811015716290138,0.6216601832420064,2.471992035575437,1.957505315934346,3963.18,1,Fraud
110226,-0.4240385819994989,0.9302561562419503,-0.7622825079973151,0.3236984420148996,-0.1094545988373174,0.7171645276938028,1.397294060681637,1.7924020653307269,-0.1368400333628026,-0.2109190398071226,1.0052519616519302,-1.729610402575156,-0.486612989703513,0.3105592838646968,0.893414435847256,1.8132374499616652,-1.0788678231963138,-0.21447824914392,1.1828000816911035,-0.1555827872615169,0.5817112717829945,-0.1678614618183115,-0.499606844431482,-0.290947159029826,-0.60036135795371,-0.7590600820148101,0.4180251355909882,0.7467203474301233,1042.4,0,Genuine
100793,-0.353426743735996,0.8849933860811098,1.5502496727721666,1.290213811994244,1.731924682322397,-0.4881044705533454,-0.3068176278607802,-1.4571008223190711,0.9835885739481924,1.1098019356523492,-1.2200857932478315,2.0711874604661467,-0.538342527177355,-1.2790856458012776,0.5017219326638228,1.9236991352968156,1.0915608419868654,0.184776612186269,-0.3101019540584052,0.8709473040153921,0.8284934091069035,0.1748297347726035,-0.8408419927323432,-0.7727042610953901,0.914523971882024,-1.1136355761404764,1.2766570727537214,-1.1467575937494645,961.93,0,Genuine
9823,-2.02666212974334,0.2090692301178654,0.0697023147318224,-1.2903510847443418,-2.1170080522063484,0.8301343993786057,-1.2910466825150706,-1.496428707455792,0.1066631033251192,1.08880808365036,-1.1521953010845425,-0.1824714805035057,-0.4345424054175887,0.2092317279057433,-0.1179282908019718,0.0295504413940941,0.0697337021638789,1.398540159154591,-0.9446876558050762,1.8415824138311776,0.9592864070350874,-0.9699241959108488,-1.3674494527509955,-0.3440421707021089,0.771648522929536,-0.6343215939672132,2.670960325776361,-0.1929996087921375,4903.43,0,Genuine
41975,0.5711939205679621,-0.9670682434720708,0.0762382276815742,1.211668486010926,0.3761775512837346,1.1333347881479368,1.920874419210276,1.766450259966898,-1.1481893580192406,1.781117990739303,1.524701368522924,-1.2374224467290404,1.0761601959123104,-0.8976265417772614,1.698926154626758,-1.3715733801613363,-0.9499427307098868,-0.1013481229369683,0.1897272523317521,-0.1552937367326151,2.199830133702082,-0.5619035875820418,0.3585811645848913,-0.8083937440038375,0.1976246254090585,-1.2371148781979835,-0.0145853552345995,0.7555918925885208,3475.76,1,Fraud
9540,0.3752512556187183,2.43776958805973,-0.1797994451515323,-1.5484574567682716,1.3417494837515975,-1.2139581182762604,0.5328082864567701,1.0662315277374794,0.8054578635708917,-0.6514117900064127,-1.3687304629518329,-0.5621239364427009,-0.9478506246625916,0.3124374623162154,-0.4745386191458193,-0.1453510479125938,-0.6694098162854341,-1.2172577518885987,0.6885030976791393,0.067506863609055,0.0277201821832765,1.4369018293331337,-2.050544599864666,2.1798435678780823,0.839358862651932,-0.1196385268609128,-0.7841089058090013,0.0332252028574844,3433.86,1,Fraud
16364,-0.5629936715356667,0.4797874429841756,-1.22398206674317,-0.2881721461548672,0.1053390448293961,-0.2968725793574062,-1.5346307505399202,0.4848403412261819,0.6451278387938414,0.4297335808900877,2.051216219019007,0.0366610283914352,0.0909895967041408,2.1585119669133706,-1.000024640356177,-2.200672892346951,-1.2011131471849146,0.1320731325201801,0.7771919121762184,0.925120420366396,-0.4279879314460389,1.8591326606714005,0.8729532129425861,-0.0152685041056014,1.4807702041401587,0.4449319234674019,0.2549033670735677,-1.0491982684123593,1431.65,0,Genuine
135683,-0.081850731488058,-0.1738866415891678,0.675696949394388,0.4127827528239263,0.3023586930169115,1.1750235819608383,1.5590485786373618,-0.0499209974534738,0.1071024517646145,0.0190084705573513,-0.9238971165206752,-0.3786948024688523,-1.2579978771515914,-0.12086346887393,0.4632991259322881,0.3146785461834707,0.0754195308354118,-0.7087879326164699,0.1945404569267825,-0.2656932758270198,0.4371772747804526,-1.113170112005127,-0.3588028457639686,0.8248300983765676,0.7641863362222451,0.2959063106262079,1.5932295630004916,0.0998392970679006,4432.51,0,Genuine
27663,-1.3112210101751152,-0.1694492374833676,0.4094505219256235,0.1860133781990939,-0.4340118125670084,-0.6495556998528855,-0.743422485108784,-0.239204017395254,0.9482464636378202,0.3383158317453486,-0.9169082960802408,-1.2668417742669893,0.7647322861691327,-1.0786335375585254,-0.0181833792913529,-0.9940612421963804,0.7523038008074016,-0.7346751254506114,2.0702780295905283,-0.2930022241229975,0.6486766089159207,-0.3893585726513609,-0.2926802837993432,0.5153361926661281,0.7910038750152105,-0.4751310831606897,1.813180951912765,-0.5167076024739863,223.16,0,Genuine
51991,1.198444952831686,0.1495974780735538,0.1686913253394326,1.0605923359823668,0.0206885078666174,0.5287625271833402,-0.5258822577251332,-0.6508260249943387,1.1156070112433916,-1.1343811757849072,0.8428098457137418,-0.8992316805805711,-0.5361327130120968,0.2370837200281116,0.2453762617790845,-1.210199845592746,1.1766727057041826,-0.2959206032814136,1.2688826475179595,-1.1601069241306896,-0.0340458287713069,0.0043882617524722,0.6739935576603313,0.6573343570542179,0.3876436942873968,0.0281749795789004,0.1465656605256445,0.6019565914838184,1373.68,1,Fraud
104182,-0.4896994745283101,1.0696082621579808,-0.1163230392762579,-1.8266600170092235,-1.671856613136305,0.0085760020024312,1.0213831390832049,-0.2830431742754161,-0.3774404902857792,-1.402473334435212,0.5493915286977298,1.1857164095891477,-0.8256129574817443,0.4742101124823043,0.7381614484080973,0.977632966801429,-0.6679832757331143,-0.5194565435918242,-1.2227861146705767,-1.7241477899780338,-0.89396418540324,0.2006938652594727,-1.833790741540866,-0.8806460380809965,-0.4330576775171091,-1.3063844773211823,-0.1651161703736826,-1.061728262964197,901.53,0,Genuine
162049,3.0940490156209512,0.1896281233054525,-0.2923196493382869,0.1410074796990367,-0.7184313326196915,0.3308793214235085,1.361707113656695,-0.0474153810307221,-0.9001612335098023,-0.0402161362288017,1.6415368145945028,-1.4027129566977294,0.2154485389082779,-0.9369229834869618,-0.1850928296719213,-0.1542457730242139,-0.3537837393876565,-1.0650431177837292,-1.4674709873025842,-1.1348180602494686,0.1859967761256674,-0.950385651876984,-0.22200385899136,1.337273588953063,0.3082968355301763,-0.6857775926918157,-1.2743298675189996,-1.934148594295221,3555.77,1,Fraud
94704,-0.1756013007110328,0.8585131534474972,0.9124833895474148,1.199642032783947,-0.7867551271022283,0.0390563026922113,-1.0007390284412634,-1.3744498919394217,-0.0118764197012495,-0.842512589974095,-1.8913041522302132,-1.9969708855706327,-2.460748197936611,-1.7184800261705802,1.858608896678514,0.8656796520460587,0.5011591786083459,-0.4852006420821393,-1.1303276990525002,0.8627311495986864,0.5444903328246862,0.6504405032522131,1.5784315398414055,-0.0883206369447932,0.2090810822421898,0.3110464645055255,0.0798301949903765,-1.0165806082337443,3577.03,1,Fraud
49115,-0.7596188410483099,0.1513976878932073,-0.141293063206095,0.0592942270720964,0.6691239910292981,0.7461709845642717,1.4709907620267788,-0.820228515972456,0.53661172543583,0.9382076205512876,0.5336354278050836,-0.3879548133507361,-1.2994770456855398,-0.9338593675287326,0.2649865298132748,1.2069104898608976,0.9526078251048096,0.4556986645997662,1.1683614892914844,-1.0277115560357457,0.3473881742160717,0.7259890043581374,-0.2838805344253072,1.500401154816856,0.4891427091730301,2.249782414981946,-1.1785258678203372,-1.7055112473226104,2674.12,0,Genuine
91007,-0.4123131187348619,-0.1123538914703808,-0.0640610385338891,-1.1423396797667025,-0.5713697592877345,-1.0215171358638782,0.874236796409441,-2.111918248864196,-0.1053549387033605,-1.5006773673585996,-0.0459735543034807,-1.9317163801395008,0.3609090872602633,-0.0483516834773382,-0.4503936310313786,-0.0894116283622271,0.3707798575061537,0.0405354781650716,-1.7092581909097444,0.486476508348948,-1.8376393024309292,0.8503117833307846,-1.323129113487438,0.4256686011960841,0.3335921552559786,1.3470263653186516,-0.9720269451652211,-0.6283121737362486,27.29,0,Genuine
149143,-1.4119609765442511,0.6412503933283891,0.5298931548837734,1.0075073948266526,-0.5424755499398202,-0.9133232441222866,-0.7997488119386411,0.0779274521003133,-0.9884235827556972,-1.41820088724628,-1.0767280544339592,-0.9097734043438012,1.0146060961750274,-0.4553135436292072,0.5895792449606518,-0.005158221232185,1.267533066926832,-0.9926871829050146,0.4575597075135771,1.4853344837115596,-1.5900894995097332,0.752464159068006,-0.3465502218206094,1.7539801250796327,-0.4573279617318309,-1.3085491691376192,0.2362232169148137,0.6711011095936097,4368.9,1,Fraud
11938,0.4822718907029422,0.6032860336737964,0.2079609306803861,-0.6483102701436957,-0.3779233602851397,1.4645135502668567,-0.2459062642835045,0.0781012010843267,0.1626719725207191,-0.4166624752488566,1.881472893001078,-1.2519371984131011,0.4509373157003574,1.0774939503558203,-0.0854812610470126,1.0582732079795922,1.816905684853831,-0.8604316593370329,-0.1700022915536427,0.158652430940402,0.7167842812743763,0.0812326405493275,1.3089098064469875,0.6003177038560784,1.1394411979431558,0.8443720785961153,-1.2774594381762188,-0.3939391143295118,4777.98,0,Genuine
166267,-0.4198996997791222,-0.169634119095155,1.6422760575404385,-0.8243230120628784,-0.7486447025153175,2.1003632799853182,1.5161358965735574,1.7785154362651796,-2.0335006699905054,-1.538075005932911,0.2353497988830906,-1.2431886414656417,0.139432963629566,0.5171130736854819,0.1132968196340581,-0.5387777739385577,-1.630014202059893,0.1232548040912355,-1.2447924453506718,-0.8823873789379658,-0.3723108338479069,0.9905558625801418,-0.7651107747658953,-0.1856113606356149,-0.5272622316229642,0.1753787463212385,0.3553467159849233,-0.0242781132522846,1012.36,0,Genuine
91680,1.131252790397738,-0.7492069577142593,-1.7613667774733044,-0.950135752883507,0.2690222692616973,-0.0054194386263624,-1.5605616026082936,0.3755549220325589,-0.3244610722095339,1.676003132097328,-0.0628491073725752,0.0695297843718018,2.410384157935951,0.1019856889627561,-1.1061324290855088,1.1546336579054273,1.5190168256850556,-0.9871759548599766,0.2488442166855246,-0.1322919845461627,2.2245725827523306,0.5440662628782138,-1.5399132572818743,1.4056245440212878,0.3942097816538008,0.2033231210997423,0.9489558285815958,-1.0050022449284983,4211.32,0,Genuine
4000,-0.2747474951744174,0.3417289147404346,0.2999074383672631,-0.1986851129489625,0.3776314694329093,1.7152660421517096,1.380714375892219,-0.5560420669153782,0.851165899490164,-0.1829173739362919,0.4540062255938506,0.2570569696438685,0.4914002795447624,-1.7449592192770886,-0.9927934751956536,-2.0232435287527983,1.2985690489784287,-0.8967938003799792,-0.1764439913333154,0.3798263280392437,1.3411607325540709,-1.48387511727668,-0.4668879078129079,0.1383102985242808,0.5150395699643359,2.5522008076144256,-1.0530162416722455,0.0198404347455209,4866.46,1,Fraud
101042,1.384442111685647,0.0783486689625938,-0.705605780472169,0.1830602203728707,0.8250185797217593,-0.7717746470135227,0.846407127836525,-0.2003550016997329,0.905438367454776,-0.6028007053640265,-1.7283542671127647,-0.8059016420588736,-1.0445129163978732,0.6304024058558654,1.061590336913391,-0.3548090578678219,-1.1755518955942148,-0.5710189766585289,0.8069361760649657,0.3849742416263847,-1.268129950678421,-1.4768427895843763,-1.404742846055178,0.5380837717995279,-1.0499412623968638,-0.4853596268507,-0.5890175420471042,-0.9560231697176664,1635.54,0,Genuine
93610,0.757455749317041,-0.5548717127707574,-0.9420865347549292,-1.2691000547030795,0.6527500822879425,-0.5315858834859571,0.5091407622706997,0.4868223125111016,-3.759778926676893,0.4679640256263206,-1.2486060254210265,-0.0943821493055013,1.0246617972315553,1.9791772677090689,-1.234357451229321,0.1872430223361375,0.4637796824630072,-0.9718572107264332,-1.6269855541280314,0.1170583281576848,1.0265152839298433,0.3085747594189736,-2.256262603952768,0.0892523322171787,1.561826040399506,0.5279125501253212,-1.446520509533367,-1.188782732018874,926.1,0,Genuine
103691,0.028596776718344,-0.8424004825367968,-0.4570642060443477,-1.0636458767299442,0.5527577449847006,1.4574875117453714,0.1316956885710073,0.2276126265450017,-0.1925841044531931,0.8838485360207424,-0.3326211568709526,-0.8557206347536878,-0.6410347284089133,0.8623063844145276,-0.1223762330086323,-1.2050011442253736,0.6359739396990048,0.1007327912334768,-0.8935614851462581,0.6316708696348552,1.6005768702055614,1.285818476962796,0.7536716327651704,-0.5409362066620562,-0.0410135810175261,0.768423997734132,0.5936407579570753,-0.225824915667654,4887.72,0,Genuine
38304,1.5802325873508214,0.4104758438944562,0.0546794084817615,-0.6944828758622179,-0.3289683339974436,0.8041065286233584,1.9701379824624785,0.5782859192115981,0.5992757952212582,0.206958901084286,0.3164016807942852,0.4008386375030977,-0.7082376372090788,-0.6576946620618049,0.3258506378526387,0.3695389498960878,-1.089816103487226,-0.3076767961144471,-0.8735375495838171,0.999596672920026,-0.4452736326787999,0.4460454560563368,1.0480483868904331,-0.1594227014482614,-0.9936522119326398,-0.6948863524943801,-1.487680722804161,-0.6764153192792373,299.66,0,Genuine
69449,0.9522934610372096,0.5500950570276945,0.0990690759234097,-0.9549886478866404,-0.3931037503378788,1.606427097932258,2.1179236007049025,0.3770447735379349,-1.1760820724323144,-0.0680914928920625,1.2746343700449096,-1.4776636900036275,-1.3809328603787094,-0.1363523596659722,1.413026015122406,0.1722079719856854,-0.0610854499443577,1.4042418905902316,0.6616458025147565,-0.4798236532317909,-0.0861776207872543,0.5883156975716086,0.419009656370951,0.7116507104360195,0.000363834842231,-2.0929338015144547,0.6995783100805817,-2.8141887190731047,1380.53,0,Genuine
82986,2.946212826663225,-0.3600321146548607,-1.517306215678493,0.0367582265494299,-0.8712110023484563,0.4685557690590049,-0.6152297500176546,-0.2526442651900007,-0.3719546749063281,-0.983472924704131,-0.8849212291990538,0.1652406471187198,-0.4114144421036486,0.4590800585023697,-0.48127761209236,-0.732192510314299,0.1563985993409128,-1.1618242978830005,-0.2376341750677411,1.404737809261518,-0.5480370485127964,-1.059089396580111,0.8934828255732084,0.972166109503197,-0.974497463870024,-1.3293483668254125,0.2898079659769475,-0.0793392482704831,3710.4,0,Genuine
151836,-0.4094552449782045,-0.5799370359129257,-0.5410838296778194,0.3612215964008806,-0.8892436888941013,-1.012546076514275,0.6122047872316672,-0.5357932910729996,1.207716755909506,0.6309093189212194,-1.1132913196646943,0.2410805961753518,-1.229494980452574,1.386661202643943,0.7588994548755211,-0.7704477091874306,-1.0799309749510118,1.15077529910095,1.1807978519543223,0.3296128644439413,-1.122656438922124,0.0673430198443897,-0.4063637036035518,-2.0196356705568577,-0.5799572643141934,0.2549553997857976,2.1588412866314024,-0.9742867373206776,3087.15,0,Genuine
108940,0.0766161054584606,-0.8302551890371905,0.2812215514764591,0.2238738102665929,0.1942614096792605,0.2235773575026766,1.874376497177832,-0.5895622039599662,-0.4841634165777435,1.416703090186196,0.5014263667535063,2.335979169852869,0.5574246050341775,-0.7057511348451821,-0.1205247480709151,-0.872041495778088,-0.3389166385417023,0.2373377741267138,-0.3987943024200156,-2.225346676013106,1.5769779470686338,1.1421065972987587,1.3517544568249635,0.3203146059980811,-0.5995100564678842,0.8962717297972916,1.6720447713421076,-1.0428168507877051,3422.87,0,Genuine
38494,1.5687090110109296,0.3822549391449188,-0.8769304507836545,0.2253318887478025,-0.7194160407800809,1.2020025384680104,-0.7850445810000103,-0.9252712846220588,1.5986416689053058,-0.2197197548672912,-0.1358980103655269,-1.7544430932573676,-0.1254155232653224,-0.4655141449001435,-2.1801199036603616,-1.5665284961224042,1.4011774694886965,1.4910548522169549,0.2206506097568478,-0.1878549686263571,-2.5899738275425173,0.4458115053414665,-0.6283552684769018,-0.077900780282475,-0.1358318349259935,0.5411131328738673,-1.1871417888671667,1.3959094315576774,3540.75,1,Fraud
3373,-1.5435378118351124,-0.8039770736407367,-1.1147839047165151,1.670991715288611,1.4683241333559591,-0.1327352026461722,0.243139574311877,-1.0821192837745257,-0.7411857164500156,-0.8487855003110211,-1.9212743980566145,2.655760448912665,-1.3609539127947337,-0.0431665539492489,0.0460757878358818,1.610087102681545,1.6833240931362694,1.3553594593719906,1.484240174053592,-0.1735441418529044,-0.6745811733241474,0.1046423218486595,0.0005156770775705,-1.3701449314030656,1.3647700976924173,0.5290108165426278,1.82508063095762,0.8538156388880636,3431.03,0,Genuine
143233,1.316943563232562,2.2411345690207307,-2.2561323074929445,0.4236835996271551,-0.037500823074493,-0.2864335185057189,1.0038754422824911,1.838463930862475,1.4098801716180314,0.1814957675006944,-0.9183754733828362,0.7566846105886573,-0.0810433296615203,-0.1306827115921889,-0.0669074936724381,-0.2103877637108558,-1.1035829297835538,-0.4270741405353049,-1.772931763092228,1.080141970107699,-0.4224593359786513,0.5941254240748418,-0.8436682506094946,0.8575111176550917,0.1063648671312601,0.3343404737377128,-0.5347041446150567,0.3748973055364364,1711.86,0,Genuine
97532,0.4393027576814708,-0.410281435970997,-0.6631934483753588,0.783964247889247,1.5013901071595404,0.4838534029641224,-2.014893404941069,0.1247101516460557,0.0335635548712162,0.0026498940005552,-0.1817679867480787,1.8273147061406685,0.9938312603314056,0.792359570641163,0.4251216724210234,-1.3529360719207162,-2.664735663667659,-1.4088673348266745,0.0289981645139094,-0.5812638417572866,0.1571879556034932,0.2265412571097795,-1.4021141999033826,1.8066422498061192,0.1644149412913091,-0.8265353695561027,-0.806840802401203,0.0602516920466173,1558.19,0,Genuine
92658,-0.8882107554472478,-2.425214277872601,-1.1496291989508138,-0.4146157497769728,0.5717670545711673,-0.5595062655451949,0.8285552286978893,-0.1553014511083345,-0.8783272872002639,-1.2163523825740403,-0.1542035097114133,0.9052651392522558,1.622261372055122,0.2622976866703645,-0.6426497279703051,-0.1223098821861111,1.2373577964272693,-0.1475489127502195,-0.0315738626568338,0.1491623518582809,-1.2396962533175342,1.1745383982598838,-0.6358545417698643,1.481672227397792,-0.4770024884205953,-0.0277215415926178,-0.5078626571995011,0.6058759347728447,2142.9,0,Genuine
123633,-1.3630396585511215,-0.0301716666291348,-0.983932883110058,0.9440061426614912,-0.7772364344717115,0.2955004831135006,-1.0884320234103977,-0.4958843161729062,1.4132140829193054,-0.5026886992079616,0.0898582728332316,-0.9435402090283288,-1.789615461248012,-1.3971767572025304,-0.5360249228981794,0.2398866861591434,1.8224128551242809,-1.976644504981668,-0.7878432005881694,-1.4191266227672057,1.3549343874183584,0.225787547957809,2.2292170096170096,-2.333288103571672,0.283325418575942,0.6280732387611525,-0.288082700066656,-0.3924533547373565,4038.61,0,Genuine
100386,-0.672489473130284,-0.0730334798188025,-0.2718203032796532,-0.4623525237933219,-0.0620461885818177,0.0635014646714566,0.1923313649556681,0.4288791093309329,-1.2064749535815509,1.7884857679782629,-1.3003195600466766,0.6578400064890101,-0.7783454245840526,-0.6567820348088769,1.2010694581050845,-0.8180728884839722,0.8767656061815922,0.6596593570784706,-0.1638625784105509,-0.8302246601280682,-1.8358997030097624,-0.0307475509809058,1.5333567110140915,0.3245295532968696,-0.0330856013791067,0.471184732820628,2.159143926078434,0.0791329478211216,4691.42,0,Genuine
27350,-2.284819572325572,1.1117185675241883,-0.5998288765428978,0.4114483275885903,-1.6734523411177162,-0.4904144607484205,1.1443448508918184,1.203663886056073,-0.7959722440593294,-1.347554867109096,-0.1310147455190044,-0.6656527394549884,-1.2893502990343562,-0.6279972729441022,-0.3361465984965121,-0.3646734033431833,-0.287001858371411,0.1515664791216924,0.3121798718803933,0.7969799925500731,-1.8212724975133263,-1.0473619963612104,0.7751211243869212,-0.6496637247917695,-0.0838030579407989,1.6393834859020309,-2.81518283201253,-0.4036904164539686,2276.78,0,Genuine
93008,-0.4895394436915037,0.2881262367277042,-1.166237893859306,-1.3713668681823823,0.190425355065285,0.9807372318674138,-2.389180695939929,0.7232644762557399,0.489919407289479,-0.6906203534244281,0.9470783769778838,-0.0881446756919443,0.3535510608482307,-2.214916704489725,-1.9134303722621,1.3039859921109074,-1.083726850689251,-0.5989383049973993,-0.746242008785439,-1.2213505270916631,0.058053109910067,1.2143918438234522,-0.4285521413710611,-0.4482300976341353,0.7070675770415757,-0.5821861003739909,1.852246600320688,0.1122563214583362,429.74,1,Fraud
94297,0.6225563333425816,-0.8338351834398022,-2.115841565233227,0.1662341319881217,-0.6857684078453173,0.6459879389507739,0.785858887743896,0.9215890873115103,0.0808173945026161,-0.9487133745237626,-2.8876343007171563,-1.174685093954566,-1.4089104098807872,0.929636672718356,0.4904444483426685,-1.1678121801021126,0.6167756798157589,-0.4495621290870635,0.0554076793290368,0.9659525063692288,-1.2869530822466588,-0.9404190270535332,-0.451246712996169,-0.2521801757368629,-0.9415016340273068,-0.5637499640439521,0.8294985786833535,0.2854806973881267,4691.55,0,Genuine
25351,-0.4763006409688278,-0.2863918734967766,0.3023113051476426,-0.9753802351693376,-1.1134580082152612,-0.3536705842866262,2.038328984630831,-0.5865287821839787,0.2739637562528779,-0.8602998421916145,-0.282389991639235,-0.6786976611376271,1.0592350478776575,0.1324250426727367,0.8625645966638215,-0.5816204604912354,1.0546789783017962,-1.0221187516812271,-1.019735141256681,1.139961145949,0.2077579537707542,0.2374783624263854,1.7132989677345565,-2.222640931199273,1.266481229345309,-0.7025176577467532,0.1678080216851628,0.2231577936222292,403.06,0,Genuine
88668,1.388312701433808,0.3274197716509878,0.7528272138084728,0.9360356544839076,1.5221467585480473,-0.0149612649400735,-0.5333009996658639,-0.0041292417833795,-0.3683183231562406,-0.4454763941595193,-1.6619707377147743,0.8969765383056015,1.2036929134095555,-0.5406793427779772,0.8537636181219457,-2.005419948034622,-0.6598088763291463,-0.031997708745894,-0.2043095173194231,1.2413702982244097,-0.7400936964408557,0.8009560644200553,0.0223133778251214,-2.058216525313138,-2.6956624777640004,-2.732800583233093,-0.5988229450780425,-0.367460638941127,796.39,1,Fraud
114585,1.6599476027252875,-2.16471425031041,-0.3967449789943736,0.8758764619987844,1.0305877409842874,-0.2712755998478369,0.5766901467841238,-0.5733781118589595,-1.1993935113641656,0.4483821014612595,-0.0322316887613376,0.4379565068489566,0.8181187171550729,0.9026101579351884,-0.6153329456491483,1.8232809432879231,0.2750580683163041,-0.9919502801968249,0.9287014719329582,1.5453204644024343,0.8073955240606532,1.7893358286332834,0.7906511493602714,0.0851954144020555,-0.0930898391690614,0.6141037327266312,-0.0925940870607616,0.6907456556589161,4338.52,1,Fraud
146377,1.2756444826257742,1.338621734390451,-0.2657756964542771,-0.4666273875590929,1.0030389787624625,-0.6386476392429525,1.3352863306993883,0.1070313988032421,-0.6522557630512951,1.3085625306211317,-1.504784892105418,1.0242302339272182,-0.7172873922056584,0.3013294031735006,0.0002289418529625,0.6581565609539736,-0.4347105299054453,-0.037111337821625,0.975492362380344,0.7751827875109091,-0.9278686057916394,0.2266294203724073,-0.5537202069582415,0.2477022838251041,1.3587211811833764,0.0042277835586665,0.8513025253546843,-0.2023982885615971,2757.84,0,Genuine
75353,0.2306409102643649,-0.8311698858046648,0.0028105156861231,2.04957492862454,0.7821112766509443,-1.698269672407036,-1.592945048209974,1.2725910080582106,1.3203992814466707,0.2033215939283166,0.1340745349030571,-1.3978120024846332,-0.6543194321688955,-1.2861211619615724,0.5312775900968102,-0.0495651473681289,0.7539356049834559,0.3531007759900217,1.1727676114272,0.4254568365513939,1.444550772286276,1.3912922128756429,-0.2973161067090921,-0.1953737258001452,1.206734694547304,-0.2436569080913032,0.9619846260211954,-0.2281565399402079,1764.08,1,Fraud
65953,-2.324679272486469,1.417043820947617,1.5787835766122518,-0.2858782961934749,-1.234889044125783,-0.4838277443560723,0.7573697585337529,0.4394038449038415,-1.3369808960485758,-0.6843818211635349,1.62663638373346,-1.870440889429356,-0.456647223422696,0.6095924562064228,0.963912680677042,-0.7180700964852778,-2.058842247252665,0.6500266979775837,-0.1016405224415216,0.6196319629408847,0.6294075144706212,0.0273863880721513,0.7806694755948416,-1.2487220892377122,0.1583725982195223,-0.8152513554104747,-0.8314078940420421,-1.82133143355348,4654.62,1,Fraud
57458,-0.7036974920326059,0.3924651411265885,-1.567707793825771,-1.6120189006725272,-0.4004794928068376,-0.6240274983156228,1.0237662325977808,1.6267143659960517,1.6444674333499452,1.5399151458903244,-0.9794591222043962,1.1017157121691126,1.105075139869938,1.3729630139231772,0.5020803847533076,-0.7680092350434662,0.396672526540769,0.4454699648427696,-0.326723381718589,0.0712855695265084,-0.7580952936812516,-0.5604268222165476,-0.7354032171565276,-0.4040633292829054,-0.8099192704005261,0.5516136084182516,0.773489286037126,-0.8513450929186137,4802.57,0,Genuine
20358,-0.1420385267743868,0.6295941363939743,-0.4144897258725695,-0.77911797036268,-0.339503641469887,0.1148907078353588,0.6386202199367669,-0.2885236104501417,0.3158589865585424,-2.06856352100417,-0.8344409344944073,1.0276728696879491,-1.698032274479278,-0.1398967550174521,0.7756236860632354,-0.269081308337504,-0.36594824722504,-0.2982116860137347,0.737957581171346,-0.3735960487680159,0.6242464046327322,2.766421639515549,0.3482698429310401,1.445440118354039,-0.1334037279048704,0.0173274507428087,-0.5881197131318063,0.8659069098895988,1654.48,1,Fraud
3267,-0.8938676495048108,1.1494234360012725,-1.7219729641327195,-1.044141022357851,-1.7097370740989313,0.4406988015282457,0.0866226922051216,-0.8069610540170469,-0.596804905853097,0.6734781528121572,-0.4698513494328008,0.2115374452917114,0.3861241158698552,-0.067049192834398,-0.7321474900998929,0.4961500556408524,1.8320688699930383,0.444105966648764,1.1668793909956918,0.7701077790474551,0.1460159426084517,-1.218086576111924,-0.7003239057675783,-0.3627625715440549,2.5914774067235093,1.5447530332378954,-0.1760992190175741,0.7836526943479246,4342.25,0,Genuine
82745,-0.139505475486571,0.5731320526924983,0.3623184587355589,0.3796021017862546,-0.5570010948439893,-0.802184669802885,-1.0004127818061264,0.5121284866942792,-2.0020529844773582,-1.0267586190287965,0.3186821532294625,0.4192256487510242,-0.9334487601860296,0.1077601741126518,-2.290096861655144,-1.0635829667306498,0.311989687196246,0.1351156727677247,0.0834400100918107,0.4490680687871188,0.7855105255165749,2.921324372915602,0.5101821577653,-0.5027960993767681,0.7087621792826249,0.0242132748088411,1.3125236323755598,-0.0220097124722526,3392.97,1,Fraud
89588,1.6100674686933796,0.6728862163174513,-0.1439583937880112,-1.2353630266724525,-0.5460979756170437,0.3734973617270054,1.3914233535362432,0.1188583632228189,-1.8706855841180932,-0.0509231774636971,-1.01904627112609,0.8650381451308626,-0.4194207685841112,-1.217894276616262,1.0536952023110877,-0.4631168039539486,0.7077411696428033,0.1268186706106397,1.5121646852544326,0.8803080262239731,0.5994436637983245,1.628366920279659,-0.7303297529406901,1.236869181610128,-1.7005518057442244,0.4190203492730568,0.7936201657022931,-0.5582404528964791,1373.18,1,Fraud
38513,-1.6457765295153182,-0.1644164404613813,0.2029921129360775,-0.5392140158062453,0.125998947494962,-0.9562457828666748,0.0345035652316576,0.3227022531646675,-0.3558838998599006,0.5630999275507254,-0.3802111554552536,0.1815240925881476,0.7361434480328135,0.1414197485716935,-0.9460178765196012,0.8572605869118105,-0.94315322367288,-1.0264607128365484,0.7105841710021817,-0.2085981140751039,0.3592868627803796,-0.5748024408987635,1.7525652206078026,-0.2157461056665717,0.0829139774627212,1.5720384413117714,-1.6187427105128118,0.1514760167344253,4707.22,0,Genuine
157164,1.8116920561190264,0.3721686814720952,0.1531225625910764,0.3145521705367698,2.5323876002383434,-0.1252925156384551,-0.9038804126235956,0.1732201629664981,-0.4770440657575721,-1.6053761097164814,-0.6694902453601599,0.536667248102405,-1.5154463255654005,-0.8914973594483013,-0.1714209137109049,1.6091331868207466,-0.2214275030934721,-1.2482924191418714,-0.5710107748968246,-0.1205711629938918,0.0646520540992143,0.6498480530553788,-0.0642421784446787,0.680433092494103,-0.5986050683814562,-0.3303040891995299,0.1349428357522782,-2.3944662411101576,316.28,0,Genuine
11338,0.8847264217541372,-0.587497814971743,0.990708253703516,0.1386458947118026,-0.0208962766047387,-0.6024191006608333,-0.3180258304145688,-0.4844343733514761,0.117748574463045,0.1416538182510183,-0.4665274947363613,0.8148227202481061,-0.277740508885727,-0.0065256224208379,0.8078429477283845,0.5435255912016929,0.3945067448208977,0.2579558513535382,-0.4499705298503285,0.2114920346319174,0.9044739885286556,-1.3977542086491113,0.7744912237831839,0.4608530787224405,-1.2699318042787766,-0.4337210781696672,0.419370414194398,0.1397068562700149,1590.39,0,Genuine
131484,0.2682168082776955,-0.3434110995879674,0.5381329645684658,-0.0126438123417794,0.1265144545696673,0.7461736380790437,0.3683854913346769,0.1957360477699997,1.719144334338687,0.2184770679135276,0.3304113223627778,-0.0935144963514568,-0.1288371118802384,0.1658915307410581,0.0266860505745489,-0.6622255934535122,-0.3594215714394631,0.4863389937717687,-0.0404784201333125,-0.1266475152693368,1.1705965914801302,0.5930323020285831,-0.0206609042390494,-0.892247431826334,0.4826482671474409,1.4265778271523013,0.1487483982002249,-1.2469945471326531,1981.91,0,Genuine
7543,-0.7136165557407638,1.9646950479689085,0.8305079576600876,0.1260005190440673,-0.250210272764142,0.1167730999945981,-1.5611849568842104,0.9733705358291708,0.5375940162702407,1.4623376821633605,0.5510638295682203,-0.3455948900704522,-0.0373923382998322,0.5307896972510189,0.7026701917317993,-0.1550104227043606,-0.242264271335324,-0.621061572688329,-1.5704522517081212,2.841823560917177,0.1365670008988995,0.3220995078306511,-0.5013703450275607,-0.9907052861817836,-0.9703081011661604,-1.559126824717801,-2.5169904069209954,-0.0908416717621396,3453.58,0,Genuine
105891,-0.8739503454914255,-0.8081935850504217,-1.065534689896944,-0.3705000975076544,0.7377128800537445,-0.1101679258317791,0.0179303525841175,1.0761077079019543,-0.1286887827445713,2.715149317222517,-1.4768006468159711,0.3820530357595388,-0.1031810651651815,0.5675574104114022,2.454858020042945,0.4122871338764201,0.2629631636168223,1.1742372194070827,-0.553440016800522,1.9344526153712287,0.606148566418609,0.8664741718550181,0.574304030321222,-1.3479098723690528,1.5483149097179054,-0.259617806362205,-1.354631472186297,0.2124297496250732,193.13,0,Genuine
164568,-1.6262177145887398,0.1543171266362807,1.1931708649751445,-1.6037520556663305,-1.073917208645777,-0.6252497601148851,-0.4168772170579893,-0.4895165991853717,1.2168443567400216,-1.5529698057375536,0.3265080976629747,2.264614030757832,0.5566582847097322,-0.9276918628320584,0.5515158689800774,-0.291473617656374,-1.7132545216134494,2.213410175627911,1.1408145822131333,0.004293373154479,0.9372582120374268,-0.4039780097171548,1.1538014860617969,-1.009692424148265,1.3410780901723995,-0.2842001143365889,-1.773450390551909,-0.349624503079643,4448.99,0,Genuine
60692,1.7167654803143868,0.1134690367154761,-0.7223627394889995,-0.396838220744645,1.896037495153939,-0.3288413083765391,1.3360264813659888,0.2310059317304848,0.1506539267391055,1.4171536838325338,3.1457615867245208,-0.8476836422514354,-0.4519895562765711,0.1876133714168282,-0.7286355715610763,0.7118348830772153,-0.5244154561185589,1.7535153359567135,1.3451333818477498,-0.1308791636144961,1.6069270269180334,0.1590245413889977,-1.4483535924458286,0.8269911624944333,-0.7296138188209728,-0.8443108999274764,-0.6341337745901939,0.746575698605607,3295.86,1,Fraud
44425,1.5376115600740414,-0.3107544717807992,-0.6648695426239807,0.4687497843152855,-0.1241592074668192,1.8290608123260512,-1.874890597287729,1.4771110828815874,1.5997089937601792,-0.0378802341397623,1.5442250926786925,-0.4307401587538532,0.3653669371352648,0.9560910631832223,-1.4472134608962597,-0.7300455938264985,0.7887964417527804,-0.2666481515157719,0.2860311935678747,0.4460286096628331,1.4321234539798284,0.4762746723779311,0.1310354043118029,-0.8217996326538256,-0.7921677952552045,0.5283827779184118,0.1378792769991429,-0.6320365748757505,1375.84,0,Genuine
38756,-1.4062846285832822,0.5144009365704378,0.2708425773529946,-0.1369349886094043,-0.3951898330310643,-0.501084120722546,0.938757642502484,-0.4678907490595244,-0.672086293367362,-0.8085712391320983,-0.6418576190698462,-1.7564107063845535,0.3298388340631332,-1.1533833991049784,0.6766799547820018,1.613281918841604,-0.3936443591027851,-0.4330034808354538,0.4543680569720446,-0.4294372593661502,1.0298568458791657,-0.4884630890669521,-0.1080901718925911,-0.1379093926453365,0.673261361553708,-0.5701063628951715,-0.5221531449744893,-0.7286087645094798,3292.05,1,Fraud
18888,-0.5526279949062014,0.589722092741383,0.3019182630492763,0.3914883731305008,0.9700370736638,0.4794069175964833,1.417094825602515,-0.6494463994325517,-1.1477907718575986,0.3690531702551681,0.131903528730534,0.4348033969229811,0.2860685625683519,1.745103271341925,0.0815070410804269,-0.0875115864028608,2.336572222557181,0.786831080301045,-0.3099194510631591,-0.4462813587574465,-0.4141224424600787,1.4060953520018886,0.2097710500964831,-0.2816559636398115,1.0177631534733491,0.1053521456460015,-0.6209795866666683,0.6243161919859009,2685.08,0,Genuine
166807,0.4331447692319086,-0.9258191831475792,-1.0718568022324786,-0.5867830295094854,-0.8909225920448536,-0.1126463168876888,-1.8370886371478623,0.7944029639688708,-2.0003322762548583,-1.3022913956863225,-0.0335782657236844,-0.5299337917441671,0.5278386892100967,-0.9724203259309836,-1.3789597272191136,-0.6311143050660097,0.0907444522013368,0.6788643279760914,-0.6401495376920533,0.0429039267281977,-1.312874318817821,0.1301385279592578,1.3538478367490825,0.3795962640976494,-0.2516535086377281,-0.93267192695182,-1.7410698150878352,-0.3601576892271131,1682.04,0,Genuine
47295,-0.299509138172208,0.1013567115465513,-0.1732792917738969,0.9943360798779288,0.7192509830553334,0.4508253145740378,-1.7171824858070754,0.6189592069804789,-0.1054112574784086,-1.2426126338040278,0.4594547189686895,-1.4003323447845597,0.2820803989251484,1.6274429531649528,1.1790703533762246,0.5916050019487271,-1.852025173133584,-1.113160402240894,0.5703065298745824,-0.3713823576230705,0.5592970893924468,0.3443739721124275,0.8162777001825674,-1.364731042293949,0.978455129546325,0.2854709808844455,-1.2488058034921483,1.3467262735429193,143.95,0,Genuine
114352,-1.9186747570318177,-1.082367338772357,1.488235316869476,-2.556317867471334,1.4051700555953608,0.8369758726932388,1.7859000465664794,-0.8369760817321111,-1.2346415233570895,-1.7351586382315876,-0.4222145849155921,-0.0635904852335543,-0.0896726589970102,-0.9548380968035248,0.7241486189076388,-0.9791459117744856,0.4438748008932353,-0.2422086077943272,-0.4398089949130955,0.1837676793273062,0.5517270181195039,-0.8327778777693503,1.156649335869229,1.0980517317122205,1.6644493093747843,2.079678694842312,-0.9555299512476344,0.0135339079130224,2755.95,0,Genuine
83042,-0.6577727605556882,0.788548618317301,-1.468336561534095,0.1414405129233545,-0.2413427724030092,-0.3539784933210765,-0.9043720486029329,-1.3994605969575116,-1.2488031324896824,0.5460890101232297,-0.2691498357394598,1.4946315650502722,-1.2689472346382666,-0.0562203988541616,-0.0115855846303396,0.1479190258027757,-1.0559227812035126,0.6615520914086099,1.6903351793201724,0.3700911604280943,-0.3969421899832212,-1.6513414954219987,0.2631029193999822,1.4362010165982575,0.3299084273481856,-0.0523856450196895,0.8816649592159128,0.5512822282374711,411.83,0,Genuine
85999,1.9510342980200188,0.1764873103626253,1.4852192410127265,1.3488803471212785,2.0528416130798712,0.709773426445123,3.0948291204884497,0.211556102296347,1.034319416401822,0.3270118250193118,-0.7308239509805161,-0.3520259812642808,1.3571868008004018,-0.1929049260228489,2.1868064936580462,1.4014036890445498,0.3399935488651847,-0.896273768554371,0.4085916456871595,-3.182281248535179,-1.334248045083286,-1.3463408017956948,-0.4336201094352844,-0.0251537003931521,-1.0290208483748136,-0.009962484040717,0.4311283224524776,0.9312593447601414,4051.07,0,Genuine
17955,-0.5899785904144441,0.0823298867170872,-0.2416984514164898,1.4976985160414629,0.6442915262612541,2.756639477005839,-1.8058400355201665,-0.4185970978649264,-1.7221016246734302,-0.8143836950603836,1.0954385785164014,-0.2605140339423755,1.694625608510289,-1.366804395112484,1.0231699691644132,-1.2165398850382574,-0.5657281942053878,-0.7446498230795249,0.4452716820001779,-1.92639256985788,1.6557935127544314,0.5963144882283699,-2.4247944334205163,-2.2396199164325816,0.7855176453443342,-1.187195644086032,0.7839509614552591,-0.0716155933099681,443.54,1,Fraud
37841,-0.1634673367022069,0.6590313488724031,-2.337754833435153,-0.2318261692424753,0.6566942596644293,0.5675399941917048,0.1700474049871205,-1.6840762546284136,0.1035584724973209,1.5236018136916467,0.3109712139127145,1.4557069282362929,-0.359407145993602,0.6981936998799564,-0.9906439503462868,1.1913791688480544,-0.4994241457319339,-0.593684755110353,-1.0595181355061456,-0.8477058549969207,0.425593918445907,-0.7902907974296666,1.4153226640201086,-0.8590943279129718,0.1431818405893869,0.8424755681978943,0.4619407803654408,-1.52709626134065,2144.27,0,Genuine
70640,-1.1451774240353807,-0.2755102904684009,-1.3667317334829063,-1.326198155642884,1.3658653351859895,1.613581464599796,-0.0233937372527175,-0.6872025238484647,-0.0832327102706568,-0.6629556898348014,0.3185560484655797,-0.0050082045620741,0.4564078513542443,0.7495343822643912,1.1726320605161729,-1.2910462178892923,1.0351576823628528,-0.3992558688416348,-2.318591074574307,0.279668801695478,-1.2082460466917917,0.7288777097094657,-2.5001329560453,0.3160105854117173,-0.3215549182091345,-0.0863023705718037,0.8223047399482267,0.6274965680876581,2173.32,0,Genuine
165983,0.587762985283748,0.9140219592182044,-0.9634775377351934,1.366472842343359,1.6307349546363734,0.481046000106614,-0.208195767564957,0.602609815034575,0.0921311483316303,1.282989594145573,1.2183791457848407,-1.2076403034047432,-0.5476128790257361,0.6197413875065418,0.2549218152923649,0.8204752550604196,-1.5834859005440467,-1.5692610884379432,0.4451275575032716,-0.7707036615980074,-0.1269794934081342,1.6547415461185486,1.5875695257731657,0.3721464260272086,0.7517099039314378,0.3928766020280775,-1.3659554702025398,1.192828359824803,2781.45,0,Genuine
138429,0.1151517990245837,-0.948444872756136,-0.6239293007827422,-0.0518651668055606,0.2618389864063801,-0.9319616221975062,0.4629623607057825,-0.1514107109109946,1.384102468745975,0.122080877033541,1.2331731948650295,0.6889991893625707,-0.7202197821832982,-0.2484786238649698,1.893308567799791,-0.9466352402240936,-0.4852547572969346,0.6929213974770416,-0.4969027619218213,2.310100879014986,-1.3436848445308107,0.7709765195984672,0.7409276921564713,-0.2577776331248757,1.2070638100197133,0.949169398961522,1.3361981754047243,-0.2655646838920564,198.5,0,Genuine
163551,-0.7420197415569786,1.4118765188945277,-0.104713258625338,-0.1589695392698806,0.7969054413769378,0.2756939972529835,0.5206464247290674,1.5661040450186607,-0.8256913036108847,-0.6763683230112966,1.0444980327018931,1.1245932947231587,0.0553158113373017,-0.7017563074352189,0.9429839542607223,1.1918225218220122,-0.5970198971078851,-0.7341351357057209,0.9839710477500608,0.8946269484219438,0.6817842345498463,0.4263106433934371,1.968553237289785,1.1006166173341518,0.186011445105714,-0.1810471491450446,1.0480452454380491,0.9926805653692472,1019.96,0,Genuine
61476,-1.304655395807425,-0.5509111825548537,-2.703480129761572,-0.8928546408777307,1.396341493160928,-0.3303837962099309,-0.167658982629104,-2.0872374104187394,1.3849484870983504,-0.1149814032482378,1.2031640821120702,-0.2003751837643139,2.807455832049344,1.0991564828562523,0.4843052902126545,-0.5760932798723324,1.3370391259050196,0.2023770775639025,-0.9127438381473464,1.9582808531983584,1.8500814825763603,0.6556822754744412,0.2657115336173742,-0.57623952372891,-2.279142181233208,1.020944832657103,-0.3738708233740942,-1.168024907031982,998.31,0,Genuine
44811,1.4045433740108757,-1.6961790676955877,0.1868043924776535,-1.2498874808582574,-1.161811076361437,-0.5959406973175736,-1.0141739438272706,1.337992371487149,-1.7602050561470506,-1.2537425388961907,1.562668089747759,0.1304930197153684,1.595347011002865,0.2134439988669504,0.4273781045139113,-0.3565153080197799,-0.3489144011090241,0.095088138332138,-0.5312112986813364,0.900174746593495,-0.1860230224165025,1.1040236174664593,0.500300087079189,0.9841067788153562,0.1198148276147201,1.0862882908971672,0.9699806289251296,0.1496171889639332,2995.25,1,Fraud
167280,-1.6055434066410803,-0.3285349084627318,-1.0550905083248845,0.5638631689243543,-1.7295023996326475,-0.0725852104022856,1.0477603642413795,-0.3439033797661885,0.6507410370664645,0.2167333630442708,-0.966619140562068,-1.3111878335168528,1.4455335910176144,-0.7562866494753283,-1.1884850184469973,-0.938441403770114,-0.941577250599582,-1.0117196279958942,1.1194577547152549,-1.583831826779838,-0.0924857469142847,0.3117191561227355,-0.185260698515841,0.0010044428148776,0.2269629184660123,0.3398565349240827,1.215825412140813,-0.2858596437182754,1318.91,0,Genuine
151222,0.503815695589555,-0.441968197254209,1.3905225716010583,0.6698714547586605,-0.0575539204059049,-0.1547500787287521,0.6280526630828362,-0.4884213359563802,1.4763733788711084,0.0305500793637113,-0.2986780630449248,-0.8705873268369175,0.5187719143432323,0.21453702283651,-0.5120231283285058,-2.4119871756282305,0.2312435172926908,-1.7661907124517129,0.4367933160776389,-1.1655808875399016,-0.2762868361054965,0.6636949584198777,0.0757914484930478,-0.5660849838487447,2.585912198855396,0.1994430235632968,-0.0529856902061234,-1.5768841714196662,721.83,0,Genuine
71180,-2.153879244711573,-0.3360739861500365,-0.2701767207439743,0.2015440017994215,-1.7534913574193798,-1.059924905792861,0.1145836906160742,-1.551193836648253,-4.054050084760234,0.5274474611171005,0.7089483327900522,-0.3330396062471275,-0.9175250815679684,-1.6747028874481331,0.208352672161116,-1.1423420407182625,-0.8942861839486268,0.0891323056121116,-1.001321850402069,-0.5114011815718402,-0.2243965203964989,-0.5654156123206496,-0.7247339424305075,0.7315695816996579,0.1296214710922349,0.0278739627699913,0.5372155980424375,0.3982617387956325,92.75,1,Fraud
112856,0.7072116830123825,0.2316480154839828,0.9428461717327296,-0.7640457815938431,-0.3139950963079523,2.7084615847197924,0.5963674824173593,0.4650818491427592,-0.0353929251300813,0.8791523930847382,-0.8855295766454337,0.0769306052053847,1.0368156538600375,0.1077866727875658,-1.371749830541278,-1.6845444815208366,-0.7493707557665616,-0.4357498359048342,0.0340071694639447,-1.1959937592503136,-0.775925321206923,-0.976212293968156,-0.1174206335050343,-0.0439132905432494,-0.1713186795603182,0.5616463886352825,-0.5191453120919621,-0.8880851128591646,4202.88,0,Genuine
68450,0.9702988872600607,1.0978423608882726,1.1103489799142932,-1.0649988251091498,0.3143735341991374,0.8078709144721968,0.7689414500911304,-1.826761993993574,-0.116730644916086,0.1156157768532055,-0.363254404510229,-0.619747729260925,-2.8422068770392466,0.6557741752888775,0.4671889437544451,-2.041885679406644,0.6901182165598503,0.4554910482045322,1.9037302276465944,1.081231594242771,1.3820428599992367,-0.5057932282026444,-0.8465087083274565,0.887474635537999,0.6898129281918205,0.5166159449068204,1.3199392358272424,0.376424245343563,4857.77,0,Genuine
152424,1.0947837116399135,-0.1917059138971368,1.083273243466217,-1.432248655219893,-0.2756387660551266,0.2443902458421147,-0.76173204348132,0.8179036445979173,0.0718485092054428,-1.4763216547774625,0.1944172211444765,-0.3707792647084201,0.3908746571314381,-0.179408393664859,-0.7432780781582758,0.293939848286231,-2.866071607888922,0.8122213110878965,0.1436313962412748,-0.1585077281809249,0.195028001698748,-0.3263573893156183,0.0462239547427313,2.90637158797363,-0.3001465834635374,-1.4301224646271289,-0.452111778513465,-0.9979421346608632,3516.61,0,Genuine
111888,-0.1612084685698682,-0.6916175698189009,-0.5664067429624856,-0.5605451760779732,-0.1415930481036908,0.0898801112509728,0.5606803734818061,-1.5133640650417612,1.7115579209900993,0.932363332473048,-0.2301355347095532,-0.1238170931834052,1.0978779377191867,0.7109068097798841,-0.3931798165590337,1.5248670444098231,-0.9640283323295352,-2.0387412387188544,-0.1480393978673433,0.2050884309095632,0.0633829088840114,-0.3671650909925229,-0.0256475478493001,-0.9339886299550806,-0.6861265993793139,-0.6716971551122627,0.3138325377296287,-1.67380888784947,2064.15,0,Genuine
110448,1.584003605563696,-1.1265468122837972,-0.5792001577213237,-1.005853564748964,-1.001666513620925,1.2023486196218962,-0.5530357255183426,-1.3557059602369106,-0.7636308663285756,0.0146639667796657,0.0660187493431968,-0.9980256063249588,0.1514842547448576,0.8132204721677906,0.7107005032705966,1.7973518726167068,-0.6767683026041427,-0.2310647268302676,0.8952329694536685,1.3765624137172543,-0.2260535554534221,1.146642527524394,-0.0201754114568821,0.880791369329053,-1.594412576441285,0.957228694347471,-0.0430318287372684,-0.7142177583105631,610.93,0,Genuine
14397,2.307791694996068,-0.4681827913090443,-0.224973299288315,-1.7093096952910454,0.7881435439709441,2.075570362309493,0.8020333565868,-1.1912146166826818,-1.1845085301794889,-1.8940626110633756,-1.145391721884907,-0.268800897457415,1.6593723802804718,0.2753155567467731,-0.5559499262194704,-1.1625972879478728,1.5451268670247098,1.0417501408456848,0.3522737543180814,1.9267208915107463,-1.2728964538802598,-2.7157637410825397,-0.0902962528181429,0.6379513893294659,-0.5955256725918578,0.24814917036594,-0.582527246018331,1.0351466464951755,2376.05,0,Genuine
172627,-0.3216231360459632,-1.8878248392503527,0.6362373753789256,0.6513450123530482,-1.0634633671223397,0.6850853720125745,-0.1923995864232311,-0.7159499673934974,0.0791226827591747,0.309614803964639,-0.0377547076838636,1.1559399662106669,-1.4258876753066188,1.7680700014603914,0.4694875982907002,-0.1099172692029517,0.4453308158549052,1.437273296752753,1.443666275634131,-0.2713874578721912,0.9383821602025652,-0.2137322485215628,-0.6180646549534377,1.7793103686762386,-1.9077956362043824,-0.2172125304395443,-1.7047092059549422,-0.1599283671448639,2287.15,0,Genuine
131800,-0.4510050301299276,-0.7251330935163611,-0.5106952697541627,-1.3190638614849672,-2.102901731055033,0.1211927047843207,0.61171957368172,0.9420759410995008,1.1243134413060067,0.3851239739082864,0.1340240661808453,-0.5960223964991872,1.600695657205215,1.3539557651178815,0.1449700259319039,1.1647873248261669,-0.0317266524515749,-1.8323214952685256,0.7550975696465376,-1.364577785499517,1.4229586831898242,0.7432804967996265,0.559547554809723,0.9141477063216495,0.283247035194307,1.7618972566056992,0.8861701149532097,0.0356620350369277,2099.96,0,Genuine
119180,0.1491772603449356,1.2440538958621865,-0.1192624735902477,0.983922681430734,-0.2073387725332199,1.4726440719776168,-0.4337952997095227,1.5039565336216545,0.5586348831048197,-0.358479640930326,1.6150043675546977,-0.9009309448493684,-0.1577117048357249,0.627332644214215,-1.0586245896171265,-1.3115996457199104,-0.1032019499233955,1.1519705170698569,0.9065438266010218,-1.1882618174867996,-1.861467838962364,0.7067631298979843,0.3149103908385314,1.5729377538895537,0.2158354907648088,0.8119918698862636,-0.0354495467735282,0.1396316288912183,1892.14,0,Genuine
66234,-0.4776801458942071,-0.8233592045784229,0.2735938163394498,0.3940717101134636,0.915019924919956,0.142359242935861,0.6637024359376729,-0.6125935489400272,0.0343219968310538,-0.1978368568371168,-0.2686294408825019,2.085124461277032,1.4507827782032208,0.3551277246036167,0.881393639905321,1.203604394781903,0.1234685381382904,-1.009505153459445,1.4923085261257296,1.1494065494864605,0.7094471969323994,-0.8189327256646649,0.2762720984416756,-0.9837799553317896,0.696419502016403,1.0798282275429882,1.8317279951857943,0.1017273140718308,2484.27,0,Genuine
39954,-0.6238701960101206,0.6287158608003051,-0.9048919260478666,0.294341187618399,0.0798307918829765,0.4353148096251014,-0.9787692291160084,-0.0465631013060656,-0.2292310028121693,-0.5952651113967043,-0.6502637707555082,0.2256024917192473,1.0201968724592734,-0.2563706035595106,0.9327532323162596,1.2200455587833618,0.2456024623268997,0.705938136443298,-0.299052409881116,0.2656044633282717,0.86245075213773,1.7387178169620632,-0.941781778251176,-1.2755805963209277,-1.0311018587194314,-0.2206595708388284,1.216720447700378,1.8742159307023505,366.83,1,Fraud
79459,-0.5367385402415096,-1.2264820898084898,-0.9681082883291176,1.6653090460600914,-1.164797015080235,1.0010109200318376,0.0361688798634622,0.4899173090725113,-2.006930328981236,0.4161266795156272,0.7129440594514533,-0.7728383221091801,1.5140705120549351,-0.6471627217415599,0.9871041984354596,-1.9461130189833915,0.1255355379905496,-0.5489087767352165,-0.5987634486230868,-0.8900352712199802,1.2842051857991674,-1.3837527712054225,0.6733333942467623,-0.9406226704582822,-1.4387107612709749,0.3854791056043977,1.2024203174624664,-0.0415443758111857,192.43,1,Fraud
147851,1.7157560080062453,1.771095899310554,-0.1582638814039905,-1.2858026340645248,0.1019509674063361,-0.3864791378742599,0.9806325151099338,-0.3293123637339053,0.585862528617211,0.1399913849928779,-3.1747489381334764,0.6435005365971885,0.9754655100431968,0.7974857695769726,1.9076806343139792,-2.356082380297836,1.946573926463251,0.7466889599353121,-1.3457304429250918,0.7079508986163925,1.205465221990526,-0.3499671341045581,-0.7637923984359495,-0.1568448830943454,2.057463990890467,-0.0814354033651309,0.7334007448731856,-1.905597320554903,320.74,0,Genuine
155538,0.771881995035432,1.83760673306471,-0.0258211850483584,0.873771996048796,0.4383037047683498,-2.075834397405897,0.4672046572459251,0.4507576272929965,0.7053405829585855,-0.908228700291104,-0.3173484554446204,0.2561072450707173,0.691934959018858,-0.1991531610160635,-0.4111351013540108,-0.4002491366529474,-0.4392034383558623,-0.3617634322697305,-0.2108477721605807,-1.0762263071132283,2.635802651990737,-0.309828483686432,-0.5227658247232726,1.382514119046523,-0.0786338815956771,-1.0351495399696944,0.7542395850113094,-0.3719108620536323,1000.79,0,Genuine
168011,-0.4809461272580911,0.5910215565598763,0.433885480001643,-0.2976425730214296,0.0903166915189262,-0.4350802253300189,0.1920287334492113,-0.0040794715040313,-0.6923335681532666,1.6179705787882457,-0.5137134617125588,-0.5701863351480944,1.3661637520350711,-1.0140909381777037,-1.949645194261875,0.9380748369730664,0.1743876290076842,-1.438486371582259,-1.308608352823038,-1.7723867840000809,0.4002606230830512,-0.3198501653626356,0.091745535027183,1.6057462889920675,0.6998099845097588,0.1969451311797503,0.1564308678044716,0.0683315281052334,1391.07,0,Genuine
166342,-2.455125025722286,1.9912526016435212,0.6718865749515559,2.57107015662954,-0.2645842468885863,0.773000929379386,1.80356133965064,-0.2534598787565313,-0.4647198667929127,-0.6658030693259585,0.2609216568067045,-0.0489518163081418,0.0554793574830161,-0.8021589097145496,-0.6570062796556859,-1.5197271311207483,0.0379921064682091,-0.5814328665423281,0.3654855906784556,-2.0077225651355435,0.992678189777898,1.3597004231778689,1.1501555228090508,-0.3648233527388116,0.1329109237454454,-0.057615701131007,0.8245156849543731,-1.2608649816054365,848.12,1,Fraud
59163,-1.5444644936064675,0.3557929749276622,-1.0990628205716486,-0.3807944311392094,0.4860386816427485,0.7025508977181786,1.023636868488922,-1.4198156949020977,-1.0482290209604836,-2.7065184578148638,1.2462262543406255,-0.291439340947042,0.6023417159172672,-0.6701899105860056,0.9594920054201224,-2.0383054098674704,0.939279041483079,0.540184472023849,-0.6134886764681408,-1.4459655113205605,0.0124322476105618,0.0159630230320159,-1.2078242927758456,-0.1122277696826336,0.744943733181773,-0.0743123272107051,-0.4479139956091586,-0.2379807464700383,1260.33,1,Fraud
51934,0.5034290826018777,0.768517114149556,-0.8120849319435647,-0.5423083361256184,-1.7384269028201451,1.3426701094126017,0.8555399492531273,0.1490431979246698,0.8681234727892986,-0.470674236259137,1.5512811989013504,0.9900831639936892,-0.003617950568874,1.7535523272261004,-0.0813699234604474,0.0643668471412906,-0.6932242805771871,-0.4224044618969472,0.9623342608784314,1.157316083999087,-0.802834842994055,0.319775475058046,-0.9886589854903582,-1.1719610566895595,0.2280370721942807,0.9907150121565126,-2.441944493087042,-0.2253014646845853,930.0,0,Genuine
163379,-2.121555941388817,1.261933876731535,-0.970752287563102,0.4255357748572663,-0.8939553907625805,-0.3968310338695123,0.6580277789165053,0.9583757046480575,-0.3658662806943772,1.0309375680363249,0.2469476862523455,0.6813424256547557,-0.6858332091414936,0.8478278540677378,-1.4047726829124532,0.6327593090664109,-0.3668163967598762,-1.0732110461498128,0.778678146210554,-0.2025607847035149,0.7082734416359314,0.8793172914887631,-1.9628950124874252,0.0727678073542659,-0.8020134529564131,-0.1107596357800533,0.7077258209120024,1.7758863471172115,754.57,0,Genuine
54098,0.2929935274519557,0.1797184530984492,1.4124474015914217,-0.2089085322086395,-1.3052080978053102,1.5809252429467635,0.7826968722466642,-0.7782778477402827,-0.1493046673220092,-0.2065320365499392,-1.5516837114440778,-2.1429445616931524,0.5269462553651643,0.0342758326574917,-1.683422976264183,-0.6801832219108873,-1.5116537159342254,-1.2713840013346638,-0.3895998494817884,-0.03379999957206,0.993794000909798,-0.6395817341192487,0.5062115059957221,-0.1982101684032831,0.5418219039537711,0.0700633301531958,0.730139608948329,-0.6776529954618252,1465.62,0,Genuine
5486,-1.0655637248650256,-1.5523774615850614,-0.1202705902025354,-0.7584629622998692,1.3483863719881566,0.1850678304519609,1.6571020105521643,-1.9682706341893292,0.6292641163439292,-1.6347797780842788,-0.5141866063411972,1.9029089661989635,0.1967458008994529,0.4139501828072398,1.4203550116833987,-0.5984540511455073,0.9870148360637762,-0.8093645854934246,0.9762921867103924,0.1869690991228717,0.3417849719227368,-0.1547299622046508,-0.3372756702096567,-0.195328290799141,0.3039323617090007,0.1187665312931762,-1.3215889394307856,0.949614091983079,1988.17,0,Genuine
139407,0.0918057745806733,0.7889633552343978,0.0161292952450209,-0.9702767839358374,0.7120317209883875,0.6044131625636804,-0.4176686877209948,-0.3195506422953036,0.3269740534294587,-1.028091443849859,-0.4045501249425263,-0.2883168697401522,1.2569742409037896,0.5300299258634066,0.6085825568283922,0.6266882253346551,-1.5228972464858055,-0.8180162143552066,0.1492357331804117,-1.0104861962046283,-1.660245232720733,1.676067926469901,0.4244123138215981,1.180726943337685,-1.6823269295192491,0.5026867132376958,0.513722515990043,-0.1459586222930911,3721.59,0,Genuine
86900,0.0638563013341428,-0.4718595944334637,0.0577743640135128,1.4582044883874032,0.1851250343140176,0.9036127582943057,1.0094039652752418,1.5097706448075194,0.5632811347670267,-1.080986415774058,0.3672154258021339,1.7223631860518265,-0.1922543922144334,-0.8685914043519214,-0.496665725746102,-0.8699207276450341,0.5395564531168051,0.5742041810712879,-1.7712617079943405,-0.4796675731049409,-1.4489565213176492,0.3782429307780815,0.3382411785757009,0.4048093260109996,0.2945372333461108,0.2980298345283224,0.4982405656382608,0.8600953382141863,4777.79,0,Genuine
126020,0.1205899338907106,-0.3975298209554599,-0.7156700137176393,-1.1634616318999915,-1.4506216533528082,-1.381665626893697,0.3564878887747759,1.2119499354877503,0.1748373060354972,-0.5752862450859605,0.0562465401604308,0.716051135263064,-0.7606914479853172,-1.1675671171443078,1.8825155308161008,-0.7948664659903569,1.681095693328703,-0.3953011051298981,-0.98863215060399,-0.3834178703330009,0.7672949987995796,-1.0949770003984165,0.7880326372863891,-1.3074297606334224,-0.3871126891594441,0.6869835313045346,1.0790498361099834,1.3956899163877865,4594.91,0,Genuine
102795,-0.3944218470785206,0.2978949164786898,1.5642695189460305,0.2230875603804998,0.7441477889481191,-1.0048971926269248,-0.3831175371339934,-0.5804622057825858,0.1971183351227003,-0.2617049764601687,-0.6882981278363282,0.2482299350774346,1.2430095301616702,1.0515425111862748,2.64890362138596,0.2772869063531026,1.9257354204585992,-0.2986879002251071,-0.724163017926799,-0.9309744354432912,-0.3657371182414172,-0.8563586510883324,0.0014391721239469,-2.5502015420939124,-0.6667593267858705,-1.283167741357124,-0.1056891666704468,0.3812143659700577,2380.19,0,Genuine
142202,-0.4272856256077322,0.5662808797173705,0.411026654818728,1.0561841396260951,1.3865401349918165,-1.038090517067246,-0.0997251030412794,0.4555150049898566,0.1876378543642535,0.4938546089339526,-1.2516484419164693,-0.0941625936001843,0.063341087083543,-1.3497229100434391,1.0348451033890744,0.3889979454844126,-0.3059684971452204,-0.1798275211135872,0.0102437762875312,-0.4858382353014301,0.3560932929211884,0.8919328680275833,-0.7093021148608808,0.5519731449890005,0.9753423994600604,0.1442233876702014,-1.5220225910234049,-0.0574942729640904,2307.26,0,Genuine
87508,-0.7207904189364387,0.150134634006218,0.0395905297779489,1.1044949854426331,0.5714947364635622,1.0722171848488191,0.2191546815463433,0.6135459131505667,0.4529157593490103,0.1284387049612337,-0.868576899643092,2.7587772478110417,-0.7912291388390514,-0.0174324941830664,0.755343217618783,-0.2239258249169482,-0.3458776000040033,0.5401031301712529,-0.4290579643744918,-0.1216551227681325,0.4826912180146396,-1.129474152333962,0.2320135009032872,0.2323729658257958,-0.0718562081951464,-0.1121131169600823,-0.483981967639725,1.1485457165192152,629.36,0,Genuine
118324,0.48389231724189,0.6357295361573088,-1.105256421150566,-0.6016524021814399,-0.0351774165035571,-0.3054566117392283,-0.8599400676694224,1.490338121489666,0.5015070917140133,0.1764037820721213,-0.9053468835655334,-0.2716495524068253,1.3890459867356229,-0.7217284888684156,0.5282535993424055,1.484483922898453,-0.0741189206945102,0.6371679954176228,-0.5289816687693768,-0.2478659784259989,-0.114416939727517,-0.4729900905292922,0.4145561045413091,0.3776506141102235,-0.0414199003046808,-1.3162942239335855,-0.4875904903146404,-1.463269883816991,4858.73,0,Genuine
60566,0.8051926747809481,-0.7068571340601965,-1.1619324916562448,-0.2061848006257626,0.6317180318506153,2.0275819733247182,0.8640127755004468,-1.5505822962005054,-1.2247079607460514,1.7793531257609778,1.6215769935360622,-0.6713311034646485,0.926760707555216,0.2209902477490505,0.8556896167781936,0.7497730257337152,0.9007393302731922,-0.5268991047530872,0.5809702410805176,0.4331866953803392,-0.2560842504440512,0.2033021967423024,-0.3483521412148348,0.2325031704552505,0.0892496324467633,-1.4427950937816387,-0.1172661576007894,0.1732530343563763,3800.73,0,Genuine
27192,-1.2189725225361263,-0.0427037947232834,-0.3089075316057683,-0.4001935010143727,0.2729161142526889,0.0033759748922589,-0.1028514240890388,-1.0688282306296446,-0.5971942512852318,0.8608293403149185,-0.7696586063066273,-0.5813090271173471,1.8488324987648617,-0.253052081331859,1.9583698067843704,-0.3509378865059865,-0.1320959548736219,-0.2639668224837219,0.7869164049375198,-0.4856296769062161,-0.1302669611169299,0.0136215066027047,0.0908337092634302,-1.144558992556448,-0.0323570561273591,-0.6278946469808896,0.1221168842366294,-1.2464247515947438,4237.99,0,Genuine
1062,-0.0516284722922694,0.8490854504508708,-0.69999179357183,-1.535018762665875,0.9260762336397388,-1.4713738480815013,0.0849291622426736,-2.0097553612366537,-0.2033582635019955,0.7728046636373008,0.0601360557162574,0.0010591679618217,-0.340914602889367,0.5339824060321556,-0.97271828135564,-1.2907102932143713,-0.2737383464036972,0.6424827500096298,-0.6185519192865937,1.5448452305293203,0.5914902424090352,1.4832175931029266,-1.3450087556155,-0.1897738594431905,-0.0977602314506295,-0.6518295591671862,-0.2373080480425553,0.7998611100025527,1171.58,1,Fraud
84076,0.1965820734877379,1.772791176436716,-1.067444345546552,0.5375173830201151,0.9036856417929532,-0.672417510705184,1.357202549927807,-0.6784091983448722,0.4518182564955492,-1.8131619460978368,0.9684414083475944,-0.0006862467744823,-0.48081578748434,-2.31116384467523,-0.3390764102960111,0.9914226122365296,1.0727056736270928,-0.695825052926315,-0.8497348340549254,-1.0327409957357605,0.4799979503334743,-2.4506174056941026,-1.272492135367949,-0.3056466447438039,1.4560831561051957,-0.239230685447731,0.396065471107366,0.0983797592879028,2006.03,0,Genuine
89780,0.183771134623042,2.1264355889732087,-0.3709580195715553,0.0385036456348088,-0.2210655366103265,0.1173763632193275,0.1297482052268024,1.0663055674688349,1.5974233628262424,-0.7518055974906431,0.1948982864326516,1.0040239723364386,-1.086571610050507,1.1206702235903223,-0.0477875312341131,1.0264759204081944,0.0436752843448385,-0.5474537957438975,1.2642014235915917,-0.5302860677880038,-0.7989745972771776,0.4819471725318027,-1.6604404179519625,-0.0812653881406175,-0.6842447300880399,0.1281619265342777,-1.0981720214154964,-0.0723705687249697,514.12,0,Genuine
152617,0.1667696195965177,0.4329766827277315,-0.2164280282758892,1.440585080601879,-0.6606413828841099,0.515189864193479,1.5526684444211052,-0.5597191599556809,-0.813223031633301,-1.597023995774876,-1.0860026409452337,0.758249034211963,-0.5669050162868301,0.7353837965683436,0.5743084849776106,-0.0990262726880532,-0.15308878262705,0.6404002294081735,2.726079175015424,0.3940054950618489,-0.0148360245296511,-0.2825828790367869,0.288558149456342,0.878359570274907,-1.736795631985261,0.4940923521766664,0.359840829600505,-0.3700246654696506,4704.12,0,Genuine
21689,-0.4020348103452243,0.8400098267456074,0.1417854204602698,-0.8232050973014229,-0.3998229406861777,-0.9848377280823736,-0.524814508895144,-1.3081889298203062,0.878651675380188,-0.7690528078456144,0.9850850277992867,0.7594906864540071,-0.3863601269918748,1.0115453608545757,1.5654256637448176,0.276882041390418,-0.8761317618191464,-0.5739646090287374,-0.9419009762199356,0.61760884320939,-1.0607068859986195,1.3170082084044394,0.7399648608835037,-0.5773951982503014,0.0446708696558309,-1.238088601125516,-0.7589449533046247,0.6767178793252754,1429.86,0,Genuine
11174,0.2790304254625391,1.981579164815191,-0.503919471374263,1.0886965586176958,0.5358503350049342,0.5684807718062709,-1.097069838794651,0.2266364174820982,-0.5689465122804294,0.7948667126881095,0.3541871197033722,-0.2282379931516316,0.6830014645345462,0.8963874081543334,0.4128292935796696,0.7012435427950108,1.0270303834640655,0.2475686916085599,0.8911397258812286,-1.206151411870807,0.5143557509136125,-0.2356271215300582,-1.4255787543734708,-1.1559975537818332,-0.9394177987855776,-0.9033804297871654,-0.2014370790802878,-1.7872248476917734,2980.45,0,Genuine
88461,0.6180287109836201,-0.6708360367334946,-1.007600694660031,1.1592341502842047,-0.3394396517978083,0.8355427570459568,-0.2899931469448831,0.2523688367873545,1.3705168356446544,-0.3928285539176256,-2.1854877358542915,0.6765221080112457,-0.9293697992593608,0.313798096736859,0.6252338684670721,1.6031036031903116,0.2470781348559113,-1.5796388106378376,-0.1390258707103798,-0.1027340234483604,-0.4655422163275838,-0.206649262093356,0.1611135602805541,1.3399473013324883,-1.096751504230685,-0.8695012324026915,-1.828859235642104,1.902628448088906,761.95,0,Genuine
126174,0.1410366558225641,0.6296998527125833,-0.972920885991247,0.0470716868078873,-0.7505296181538237,-0.6409475995553304,-2.8147146994918133,-1.0170494529513343,1.9123439317969535,1.0724415951599238,1.24572143599428,0.7812966426817124,-0.663336837389439,-0.6413491803977092,0.6767172473503257,0.8872594945614956,-0.0117225491336124,0.5837539119211342,0.6759851741949674,0.7995335825052127,0.7197721286492714,-0.0040765862848654,0.4471610719646611,-0.7302616942179969,-0.015734321542646,-0.1189611362286171,0.9437030812228412,-0.1423043298208245,4014.18,0,Genuine
103033,0.505939836533724,0.7683429494861461,1.2129727292261878,-2.170861570833669,-0.0009533712532066,1.9691572120591476,0.9057617524709436,-0.5060459071847999,-1.748013693628663,0.6931352020628276,0.8733797031033523,-0.0793261184851556,1.6966573032432195,0.4384315259673665,0.0230856606955383,0.4450175979014189,-1.8619747640016504,-0.2008543335271712,-0.9529493944671066,-1.6025912980750852,-0.2404291860269804,-0.6611406524561408,-0.3993048885613263,1.1524338882359093,0.274678138114687,0.0280733231877214,-0.3061215601833045,-1.2998872512937871,932.54,0,Genuine
9348,0.9903534110375072,1.4478614360767446,-1.2517576863617423,-0.5125676574442902,1.1074569306689517,-0.5326590233505566,-1.038898541287495,0.1505765206456261,-0.3263335657073688,0.0504527733720316,0.3385004864302484,0.2792001487227579,-2.930931240235981,0.2895368366438487,-0.41613208913699,0.9297497073276196,0.9544983953916653,0.4068174353813037,-1.2517479345942129,-0.087813808654773,1.144006025630968,-0.5909126720089477,1.601548927805806,2.151461699807826,-0.1736761016506323,0.9990805984498082,0.3388004898487923,-2.628961093799493,4047.11,0,Genuine
154786,-1.850940357895268,-1.1371413805362225,0.3631822982912702,1.7858711243041168,0.1351080671340635,-0.9998780742155432,-0.6176954214462698,0.7459864966917888,-2.350244682017548,1.096046409420315,1.6347634856955442,0.7800313928250462,0.4802605927875318,0.876562114798443,0.0746766072088282,1.1511236996067429,-1.1342478688521058,1.1193902430653613,-1.122743423509406,-1.4869254748445222,1.3330597828806212,-0.1489556993776958,-1.4571381962337917,1.5070970337635057,-0.4567308130253912,-0.9170599839875588,-0.8211703453042984,-0.1682655431686504,2009.41,0,Genuine
38102,0.9434638418653676,-0.9394057838005168,0.5195463297743959,0.2970557714919095,-0.2762179960004274,-1.5292225147265408,0.716278561620927,-0.6488724534890523,-1.6898360245591053,1.364416009769817,0.8504677035125586,0.2111653010090324,-1.2904166127753978,0.6216498618680703,-0.6542960186720946,0.2707194374559381,0.4519189610195644,-0.3336996356434903,-0.5641382173460927,-0.8129369187056724,0.444201340183429,1.6449724314454186,-0.3775590944565092,0.664494210072774,-0.2005022051981793,0.7753061358042411,-0.5597827898544665,0.2302212508416768,2889.21,1,Fraud
74460,0.3424277652212746,0.0213822111047059,-0.1212754758356688,0.6933997058718859,0.320431792946765,1.2206406986921627,0.119121097917891,-0.7929763467106745,-1.6275252402537044,0.4543872704257778,1.127941808772877,0.3065782751484678,-0.8052521389988718,0.0942306473041842,-0.6370960253976408,0.917529268691118,-0.7785343147152758,-1.5336314745101205,-0.2347083169437595,0.0855645590128053,-0.3672432794083832,-0.4913498507109249,-2.912238296257639,-0.1981823400273723,-0.0509359095911566,-1.4809496576318737,-0.966053540872848,0.3053448425104252,1349.27,0,Genuine
102634,-1.111625327738727,0.3777276623216355,1.7678290584051788,-0.0891665816349683,0.0840392090498677,0.0228828773459029,-0.4405454580801205,1.912554689431941,0.6240659748112869,0.2299671136221295,1.0364015907185318,1.4070952404147783,1.4233617376304968,0.4331282274223387,0.3680355745502127,-0.6763088544901641,-1.0730989433067928,-0.3618825561711596,0.9451274431600896,-0.2173318295849516,-0.9372971923933956,-0.6874973754040561,0.3456271741884298,0.9130809394958384,-0.0026815635952413,0.0192184152782198,0.1588043157880109,-1.4503748526075242,4414.0,0,Genuine
89930,0.8024708823196885,1.1228639537338077,0.5017189930276992,-0.2234429098631284,-1.933637041009678,-0.4792859894643896,-2.0365423725217693,-0.2740262307447779,0.4369836443271035,0.6333688092749624,0.757043990744016,0.2190135234751636,0.0715765442967284,0.5217302171966028,-0.4782247465206857,1.0352657725316976,0.9281514844726704,1.2145671391531,-0.8334638867459058,-1.1406078980197678,0.961632091960378,-0.4001481063909227,-0.7319252550454884,-0.0229098838282286,-1.7922180511380892,0.5516014424770088,0.5752589049232347,-1.2298978470879225,3799.58,0,Genuine
6801,-0.3983209060239617,0.5175437758122711,1.8429030483046505,-1.8673445686995065,0.6967591430191588,-1.4741384354318272,1.3008080298971942,0.2494343042140543,0.8012444546610487,-1.406586687372409,-1.7908828461371489,-0.607732083345403,2.6570760862853966,1.0883300827189049,1.8467045653279184,-0.6679976695119801,0.1016578992429869,0.1698448976043845,-0.6378289525589314,1.2214040263871833,-0.0661934124723378,0.0033960358924706,-1.9757114178864308,1.4154257960192165,0.8738917553774068,0.6333965639838531,-1.0011776883876438,1.3561151656737618,1772.02,0,Genuine
103150,-0.2619664363185529,-0.1514132301102838,-0.6510640019148723,0.7947392170553069,0.4074584399471092,-0.3892509235669636,0.7230800334764642,0.6483649563956297,0.6079165183749211,-0.1175714636760652,-1.6714672579336196,-1.345680011235545,0.6268126272447856,1.7358808994901789,0.1465428644343017,-1.0083311761246856,0.0410401186511384,-1.0644434809104506,2.080518674379725,-0.3336576880217482,0.0481500090250897,1.7924445742639927,0.5940099103073239,0.6385360777891055,-1.4576070168482955,1.691360161239998,0.1399207478048723,-1.5525685487013066,2927.23,0,Genuine
154697,-0.507679782465662,0.4164614447561407,-0.6339454098934185,1.0796812047223765,0.0161717989457459,2.3814453876761115,2.0557213296982515,-1.786886035147921,0.4850648214662459,-0.0239905097163926,0.8508404828428677,0.1131509539665732,-0.8296738747657025,0.5970821159349489,1.3592527697139802,-0.1288426797473346,1.9505094890595271,-0.1937521793486067,0.0533757310260578,0.549889502742018,-0.3884032940165587,-0.7637852737655436,-0.1568626249223935,0.3783243606120013,-0.6710827054642696,2.377799314768193,-0.2448895313558385,0.1113104440349806,645.81,0,Genuine
1542,0.3023988442382246,0.3010444762744516,0.5275371586800149,-0.9508622854666884,1.0623567007229204,-2.144487503761117,-0.5963798359904068,-0.0185269616985056,0.1118570513446818,-0.3687443108565642,1.23165073907513,-0.331467126648244,0.5577390196646843,0.52637313511987,-1.2450943897792426,-1.341758009858888,1.9350357354335528,0.487805435792468,0.285317537267489,1.5017634540109466,-1.382793552589794,2.4990929493078866,-0.3069767501368591,0.0492588768160434,-1.5542039809289303,0.4053996413538128,0.1941212242943532,-0.3852643187553805,803.2,1,Fraud
21677,-0.7853531425120531,1.7450164299877884,-0.2614656373192028,-0.1788551215083074,1.212999364250198,-0.63165840103255,-1.4544502643780075,-1.6457162846736633,-0.1308803053453823,-0.7894957947313558,-0.7051733975684187,0.8083139309969207,1.1299724153906707,-0.2229963715034413,-1.2144875608390209,-0.5965015645211529,-0.246954101452883,-0.1254872602373956,0.7453065915543571,-0.6764178649685998,1.0744830186075696,0.4522993524676862,1.1274383823961731,-0.4941602690187444,0.167269202971395,-1.3182030092224268,-0.8984487303961283,-0.5359213963822151,2668.85,1,Fraud
39081,0.901474629947786,0.1656589435685324,1.6856654248920175,-0.3137412773542907,0.7987686614735513,1.7927839700422104,0.9947552852644236,-0.130777448767402,1.0195977320447756,0.9980452216359774,-1.1137628437660123,1.5776980986926428,0.521932678770256,-0.3433181646214193,-0.1110687578538671,0.3784738166565908,-1.307146266729733,-0.1526731063481203,-0.5238390082906108,0.6156101322330124,-0.0847144906342004,-1.0003261355651174,-0.7812293773520733,-0.0022591468147011,-0.7105899973370841,3.8091651072179418,0.4650207005728634,-0.2739862042123801,3203.35,0,Genuine
93105,-0.1388625871946716,-0.3830834135525637,0.3417003836309373,0.4201532939862862,-0.8503008160355342,1.2489730470695228,-0.1880599174003511,1.3731239018364885,0.0122778890240386,0.1700581915439161,0.2626501367935147,-1.0297051233112262,-0.2153609052913439,-0.7258224296013068,0.936766781829272,0.2779241949767729,1.4138118222279314,-0.7136793374603376,-0.0183446641075618,0.4151639404515648,-1.8622496732464917,-0.5472551083387226,0.6439525977711716,0.2928241699261365,-0.1838244231357662,1.142103184703764,-0.2788463230506786,-0.5395905430925002,2787.6,0,Genuine
19065,-0.3642024834879375,0.4496090300718297,-1.0445742198567156,-0.5443635815090949,-0.8157111106269598,-0.5706256682812815,0.6281698590689561,-0.998468326721944,0.5251789815885975,0.2609907321924092,-1.4520547569226223,-0.8858472433546906,-1.6910573926287304,-3.199760562363539,-0.4900578507865783,0.6395585655013442,-1.3446085530734686,-0.6334078877228942,-0.3224567662439455,-1.3895471985469952,-0.1380285978295561,-1.9364497551901951,0.7893000737595147,-0.256945295835506,-0.7428896460608163,1.0303157290872944,-0.1384210175576112,-0.5729346181859234,2797.48,1,Fraud
88092,0.7528756776139701,0.198485319338532,-1.7368164085440256,0.9313409231830024,1.1173355400019835,0.2035950969353059,1.619915287326556,-1.666419189747823,-2.33028533403214,1.4245800712666272,-0.1688978441238236,-0.0241591095802916,-0.3224459235362533,-0.8392125115243891,-0.100376863472578,0.6550031346194506,0.4751989427654956,0.2224591911045106,-0.0830390931531521,1.207236288894847,-1.3546938684439978,0.1066819051782866,-0.5625014661653457,0.2980136055977819,-1.0541068143188723,-0.4271309797090941,2.3405288485761377,0.9986723364465668,3711.71,1,Fraud
54693,-0.3195567623190806,-1.570993355674672,-0.0782385923432646,0.0713243161244888,-1.8772239269452,0.4629374046944093,0.3881530964641765,1.887685776866593,-1.17506908085908,-0.1953283552568741,-0.3551064735152676,-0.7999318715922092,1.6676163422043686,-0.1727294304778036,0.9999254158014118,0.3742102537900252,-0.267892441698304,0.492472246614288,0.8432426782025493,0.100939204644862,0.5903786158932541,1.0515352656890593,0.0084681504858901,0.985606767660084,-2.509993478539903,-0.1218859586252206,-1.7619562181178394,-0.4037974157405385,4512.13,1,Fraud
26962,0.9481768253623012,-0.0156520616221689,-0.0891231295332335,-2.5494230555846977,-0.1488475151621137,0.1338385818072674,0.167298900545533,-1.147057175402172,0.9802242536452652,-0.3887792432108021,-0.224456703001572,-0.2220259309398598,-0.796716765539889,-0.3062605573860081,-0.388028539912529,-0.8516484742832627,0.0759994206519516,-0.1733098478995526,0.6746659834013994,-0.5328355980870465,0.4530032434529357,0.0310889802976629,1.6787432165791056,0.2775706365314114,-0.5914322608057916,-0.8253813622540068,0.5402499803597531,-1.2186342117198192,1938.6,0,Genuine
28295,0.9795929508408656,-0.1007382454060053,0.3137659233083875,0.4427202751926432,0.4398258070310824,1.784450209609176,0.2300027863055901,-1.4985789972269905,-0.6684349334331847,1.3612931244392328,1.8844310179053003,-0.5361732189006652,-0.4118211036040762,0.4566041785528336,-0.7575183961901992,0.9232698905454546,1.2262915708485744,-0.493951686038691,-2.282280746754324,-1.6196232232674352,1.5082546386334983,0.8028073985675465,-1.0097913457103758,-0.5344094394533083,-1.2100880768704287,0.6724732918629089,0.4352451339239456,-0.0838815487622381,2685.13,1,Fraud
13807,-1.334803838218977,-0.5438718657793162,1.2106905737559028,0.9963509875907844,-1.7504077354475045,0.3397542054579532,-1.6372481859646646,1.6190315693901791,-1.3953575178324074,-1.4907393797155355,-0.633991458460733,-1.0077777902696416,0.9932892150895128,-0.8040215450611209,0.7083923459766299,-0.1096176596439814,-0.786844396877179,0.756361751020526,0.997878306133414,-1.2742794650796134,-1.4765843505483682,0.4284872811902322,0.5549307680442594,-2.7556486725667626,0.5195878000182184,-0.4635524404377407,0.6305405933367016,-1.058818789827249,4465.23,1,Fraud
157504,1.109260202222924,1.0355832876229722,1.0791133039939274,-1.1520616602649387,0.2343432388502992,1.1355162909630376,1.1080382094830468,-1.1864699217971546,0.64129233148137,0.0511911199798978,0.0534086939451088,0.825885381675968,0.6197025296629742,-0.7600037772146541,-1.3040360206892752,0.2402713227635466,-0.6081607241469984,-0.4236879029249538,-0.345725733438269,-0.1085176212981383,1.4372081392200189,1.2101344885064418,0.0621111317164316,1.213759770025585,2.080903732077469,0.7185633776140494,0.5857025425539543,-1.08717268369345,2321.93,0,Genuine
171334,-1.4620359715018856,-0.7856795966119959,-0.5789010323364328,0.4087269349745743,0.9544290765859524,0.1815987690956154,1.172086162249162,1.6449142097286245,0.0013343252784288,-0.7376424334574151,-1.3121562017692394,0.0752820446430067,-1.309899634660756,-2.11370438994065,-0.3736641422889594,0.1041071469276773,0.7580524000313088,0.2893138741555308,0.394803704886036,-1.3378588716006807,0.5193347475018875,-0.979737867116646,1.2706847211868144,-0.1105773940748394,1.829925862340321,-0.7398079823186823,0.1932701382472034,1.4552472191820576,2226.3,0,Genuine
168152,1.1715805268825108,0.4556186195245386,-1.2938194018044211,1.82995966975421,-1.4855760701034757,-2.0323888127264653,0.5305700249625241,0.2740908281706544,-0.4069391713135845,0.2926791188218356,0.9403740369157868,1.830368729375612,-0.1086167695687415,0.4714294955568415,0.1142763404063175,1.5746008105277476,1.7888183070369208,0.533018294658033,-0.4075652553897338,0.6327465191965413,-1.366913170924655,0.8828822154087992,-0.0337342811462268,0.2004634364719229,-0.0811279858882346,0.9504400865346376,0.4083852025366237,-0.1831766893033877,3832.81,0,Genuine
132396,2.028357192230239,-0.1478569998437305,-1.2341211350090704,0.1120663751782387,1.6581702066941584,-1.1924127533564834,-1.5154046349308314,1.2839570766734367,1.5091109687410915,0.5719649347214409,-0.1795855241069147,0.359006640954392,1.4069696819330804,-0.8878354488285195,0.5290191385464771,-1.194875035837458,2.474173963303778,-1.2640923912293665,-0.0518049684851555,-0.3790231557496025,1.82701751143255,1.88677594238842,0.685753059111783,0.5449928077974966,-0.7910973213180131,0.28279452611945,2.6857816009106563,-1.2774262644101109,4386.63,1,Fraud
91267,0.8748344382691315,0.1076950056467825,-0.7368017053213786,1.1416288643294894,-1.00983007609891,-0.9848778493060248,-0.1211488251370136,0.1860663360952508,1.3374341079154175,0.6275907322840457,1.1783082452777651,1.2885323390484889,0.0264785785356433,-0.7160066093468642,0.8226480216976622,-0.343123712855293,-1.4508106725430994,0.1397350092984205,1.3152901147477354,-1.5614131712965469,-0.1244591701079435,2.56529911566415,-1.6005187614086314,0.5452480982192132,-1.949849229920417,1.271560622279705,-0.1723180789012067,-0.1029405871861147,3688.62,1,Fraud
166981,-2.156980644699673,0.411786291045867,-0.3667315480390191,-0.4421549702365202,0.57473624647703,-0.2492858572760058,1.4385257753928538,1.0797023647287574,-0.1878371996150687,1.026239081898477,-2.457107113242397,-0.72879661443714,1.4312310049431152,0.5647473551568922,0.9786529554145912,0.531354542704788,-0.4196106262663123,-2.6974789030829847,0.3360756059905912,-0.6629480894477539,-1.1912347251210802,1.420326175908303,-2.144165971195602,0.7577818231285485,-0.4187677773928815,2.11146361410495,-0.1826835271722552,0.0638177347046664,501.52,0,Genuine
19870,1.0635657193860184,-1.3075743838910012,0.305062138965167,-0.0179642884571561,-0.0835964283586329,2.078414239014391,-0.565753662973468,-0.9184488225807672,0.7223753048192962,-0.2525273268108657,-0.0581309813017219,-0.7412071352020831,1.4877757954172028,-0.8827301165213008,-0.3024738583924699,0.0219085909224475,-1.0315428613465414,-0.1023680696103654,1.2641712740926403,-1.062890206903062,1.0395830752446025,0.1714714100657883,-1.049238921178841,1.0088318189729353,-0.9121600677553934,0.2832827118502252,-1.0670109825691436,-0.2070728620759245,2324.39,1,Fraud
165650,2.246128965936012,0.1916608917347828,-0.8009675968959797,-0.2046212879263454,0.0695156237004513,0.3624114628754514,1.1842530519136605,-0.6136027640233338,-2.238703812238559,-0.1902212821372817,0.132127535656575,2.2208706069728894,-0.927660060529476,0.3803375914467657,0.9575132619217976,-0.4846982913882595,0.8465516753985537,0.5794997285552059,-0.0509689592180512,-1.2241348645053067,-1.0889064336302474,-0.965273218821836,-0.4415457231080212,0.7555401702090132,-0.7372708565175851,1.3651741038415348,-0.8249565978061859,-0.4884690711045705,1060.64,0,Genuine
26790,-0.3030316409980292,2.2889474897132067,0.2803919711133143,-0.3871204263475565,-1.2834951356741566,-0.1057881020647651,0.0550964926568538,-2.1155114710946537,1.0933590328972784,0.5266022143517697,0.9115232779054918,-0.6089159295957041,-0.2950450530835322,-1.206625076897207,0.506149256177257,-1.9180367594555088,0.0608674135275748,0.3369203720697498,-0.1549086745997864,-2.215140770849702,1.1562210984910448,-0.8166229788539516,-0.3541738965392134,-3.1170323173508776,-1.6321759617193612,1.369901922004931,0.2235916927312176,-1.3872669871359111,1587.42,1,Fraud
118874,-0.03470332002989,-1.5567633458787242,0.3620401458590519,-0.1477220450830762,1.260472962353059,1.238557996155648,0.7125038395159604,0.9717814777578512,-1.0865865087360398,0.8875016933061226,-0.6419987852312966,-0.94914955082587,0.657603556595542,-0.0211242501391088,0.7212073112874688,-0.2869303510479852,0.8777873749637488,0.8000041377011645,0.0121780651580012,0.0995098554797136,-0.1919564670933441,-0.1731749922884554,1.0922790808184122,0.3929797611718196,0.7027489962234076,-0.0212484973470538,0.3689803792465684,-0.4156358292890051,2344.3,0,Genuine
25289,-1.188486721926432,-0.0576079637155048,0.1433438825958893,-1.6306817809243177,0.3258834633502335,-1.4518836755017483,-0.412141412824783,0.4195693433153503,-1.452141935416829,-1.3003038171383543,0.7868248143911597,-1.1712461430373189,-1.537686015414338,-0.6096518257071776,-0.6337820957895927,0.3624245246135686,-0.395114402615243,0.35045472850934,-1.2694767664559643,-0.9538348580781012,-0.3492230507132167,1.859922387520317,-0.3929884739955189,0.2549954705020672,0.5092265179516127,0.260136037502086,-0.11269434440851,-0.7939745879205382,1108.42,1,Fraud
15485,0.3120794188196691,1.12323932482382,-1.128622997012695,-0.3308801343832965,1.620840176903156,-0.4896951701482387,0.0843808816456664,-1.007324625329422,-1.7852650478415524,0.314121174679678,-0.527435514528596,1.915750564696548,-0.2230494592845762,-0.2662947135739428,0.665108055257701,0.5435148412975676,0.6995280044302882,-0.5423371518784242,-2.691008602692333,1.8766196445828447,-1.3016411405373445,-0.5303697074540814,0.023826213378908,-0.2528010059348504,-0.9154719747043032,0.2712793598032291,0.6524438938194108,-0.1220114495496462,2580.15,0,Genuine
44482,1.269177182543129,0.301619247953597,0.467826725235958,1.337806455426785,-1.2574172205790268,-0.6373286539400408,0.436715248168878,-1.7489020483179183,-1.8625518897786408,-0.3952443254281778,0.0937571789041875,-0.2746970396646077,0.546186361717454,1.5116800037430296,-0.1527501946744236,-0.1680742132855617,-0.1789402317496342,-1.5392140226049995,-0.7807358928627497,0.9925754636964934,-1.043590671625835,0.1795972308263694,0.1395609582461442,0.4795308643740635,0.8558538580091372,-0.4363189291567924,-0.4008521701447934,0.4226668150068608,3216.74,1,Fraud
86188,0.6977371281494539,0.6879669521160333,2.081269628766723,-0.9636900568518332,-0.1812346338786939,0.398041559468138,-1.0832339738941843,0.2818131486251434,1.0803255409004415,0.087152570384361,0.9219515572549758,0.4033920801005576,-0.622251051197725,-1.6392877376460713,0.0478683271651889,0.1779767118544529,0.1422304842068681,0.1131530698102361,1.0272334399200034,1.631477335124799,0.1604652725416201,0.9407637770128738,-0.6315018675424489,0.0202511566569214,0.0596158425589277,-0.4270324731608693,2.4852601790064406,1.7514171340577465,4374.62,1,Fraud
4748,3.1419669772877987,-2.375666011092616,0.2458968269129046,-1.0661332714733105,0.2095292397022072,0.8958362923539669,0.2739131289790113,1.6759545347721905,0.6311447092848549,-0.3566886532877254,-0.9297695193265598,0.1513972194900402,0.588107078330844,1.4224107092766902,0.165141590043371,-1.143483503618263,-0.5762409695503379,0.4788045425211815,1.420537556021101,0.7155560556661156,-1.639200665164182,-3.285666204083319,-0.0183057337187551,-0.5679578314544839,0.5302239571008005,1.2246919264337202,0.1526854048040042,0.7748207476493271,1058.09,0,Genuine
140507,0.0330270429657972,0.5982493746299504,-2.9530751006512697,0.0612123713947549,0.0603831472949247,0.4714855520272297,-2.688525299796861,-0.1379609225823233,-0.7658596426094598,-0.7227466062922852,0.7405846707308918,-0.7234095483227376,-0.6001726758797186,-0.9187754902113034,2.113185136000843,0.3894029605889264,1.3600436152250617,-1.7575523889478055,-2.0023638587748587,-0.5846327504070791,0.6892253044205836,-1.0634125209517162,1.0511610425314075,1.2367477860543317,0.7741090125634452,-0.7102655554193423,0.6738859462591464,-2.714701984752801,1553.51,0,Genuine
3709,-1.6306733674152645,-0.7616882062335985,1.2408795720469028,0.1111831433572444,0.6667853446724203,0.4873164832189117,-0.6015017868217727,-0.6584460385217168,0.8548990367382083,-1.0185232628232228,0.3349025719860238,-0.2963029975041068,-0.6112521178563375,0.869081773265981,-0.914855675359249,0.0094382924361123,-1.262717369602938,0.4038985238725051,1.2866773277843486,0.3240827464670778,-0.5248138590126628,1.9531712024134955,0.2991912159083838,0.3477880342277449,0.3649901382417596,-0.1493616617805705,0.1615312207665197,0.2223799304307314,2029.6,1,Fraud
123961,0.1709709715682191,0.3098772845831466,-0.7027477766993865,0.3774647190539862,-0.1939185419238757,-0.3611091192179459,0.5438830143637791,-0.937074280147968,-0.5949814292091709,-0.1510240149702851,-0.3336741309739365,0.8456838706948259,0.7441859187417738,1.0673169551747628,1.189316403567726,0.165209344638734,-0.1137300979677376,0.0877393334873349,-0.5923238546438637,-0.3027575437708092,-0.3963889788214923,1.0429024484457006,0.5932073559624423,0.1724941366490646,-0.8206089342568176,-0.3266692203317537,-0.6022692200695309,1.5157696909546907,1123.51,0,Genuine
30355,-2.4164517652124897,-0.0294347309094909,2.2657126904956923,-0.1137385731846388,2.122026046300686,0.3207598581161397,1.1202629205505616,1.2493487077663223,0.323649441488623,0.3584057917558956,-0.668206595369311,-1.2258577184581303,1.368044933223274,0.4304622155519017,1.430372534022507,-0.2194441041465731,1.7808839829389187,-0.3646839629262207,-1.4264000255665334,0.3406284208920477,0.583164870963474,1.049644540199049,0.333220300632145,-2.083542559958018,1.0493051132767572,0.4602786914485964,-0.5071628142439314,-0.1424621210670361,1660.87,0,Genuine
144188,-0.5331039248645136,2.278333029161633,0.1163634513659604,0.0718641644583335,0.0398423221881795,-0.8398378707803901,0.4727521417992283,-0.7792478244102747,-0.4823090268978925,-0.6030078000737306,-2.1008288678008005,0.6741682405914167,-0.7107446188729217,-1.2184436118880089,0.8255889167789005,0.2128229941509024,1.275981735228839,0.4397621414313998,1.0592267092362606,0.8912743434289975,-0.2040726714347635,-0.9394944442740996,1.6471241666361438,2.128632220314836,0.772741452903988,2.3004064232956574,-1.14674686529578,1.5555849562428792,4416.87,0,Genuine
156542,1.624382058600212,0.5466953237658755,-1.6847006939858256,-0.3508847736289991,-2.8841544357623343,0.6741389350077995,-1.390316773830968,-0.371179100017682,-0.1199631288672931,1.1898119668668736,-0.0802659563589492,1.4340376645215838,-1.2113603514390614,0.2724296836435895,-0.5354508891296973,0.6346119196511435,-0.8432178217152634,-0.2753761859408615,-0.505443825442201,0.597468116659135,1.2305762624124092,1.4515015859701066,-1.0524001346427816,-1.8643249435242009,0.7873573088654966,-0.1894349328455987,-1.7223808999627128,-1.1046544801411722,694.14,0,Genuine
42918,0.3251336486317713,-0.1126238292627859,-2.0646974899587525,-1.2757961552999642,0.084201008339372,-0.5006030046633207,1.0328581288655814,1.0417349079187792,-0.9081969077676442,2.458450343001416,-0.3320016723342651,0.2923753399879998,-0.0372564757453829,2.559562250323274,1.6965055819068344,0.2554583578382285,-0.7923629702482806,-0.3394674501261446,2.6155351627391403,0.0083425291076934,-2.050355240417149,-0.8169415092994052,2.500617387964293,0.5242038569166163,-1.329312185252034,-1.4414707443875745,0.94980340076338,-0.8775065954398293,2219.29,0,Genuine
52224,0.1794168128312687,-1.5096927592535545,1.5397407626758786,-0.0713918683106508,1.261463984866183,-1.121509560300374,-1.139149731522734,0.6374816048363169,-0.7598176288010622,0.4131251209839439,0.6391317586855819,1.3334002343327247,0.4669016024769167,0.0112357012401292,-0.3320138925388161,-1.8228845909695144,0.514074698612494,-1.2712898696025816,-0.6732426235915268,0.0658290632826615,0.8004522695804093,0.0915478569418085,0.9963418709842464,0.712973027128489,-1.466947727048031,0.1061899468333228,-0.6092444552655153,-0.1690157011754794,1555.52,0,Genuine
39298,1.8207803767153563,0.1211469018498967,1.1059049859172725,0.7245969964424639,-0.923306101850534,0.037819435832085,0.6141985514243509,-0.3329093299866787,0.5440961809526252,-0.0412355245466845,0.5379979660490012,-1.3714133622209317,-0.7207271291498991,-0.100816761696943,0.6871186663566974,0.2761654482210331,0.6499337326903825,0.4047248085332612,-0.2763549674593031,0.2196007439839042,0.0240889412566601,0.6946924336884149,1.1781392453856752,1.6444180973898774,1.5128467250280793,-0.9728346969220936,-0.0642374546114366,-0.146196514512666,386.75,0,Genuine
80219,-0.27059989166337,0.8232288783468227,2.22601888576669,0.5150546263523341,-0.9867551891712364,-1.913116164344688,-1.105833744592858,-0.6989769412493453,0.7047789667612497,-0.9122627404246668,1.0701173043614036,-1.830042452683682,1.6606887224175584,-0.1970565307206016,0.120914429446538,-0.387867194833011,1.1899037204545329,-1.3060792177477558,-0.9764919821742896,1.105842296600126,-0.6578814647094521,0.8328865751009126,1.3099544637837348,-0.961664727815926,-0.6380933801034687,0.2569842624231076,1.5327577780189805,0.8367116087976905,481.53,0,Genuine
61629,1.2618204129341088,-0.0805518918192231,0.0109244855735553,-1.7442421269392874,-0.8403897063395901,1.4743700719960071,-0.7732062043621571,1.465578289745381,-0.414124114780611,0.3700580883679792,1.1067292840194036,0.2426443400575202,-0.1468403320231484,0.5155633670732291,-0.3691499342592517,-0.7081944248842408,-1.4092597465956416,-0.6840994535397645,0.1499005235206911,-0.4896648728931758,0.9489911265627514,0.4935479686851419,1.0363436529684689,-0.8087718695390496,0.2524355221210335,-0.7619771017026052,1.168933559062986,0.001939234317527,3924.61,0,Genuine
66040,0.1293069751663404,-0.5056563599374411,-0.0565298833796804,0.2519253633090828,-1.0764768099771291,0.7970989969116988,-0.9563491359304824,-1.1163696751059815,-1.5255402442685426,1.4771757333683,3.155537877385632,-0.5863450442592476,-0.7293681366478194,-0.0871808383325317,0.546684063723304,1.349172979072771,1.3157934127196012,0.4557906753724977,0.7970649714705146,-0.2587171331767934,0.5868237701241104,-0.2009294612117188,-1.2901096540951669,0.800376599378626,1.2063698749938716,0.1630805254489899,0.1499382996189905,-0.1089571908728718,4261.81,0,Genuine
28016,0.3800474634590262,-0.5725866638463186,-0.3827187921585574,-0.8927695258571692,-0.479401713705994,0.3369698502478025,0.1389585892817197,-0.2102851851273841,2.471247044911231,1.948479410097344,0.5136599688707837,0.878764961659954,1.9317020790847796,0.2845905096932017,1.8794108073215257,-0.9325151300006316,-0.9014302007729936,-0.1674850143674792,-1.7302755238205163,-0.5074710480488397,0.2283392572843265,-1.8475841644996491,-1.1330066726059078,0.6509289977304586,1.6329687345272597,-1.193658324213977,-0.2106739589301997,2.4762828524927305,3707.3,0,Genuine
23960,-1.2173048558630128,0.5351414354553207,-0.6582902412592208,1.392164005221382,0.9092972263492204,-1.6236847453947505,-0.1955345136245655,-1.5058764873423012,0.0366966582312385,1.3961557984866904,-0.8604705894085446,-0.3104439805436618,1.2665423446104649,-0.2923233553101648,0.2563453548805646,-0.8196796165389382,1.3346737841356766,1.7090785115352904,0.6557986701630001,0.1372995681095428,-0.2530797208796821,0.0823528050691388,0.6992096478512759,1.701799027006598,0.5741381092145837,-0.2658107439384235,-0.1534042906882323,-0.7775920738865346,2696.61,0,Genuine
33591,-0.4820467948282169,0.7593879393091572,-0.3924295544578156,0.3262697829283802,1.5263327284126935,-0.7001901830734147,0.5089094376306915,1.1888671779370352,0.3121408294074028,0.8433096283061091,0.8261929891902798,0.1471923749585191,-0.7274283261149272,-1.0362448713048538,1.9784369201361247,-2.241389587254008,-1.61542308289911,0.5928573108338956,-0.4086624687425923,0.6366871289428547,-0.7054660066410472,-2.168495695660733,0.5775796717235178,1.087411342579748,-0.5221069919089798,-0.9928909114320806,2.202499692377373,1.288662284718774,3863.52,1,Fraud
103333,-1.3975182328438736,1.361210115321119,0.2174633323240294,0.8962839601306067,-2.4242503239372004,0.040558434871852,-0.0186348386731079,-0.474885875883006,-1.261329798412582,0.4101933700471635,1.6059040565382805,0.0809838280744969,1.0671408196914154,2.322069100684279,-0.1832816765027414,1.4405148722255117,-1.1139541720979422,0.7513366529246134,-0.8609085813217524,0.2996536572444504,-1.0789420610709712,0.5675793301847946,0.8858019756771298,-0.3384051035904289,-0.2866430463287567,1.2532416307710683,0.1723907654448118,0.4156085246653689,760.93,0,Genuine
114821,-0.0952450782253451,-0.994999893210358,-0.8439007869121018,0.0211681444148597,-0.3784546535774573,-0.2631047710252074,-1.5178734535870388,-0.6996257987156558,1.2152335489844328,-1.0486680308803842,0.4748973243823917,0.1128839949005434,-0.6558441373809408,-0.0966513015926708,0.0774149557353474,0.8911454606193804,1.7210154744250474,0.8539387981579747,-1.4012282716703752,-0.0576753311872141,1.365935173013079,-0.9786601792750932,0.0466453836701241,-0.1110554823086509,0.3706985108610484,-0.7241931657359635,2.9919068827284363,-0.3665456927472638,3901.23,0,Genuine
36395,0.3904023439162669,0.5259775584176167,-1.6692893468739836,-0.0660549988974772,0.3026979943767326,-1.6885649654474726,0.275812468097975,0.6616624653847273,1.367895263158605,-0.0997215478301383,-2.124291055208969,-0.54264548781281,0.767576511692936,3.198398193291884,-1.2257914851809475,-0.3322286667531232,1.7760376372601552,-0.2413081944448017,0.978623500357145,1.0727722554882326,0.8267358487762243,-0.1595288465062466,-1.317286963652416,0.5230215258034481,0.1748877367628284,0.5544339008020016,-1.300626259144963,0.2588178491062488,2117.95,0,Genuine
129695,-1.110038105091452,-0.1217039544178671,0.1598766340141775,1.495844917653247,0.2026783633851907,-1.3164290055361412,-1.762165650432869,-1.4255153713021405,-1.7080348576403142,-0.2158781374711252,0.5553602040029428,-1.364648131636886,1.7773244273526807,0.4249152460469182,-0.5578382451316982,0.6127998064789755,0.1003353408281119,-0.5318358420916055,0.2866876798546493,-0.794217573962567,0.5686536966453735,-0.5115326550484846,-0.1101276793812481,-1.5284558058813196,-0.7159920288203204,0.1790592612159507,0.0469509303420725,-0.8175334105484111,3751.83,1,Fraud
153772,2.049178922684823,-0.0922342046332804,-0.866195598693432,0.9727743966250164,1.8999396666228887,-0.2830943969135784,-0.883853993049003,0.6353813812188407,-0.1023856276254179,-0.0932040354072535,-0.6298718472715173,-0.2191915447188231,-1.2088377456311843,0.5999822025755587,-0.2183700801697178,-2.225578196305371,-0.3292894840042775,-1.2138441941725382,-0.5820787431340788,-1.4998041644801012,-0.4269973287542915,0.5660123069232292,0.741363794796113,0.561088121461154,-2.6532096325947143,0.1989133759732321,1.1657676213080912,0.086238733768191,1139.52,1,Fraud
34620,0.2781060190919608,0.4018258540340018,-3.239437724940069,0.1178586522475477,-2.0106939095820677,-1.2832893985838325,-0.3639133320790015,-0.3605427920675063,-0.1804369706196371,-0.719412212826802,-1.3219258800794722,1.4500417050316547,-0.537770150175439,-0.3092845695217548,-0.329043851857876,0.4752857745623278,-0.0160537295430536,-1.45358632327023,0.7794590007070491,0.3215518803464554,2.033892916778268,-0.7901037207505033,-0.2531713484255554,0.6334270984829473,-0.7358945331454932,0.3730006821694822,1.0800990585821748,-0.0039704029132091,4162.88,1,Fraud
128148,0.0577955855852192,0.4076562536249473,0.5525673906570109,-0.1996664261373981,-2.5890639346884994,1.3713873238832617,-0.4332034071896444,-1.2052992147801944,2.388446816546841,0.7578619684363763,0.1866867733040958,-0.6088282924619906,-0.5158310904126678,-0.5929573213751277,-0.960242068404166,-0.8570679297464341,0.4147279509224909,1.1473805689139651,0.5298261436171223,-0.0402598249541156,-0.6944480118658335,0.2562117101276815,-0.0047566335608377,-0.8100556330335452,-0.2129934454228426,0.6029827787796724,0.6315946599062197,0.4763262863120239,2841.01,0,Genuine
20559,0.7696577513456252,0.5287681057915735,-1.1080590381170283,-1.7071747255308698,2.062212524038256,0.4945383594058324,-1.6474126605060255,-0.9902629702618188,1.4436138071278952,-0.2738647934070433,-1.5258149826157894,-0.6143465987259245,0.2656083940986358,-0.2866701190637394,-0.7618450969781418,1.6737524980012717,0.5048106236817227,-0.6222087698252017,0.867847404401376,-0.1671259636597058,-0.3780718285061038,0.184548704132256,0.0300531200630276,-0.2129849114514926,-0.0096335532948118,1.3061835342710044,-0.6103127782024014,-0.116745755067858,37.68,0,Genuine
93396,-0.828928080865922,-1.05747119219581,0.6617894546907348,0.3245675348741399,0.7534336932473364,-0.8034641092390311,1.371159553538192,-0.6842000995617376,-1.450778413969171,-0.3550304071434997,1.0231471042956557,0.1576474268684903,0.4733344993008507,-0.8323126640345019,-0.2865901255702213,0.3675423987392803,-0.2947325692947102,0.893914109798396,1.6405988963066536,-1.3194621420146233,1.8129542944650527,0.0657700536295657,-0.5220073479880754,-1.98201659766504,1.7066991305709416,0.9333377704619694,-1.313031183421952,1.6661701722310192,2596.82,1,Fraud
21732,0.1634774791674533,-0.7498114071664587,0.6378481065159813,-0.1261039693197146,-0.5713715869529101,1.1691548280157134,1.6480027900566996,-0.4440436754637384,-0.7280521795492748,-0.7160266242110652,0.7308791674324757,-1.1771025086421143,-0.0891000101903238,-0.9246808183508972,1.1865385564481363,0.1310067720151797,-1.9354732461700663,-1.4718749804283453,0.2175183850113024,0.1986021598400524,-0.0524089285192271,0.3926756358237085,-0.8139091373787094,0.9288913517424894,1.067113331976923,1.5260443424600882,-0.1788114279142956,-0.8823204246409162,1552.09,1,Fraud
91362,-0.7168662203575912,1.485868275517684,0.2835900115228329,0.5539560470822761,0.1715987730679549,0.9677065886736894,2.250775104308949,-1.1985260738412136,-0.8929940151805965,0.2322999882743701,-0.0866689402491135,1.003488167024326,-1.6818394355666786,1.7846010554138692,-1.495580576186661,-0.8207048859134912,-0.5437035681597352,-0.1826511492354415,1.932375771817329,1.795073656627562,1.7381097110082024,-1.2024869048662494,2.1083754738320333,0.417955436550066,-0.4616333508131888,-1.0640199716831762,1.0432561344415403,-0.6886508088888507,288.45,0,Genuine
161426,1.5586799100889828,-0.22057246748084,2.496817840356496,0.8578188415347864,0.2432176225610663,0.2889583563869195,1.1476514174896568,0.2945159895680461,0.371676376850925,1.4967745260557963,-0.5500782322075937,-1.0817354537878043,-1.2310106936273546,0.7997526056678803,-2.0821790630336947,-0.8144505892150516,-1.555003283669118,1.2677030807026377,1.427579605654641,-1.3315423718081452,0.378595212981883,-1.165888860276206,1.5586000440334566,-1.30658249988127,0.503751518504519,-1.341405170978784,1.7000226995506762,0.2392284269060267,2237.1,0,Genuine
13843,-1.0586393493970814,0.3060143980178964,-0.1380518499723774,1.232921095047247,-0.5955207903359794,-0.0395862334639541,-0.3954465387902735,-1.2247219839556684,1.5722088807644028,-0.0102082966105379,-0.1840992877237481,-0.2892972150973493,-0.8835487309788308,1.498185124354066,-1.760827532958502,0.5925535386416035,0.7658106216559928,0.266078319505858,0.7834414206285975,-0.1571013982151372,-0.5147779856157872,1.4334757192657326,1.0701423366873488,-1.0600588054595188,-2.6645392800663608,1.657174556337741,0.1108462279088599,-0.8056064381473018,1558.04,0,Genuine
114065,0.0631654593071736,1.0546663120431858,-0.2856395674985884,0.3369929108944042,0.141778370691434,-0.2984738082298396,-0.4126795209485751,-2.3651224531382886,0.1091740325503195,0.2817405484662886,-1.0109152476021477,2.5389083736267355,0.5598967002527527,1.124899689638518,-0.8473994592019098,-0.8300679276811157,0.3688935015803623,0.2925047115247965,-1.691230577485098,0.075492811025541,-0.1958091280018994,-1.5398725927149048,0.4150310948703181,-0.4345967295089502,1.226097498125549,0.562488538987103,-0.0981182314407446,0.6729669522144507,1022.75,0,Genuine
71726,0.3293157851517757,0.4634430723608188,0.6836724214169171,-1.0463604651282052,0.3548133746601196,-0.5399387077816568,-0.4678938361732251,1.919619628797523,0.5011662364378279,1.9352605630400657,-0.077044292080769,-1.1425642370557434,-1.395110343808505,-0.6013715645019755,0.6369700782640833,-0.8693823651898779,-0.1112487810216633,-0.5862977620086853,0.1097920807698633,-0.4439341016955808,-0.7168055218731446,2.1663478149396145,-1.0047006058983088,0.8492924591334593,-0.4963605304135052,-1.0640148918819992,0.2087762913042958,1.3143704496068898,1746.26,0,Genuine
17640,0.3948257444077013,0.5465226309720393,-0.0554473621137927,-2.149313550918133,2.015530261362825,-1.3367919192078537,1.985637686225776,0.1979275490989669,-0.6643087043431437,1.2034425392512902,-2.8444590774935468,1.4723707175273684,-0.9136829197689882,-1.539685833504443,-0.3563082450223266,1.4070848335224349,-0.2507674246872151,-0.9026984023475662,0.2463255978096207,0.1644035441148417,0.6933328857398315,-0.1377628028542555,0.8873021707284864,0.5045358929096497,0.1871814153841662,-0.2795458494577857,0.2201325041227707,-0.519594386835387,898.86,0,Genuine
52528,-0.5812351730828322,0.8945776792437568,1.1604935373940093,-0.8246998603567915,0.9634512222855413,1.5283287550979996,-0.1155414689651605,2.009491591645575,0.4958076981594708,0.5877448175521978,0.0887099634268699,0.1212481671914683,-1.1336427529856867,-0.4601431706968371,-0.3699586960398169,0.2875500564641174,1.9661042405839344,-0.0449631518248664,0.2155711555267701,-0.4470299283059119,1.2228890691102936,-0.8504793848229975,1.1153095763755947,-0.8222314865152642,0.0298169074081637,0.5370226770102832,1.1866272137670588,0.0881214843369014,1499.76,0,Genuine
38413,-0.8955094021450978,-2.116663760897,-1.2688059075755225,1.3334884995050678,1.739323140242075,-0.5205132187712167,1.2692329069202273,-1.04365935002705,-0.471917834014505,0.5456977662574383,0.1142199415889222,0.2623181374823924,0.3413045936263845,0.091831819011613,-0.3924099592839015,-1.0961888273155416,1.1463936755391384,-1.125672853700109,-0.1098074671723268,0.1535929905113246,0.4673254016343708,0.861148542464795,-0.3444751368307525,-0.5932743658866566,1.0262313512617705,-0.047051973142915,-0.3683628329334303,0.6547021380428657,577.56,1,Fraud
52638,-0.566795173046099,-0.4899501551605347,-1.25217444746434,1.8234914692994408,-1.3435714836728945,0.0282006097123329,1.1914349777194386,0.4797947142879982,-1.6407595313306416,-0.6030659077929138,0.8451496680907414,-0.8093612322506667,1.1317420893805277,1.144343118459317,-1.877830876067222,0.5517465548693008,0.205321067554004,-0.1074578722701803,0.6460499129015056,-0.2548925088872639,0.2836296657029034,-0.5622333850713315,-1.067700661131881,0.0525966392003359,-0.3486762689336533,0.6124158879216707,-0.1182801030384632,0.8833227134541775,422.48,0,Genuine
110133,0.5283254342102823,0.4686057964995918,0.7658094913262175,-0.2379007517691754,-0.3471972596178577,-0.9102478563006188,0.1895478560808705,0.8946086988632601,0.4308707091351166,-0.7008694488826097,0.299811575993421,0.7987506112347709,0.1541540664252807,-0.0546046476784745,0.861424572524556,-0.2790601462172098,-0.5380491494949856,0.9812365188140494,0.779155846741999,-0.5378255895391081,-1.0392345895380484,0.3381968208130751,0.4269198763299128,-0.8006674943199541,0.8228870732211896,-1.1746080171464313,0.4620084520132382,3.477822554283471,4550.19,0,Genuine
106357,-0.1438457709119636,1.3876443070576574,-1.1648109393386037,-1.4609592542823513,0.2422469839316253,-0.2594505166093298,-1.451640843729505,-0.1893462581732559,-0.0098524216116127,0.1414081530050342,0.977334761871499,-0.3659248129151333,1.9935032759049072,2.9663657951760167,1.310523843267018,-1.7658225363173938,1.2899972370292865,-1.2670512290141405,-1.6721712877479982,-0.0770766009773724,1.0933925017752124,1.2430814985223757,1.0679146970671307,-0.5204467991898335,0.3646683974110317,-0.0301673554756856,-0.6322317056840253,-1.3575748697569563,4513.93,0,Genuine
150159,0.7962088084525215,0.0660955596557729,0.6090986064427143,-0.6484135750028399,-1.921100753132963,2.8507774238697423,-0.0939186386509157,-1.4444499755786808,-1.0971975431847565,0.1667741051582895,0.5470311090523918,-1.1477851473474003,0.1539485126740389,-0.4326959905698537,-0.335471460838838,-0.4990085050957324,0.1105003927465519,0.6421787163118857,1.3548402360837026,0.4812612129458005,0.8398968856768321,0.7132552061063908,-0.6400394764462523,0.6918689979490753,0.1225785356130299,0.1176207314024813,-0.9193747799443072,1.4941791848629409,4140.2,1,Fraud
172502,0.4770037193950732,-0.8447164617560955,0.3700028462103656,1.137805822697871,1.1818593381092803,-0.7259979037452272,0.1469662762129523,-0.2644811342222946,1.6453853251039992,-0.8497648690328464,1.0365242704061233,1.455660403142888,-0.0941452911777679,0.5910576024481916,0.0854612127533848,-1.048581312141853,-0.6483286413474283,0.9959097553045436,-1.476451931247371,-1.5574639956906169,0.2780921605635637,0.4264934456822264,0.5287096339523717,-1.2268217998357656,-0.1080871455142573,-0.7066980367297241,1.4035773086593566,-0.6424925362541766,1152.4,0,Genuine
155576,-2.276912698099608,-0.8180860496105022,-0.6944882860276632,-0.5910131735271067,0.6422097723112623,1.4485957745415514,1.277921289902985,0.6263969330962396,-0.7664539894617151,0.7032966639474403,2.6214250639925525,-0.3858488927289048,-0.7841720420312129,-0.5985908917957072,0.1187209192373997,0.255777564285272,-0.5905857406872602,-0.2602338696275499,-0.4058990876209659,0.69390177422633,-0.3013727547403897,0.654631435075767,-0.9074399566794616,-0.1423671329934112,-0.5093785763960906,-0.2833163635054528,-0.023980254604526,-0.6001620317936573,3629.73,0,Genuine
138186,0.2474977968372109,0.8838612034530742,0.367170160233434,0.5891239476675142,-0.367158519953864,-0.027805517153899,0.0194579121002917,0.5882204499006984,0.6091013144388354,-0.2772978884971191,0.4200171419483693,-1.8593834471556872,0.2029897176693272,0.4062823858223443,-1.0678224690281883,-0.6555820211616111,0.6618617183910563,0.0333633439136593,-0.8875776601651266,-0.7257477330874575,0.0439048736688756,0.0400739772482574,-1.136679392915965,-0.216765090331176,-0.1658197289313273,-0.463309857889363,0.8906543940852647,0.1429946263906222,2948.97,0,Genuine
78859,2.25045476781627,-0.2177735823918866,-1.2345924457842394,0.1685583012980352,-0.183334343500785,0.6799384634946456,-1.208605563624806,-0.0016286124580567,-0.3625481905501642,1.1273207357128776,0.1840241447673629,-0.2687069012493012,-0.8267759508144501,-0.1255734314054514,-0.4414888624680169,0.0909022504438168,0.9523201417650636,-0.4794839360206627,-0.7217637568775072,0.6184230507167665,-0.9098927620387672,0.8110946476885189,0.2048667534398814,-0.042855654466539,-0.3822695312703951,-1.109385972528426,0.6902777960348055,0.0621100724320476,257.12,0,Genuine
99657,1.3252690510383311,-0.0072000457903366,-0.9998999262637004,0.710003259037054,1.253866888823748,1.2445802553962515,0.987909997731705,0.8972879431717461,1.5435772188575818,-0.0554085117893477,1.1870489212681554,0.808069512660109,-0.978977091768429,-0.2486609572459051,1.785756915720058,0.6662596840965631,0.6356004082697304,-0.3100420242579523,1.0865330331503795,-0.6697838773656237,-1.474317884283255,-1.0727783260951642,-0.8143877217344198,0.2642111266517299,0.4188137543207777,-0.6174388043530534,-1.3753579901946509,1.2508366401233788,4498.03,0,Genuine
142047,0.4220131607069687,0.6150301937723192,-0.2371877384120659,1.8180109989470377,-0.7954379476369655,0.2722673844059976,-0.2275413224974877,0.8500861214923535,-0.2375879137285658,-0.143920230035867,-0.4682315027703624,0.6483618046666626,-1.0075614837189162,-0.6187921028957915,-0.003989429481267,2.3609596829606656,0.6575567839657648,0.818120249608393,0.1216198043378512,0.7133302082462273,-0.2998472374985121,1.4591160449076324,0.4300859329469347,0.6145892570605648,-1.1344605624724529,0.1909706068779726,-0.6524980351927304,-1.4705179672091535,4989.91,0,Genuine
11023,-1.0593921304699438,-2.901523682693579,0.0789278190722207,0.5897814755343384,1.2941853496622873,-0.35170715638029,-2.5452495496365364,-0.5236676000595035,-1.674628088610252,-0.9373964495059808,-0.1191877659654174,-0.6408791363813738,-0.2242274621281808,0.1475424064312364,0.2235191349958723,1.9799011720533457,-0.3042708453379258,0.7249971169366168,0.682599131262002,-0.0489511481600492,-0.8600243839217877,-0.1562065551705745,-1.615433555238353,0.7842188395044833,0.0720825987976789,-0.9745497120656836,0.0637943360406222,-2.976044230951292,3543.9,1,Fraud
21447,0.477553716125646,2.000367511508081,-0.3036385369878577,0.1469162766379294,-0.2520387365862879,-0.1860909782824394,0.3249845745767454,-1.5204196548582072,0.8100021142190945,-0.8278597351186339,0.4209946182785697,-0.9774811297852268,-0.5001025027369796,0.8361729264676457,-0.6936411667545445,0.2232494188080417,-0.5441816791738863,0.3934347162565464,0.6320158384472817,-0.9294160734593448,-0.5076357477273576,0.1771818294341626,-0.8570335814853295,-0.3439434175755665,1.5162182403476765,-0.6748850584000201,-0.2405845624529643,1.933825688521185,1158.31,1,Fraud
125899,0.739749939878259,-0.7310738350510614,0.4331159638731109,1.9283735658089192,0.7559960527769166,-0.1524284816463379,0.5007712941202096,0.1904339080107887,1.539543987689734,1.3177643650776008,0.0724150377285043,-1.366177209208942,2.654733897417221,-0.9750663642052158,-0.4299586457948892,-0.0526041476760466,0.1485813314824046,0.6079199331466408,-1.9150456131099567,-0.438779886794778,-0.4879511921418099,-0.3135510406419374,1.0291053268723769,-0.1514311745992966,-0.4399095753569638,-1.7029153952145966,0.2447948432498786,-1.440014445070808,2772.49,0,Genuine
23959,-0.2537466808275839,0.2419363694735717,0.3884664150482911,0.3495521016250613,0.0867642055789872,1.8643705569154128,-0.8429381928657882,-0.7466375660204068,-0.4276113975959933,0.2689637469889793,0.0679134408008878,-0.0227631716782925,0.209379952789642,-0.0485729949720813,0.6462919036917023,-0.59509170888728,-0.0820246506042488,0.2000281161679807,-0.5577415634865751,1.193667197192373,-0.0780254992702404,0.6061108379479584,0.6925153084103047,0.3509563286098245,0.4383183682825559,1.440296948805987,0.1855980485016034,1.005055133980985,547.79,0,Genuine
66203,0.3167420588044375,-1.7046970134962711,1.5293668083481444,-0.7929474973316006,2.2331938466511856,-1.4841257771603906,-0.1920458006230886,0.1437486008992903,0.6788848096524487,0.3893023805226389,0.8997792033263129,0.1509957412726002,0.1929200749752277,0.4931340706556366,-0.8396002867477903,-1.643097966582582,-1.0007930611980478,-1.226870117798026,0.7485724817361277,0.0518283646455648,-0.1436951176621744,1.0541235984824813,0.4190406320611199,0.1801407607074157,-2.3232834936878577,0.9260213097854804,0.7856083813755256,1.394748285605892,1494.6,1,Fraud
119156,1.5096624583960403,-0.4225411104050376,-0.0952853471450044,0.6874652897694855,-0.8873923901075258,-1.7707269577927929,0.6577170259739498,1.345529853551899,0.1294316050487789,1.6006469568831228,-1.69605483951956,0.7089606807370306,-0.5519567132358291,0.6828911076730088,1.619982864228279,-2.286313818594038,-0.0322498926655449,1.0639974465778492,0.6568379831232731,-0.4580348903522705,-3.0531533648996607,-0.99206953336367,-0.4454816674802621,0.5707064371419828,-1.5807358537369058,1.204769564388536,-0.0436522911008923,1.1346235564671945,3586.56,0,Genuine
160775,-0.8572744197417258,1.244688046365097,1.1945634311841289,0.4474555421329706,-0.5732826225769339,-1.7040529171977674,0.3317848012022826,0.4374920158710975,-0.3827159554255117,-1.3175886203422429,2.033459078472238,-0.149034230547527,3.0654745270562183,1.8630278471837756,-1.6162661457670928,-0.8427039936607469,0.6899671706381076,-0.893492250908079,-1.7566760634058711,1.1405368626974044,0.3478975469714742,-0.0692826394185648,0.0137097673012924,0.4496924581193826,-0.1330047122885839,0.3610661914873833,0.0694485629879562,0.5114307937004854,1506.07,0,Genuine
9337,-1.058299604959127,-1.9161671796658788,0.9207255128938931,-0.3079023422705998,-1.506125477688831,-0.893931433572423,-1.5626569501149992,1.2962557092217295,0.8407603776220373,0.6712557170413908,0.4859000179845614,-0.1786677656548174,-0.9239477818007406,0.5786784460502379,-0.6331630716148046,1.637444815882714,-0.3903836873656141,-0.1001403105219986,1.030027125178924,0.855166573781354,0.1314965396755881,0.1698554254176741,-0.2247607159678873,-0.8238727642994851,-0.0752913942997935,0.2944402344521497,-1.4373958599765115,0.7458245871229967,736.88,0,Genuine
46427,0.6926993259942127,1.1262000871891409,2.293977283293148,-0.5175860524662734,-1.096757167029321,0.7000830771983623,1.253550166497368,-1.0114798010165704,-0.800035989352325,-1.5878908646931484,-0.4002613298142571,-0.2784930682590606,-0.4737097384137439,-0.40002209723511,-1.4798766963763024,1.603097564007162,1.5872520785753697,0.8532506845803646,0.6160559459186172,-0.8402254228726305,0.9611476577728288,0.4363233969132486,2.3337746406276247,1.874446762570269,0.0413437921934815,-0.2111603423755467,-0.6011257665707345,-0.522600061249001,38.35,0,Genuine
61529,0.4575426361980803,-0.2736960962323843,-0.1272580199022743,-0.2982594873149079,0.7131281076945163,0.7614192924041975,1.7063306195386507,1.087455738680692,0.032495204787117,-0.437651942053372,1.6280529083487896,0.1527016994187144,0.9992107079043258,-0.5680015584100027,1.3243632465163238,0.0716432895709135,-1.251816425396504,-1.401233626293016,-0.962792303461686,-0.2044892336664296,-0.2138101007858001,-0.2915591196129401,0.3164354118338108,0.0036766986284337,2.190794309442097,1.3002609663662363,-0.5516129407115674,-1.9143483392913363,2863.0,0,Genuine
102023,1.0288382954128117,0.4871644402201918,-0.4203587214529882,-0.5318893575017567,1.600163638865061,-0.6075026414067075,-0.5101838860318426,1.6765979316516664,0.2573567266044524,-1.1450870247085363,0.1035340507037336,-0.1336644556398772,0.2023513983113204,-0.5802581743615904,-0.0362734862991031,0.4652161576810996,-0.8241533934996162,0.6245363395707166,0.4086282782543623,-1.762510532290005,1.0844335756030576,-0.4319583874326635,-0.766609122469985,0.6997039071375624,-0.5829173555117508,0.0235974026080537,-0.4440421958526041,-0.3475574145132727,4843.38,1,Fraud
84665,0.5697938119037697,0.6575244134851105,1.257694222243733,-0.2657598187128918,0.8264808703602766,-0.0284915276598395,-1.9098715729225864,0.0643220067080255,0.2210893703587029,0.8585905459322004,0.1298985375962573,0.9390872555159956,-1.273035894847453,-0.6359767766019002,-0.2863893452327766,-0.6047170800623468,-0.5727857958199915,-1.1921144457737456,-0.2291117651028488,0.8719529769393867,-0.153030761922458,0.8861021835307203,-0.0809138211306167,0.6105875957787256,0.0844129449819244,-1.9603046025610025,-0.371054330666777,-0.5436229285089649,2421.18,0,Genuine
105787,-0.5677550631741938,0.4414214994909254,0.3854325717412621,-0.8427966022418615,-0.0053914997268663,-1.1162986350878348,0.7711128068029514,2.322053393697689,-0.7754067583538699,-1.889726352059624,-0.2147032826866305,0.3108449717715236,0.0272923766588113,0.2157360186073908,0.3976034745453966,-0.0301504342896633,0.8224903172056129,0.5947414401459624,0.4919653916272927,0.0040671246937987,0.3400785923568837,0.5086379076688787,-1.6805350253691298,0.2719254340085297,-0.7163810530835396,-1.932913321576249,0.5999700434671053,-0.9445827107749252,1063.85,0,Genuine
162993,0.4321926514654048,-0.8649506516308265,1.2816592167838994,0.3861546881598157,-0.8936145016560537,-1.023552287406368,-0.6730924391780935,-0.8574312117286053,2.059605219968684,-0.2300845113527955,1.4676936638675533,0.1080019382293093,0.6796846464206171,0.4205502447097647,1.3990147807170314,-0.7761734042562011,0.2123813125760504,1.2026679606250972,-1.8002361010094368,0.670160286172314,-0.9171349373711424,0.2154647277820342,-1.903778178674848,0.2623363625385364,0.736892421023173,0.3634427024424237,1.7720734120228971,0.0495551051819572,2316.94,0,Genuine
33307,-1.1421265432961736,-0.3645491465350236,0.7167987979895001,0.3112013139588193,0.8984186716271502,0.5798668390115451,0.5354487950852501,-0.6388338697594519,1.2622453328221122,-1.1587701931983774,-0.0093509791678915,-0.0417324552988458,0.5120196042978917,0.8245448153867869,0.2160687540537872,-0.7779700330896099,-0.8860542893563849,-0.7375283651361643,-0.3526048627416012,-1.9321044603945547,1.1360802444949722,1.2494052873174888,1.4627140025176095,0.927333001286423,-1.1503602430443307,-0.9595920798783176,-1.3498200059059948,-1.9493755135366837,3010.82,1,Fraud
158427,-0.2503187117329938,-1.4615561772508157,-2.106762091399496,0.3452017772294691,-0.9486019051858376,1.0476840611083973,2.202170466567038,0.6499355504284685,0.9904125587495874,-0.8548083726040118,-0.558415965860798,-0.941824543703402,0.6611842262657825,0.6649947266352376,1.1426506859624583,0.6125378586255456,-1.8722713470228316,-0.8675976587001362,1.18071690240207,-0.2808572951007175,1.299997607478269,-1.3377276448265931,0.2736885208636553,-0.2082907817659055,-0.699005190207488,0.0973819947910152,-0.2002558741302463,1.254439664488508,4007.04,0,Genuine
127016,0.5027992309664041,0.4917963315880796,0.3763217770311829,-0.062369339436654,-1.348951734305759,-0.4768188244301426,-1.5463075791888512,0.0544655448301886,1.4332129749778617,-0.7007111641875738,0.998772968859851,-0.0006525420970196,2.18569788908818,1.2461071546443845,-0.2936370928932739,-0.6052935711506668,-1.1867428136534903,0.0760366106541017,0.5388191721705394,0.1675896637636796,1.8833156871846,0.7984526861345533,-0.4515882135487192,0.7756026620372134,-0.9014686509231656,0.7588857148564202,-0.8660497664849065,-0.0696157320236608,2263.94,0,Genuine
4835,-0.3605142167238898,1.7020551540159257,0.3112158979514894,-0.177663256025062,-0.3084693332099046,1.6350151208308032,-0.7966208798123241,-0.7429073327812283,0.068761547737384,1.3191045374986323,1.1829553757553657,-0.6465282198191907,0.2715300928230187,-0.668920843859364,-0.961339583807264,0.4921658293843124,-1.7532824766553456,-0.8990068585442356,0.7916408647140467,-2.118241687798552,-0.542441431135824,0.3736276196244514,-0.0265211462439641,0.5024236988940741,0.82370135752044,-0.8295473548921033,-1.33839634773047,-0.494073831522246,865.59,0,Genuine
20159,2.468052182229827,-1.8244408866764623,0.1331069024639629,1.4420057976535152,-2.033940616888496,0.9656053487861096,-0.1944795935484491,0.6191040766157678,-0.3712903014303694,-0.3352294500315311,1.6066083136721403,0.3465510270923149,0.7956444585403569,1.6364841856331978,0.2322140138803518,-0.1471914553797975,0.8734756560804714,-2.177231048683235,-0.233541246208654,0.6563533649668876,0.5296856359757821,-1.454920101573307,-0.1041677084289674,1.1757905592541598,0.1259870832067376,-0.2995869022562261,-0.5278385660290005,-0.3095250713421844,940.86,0,Genuine
121790,-1.8921842488236669,-0.7616459061380355,-0.1322430541233828,0.0674058868378028,-1.3813848745522488,1.5917258522555509,1.291678361358942,0.3555415133323936,-1.0890357755343976,1.7273256960149022,0.6335990420496339,-0.2088590495526261,-2.424178003827882,-0.6296558983397632,-0.6973586719919581,1.417872219473078,-1.0590834203418755,-0.0253055151063511,0.5643459496405054,-0.3234632481465546,-1.4397984014602998,1.166327181740619,0.0675901067394013,-0.4964040077333767,0.2834953956044901,-0.2632389843356019,-1.0525738736705057,-0.1564412537843012,4498.73,0,Genuine
105616,-0.5474903569988108,-0.1817752758829333,-1.592143527794328,1.2637668460554767,1.8859903358828205,-0.3009380690949183,3.555617129553276,-0.5862766765322488,-0.7034315879526488,1.9365863268465344,1.1462664952431498,1.6643146214243112,1.8655649006872297,0.3479323581752643,0.6887475614835336,0.5523412999103395,0.6805628429374944,0.335118680827599,-0.1630890064207878,-1.7547167800376948,-1.8872338265233373,0.5898632843930469,1.1477476967463136,0.084308197697567,-0.1939190465755728,-0.8666048225887459,0.2325977922763117,-1.0363053282337424,1181.97,0,Genuine
169160,-0.9377798338699104,0.1733414237135543,0.8741769172383231,-0.9964159831663136,-1.5668084244584022,1.5206862456326455,0.2470851870996275,0.1890516260443727,-1.0140233803039944,2.113683868623553,-0.2592531925982925,-1.261950692227527,0.0649994058302557,-0.1947586789831651,-0.4093283036056944,0.2443263015934041,0.5438032232649247,-0.3284675822833256,-0.9248401456569616,-0.5145077867533621,0.5634356201198526,0.723341810393906,0.5354372614542157,-0.8552500606899279,1.2092651895078423,-1.4291442705092208,-0.1626165502108638,-1.039955524536903,3640.36,0,Genuine
78752,-0.7003488074579535,0.8791763014344264,0.3737684280934946,0.5891778342013787,-1.188148381045811,2.179542639975776,-1.6322227407245196,0.7590255206309258,-0.5281054814225066,-0.0587669209521438,1.0257994199483065,-3.100518315375369,-0.8680056355106488,-0.0238957876095656,-0.0845425744499872,-1.4303236657305471,1.19158839631512,0.113086019002245,-0.2521551211578233,0.456681610829922,-0.1128401470776627,-0.30365577722978,-0.4095841839742814,1.1097723813589475,-0.1549284066932102,-1.0924038867033623,-0.2984618923864057,-1.307654230352464,1345.47,0,Genuine
55284,-0.6429982234808785,-0.1521999803576666,1.1019566973974242,-0.7347030366600157,0.0718329077066643,-0.4125175333560192,-0.3455213742512229,-0.608458786498512,0.276475626133178,0.2103571393713612,0.7425226059338665,0.2676630379244288,-0.1952281447038922,0.6722887632172591,-2.240399353430361,-0.4905094702290714,-0.7146571163198135,1.0488799065863754,1.4540400449027695,-0.9131080900957848,-1.2850900470791924,0.7625893265110977,-1.748880236995053,-0.739258724484041,1.965317374397157,-1.4936373725988472,0.3078498024820103,-1.41931087042724,3603.09,0,Genuine
57043,-1.3264206868589932,-0.3159587264456504,-1.538755524275253,-0.5561519282933344,0.1239038800300151,-0.1541690383680861,-0.7748634862379843,0.5169958096408876,0.9140248992114072,0.377955642862775,0.5304602689426596,-0.643246589693029,0.6625218691680325,-1.4384201693187728,-0.1247212475347352,-0.0502843254821833,0.4047260149337088,-0.3578687807532605,1.1323213597806034,-0.0456724670014613,0.1791306017842756,-0.7309393620703014,-1.00231126780498,0.3320497090983693,1.2694451005266152,-0.1777166225924126,-1.4317747771326863,-0.8560726594767342,392.74,0,Genuine
166619,0.7527021485726273,1.1031307060697408,0.5071344895452684,-0.4119058399275515,-0.234624297378854,-0.9477185024063992,0.7215854776857895,-0.8670432275213472,0.8863535077888532,-0.3674878285607639,-1.5571247607670295,0.1610606064129014,1.0347485258948153,-0.8307242630538235,-0.2425851840017663,0.0545611917261576,0.1216834271332047,-0.226630475876319,-0.9922018895186924,-0.4331331093653666,0.933640850867665,-1.3454179044471837,0.7584561427028497,-0.4536910106113003,-1.4758388959129554,-0.1912511542571586,-1.012830429470577,-0.1473395226125056,1037.76,0,Genuine
97007,-0.5470952973871014,0.6619955670633052,-0.2346593375465627,-0.4745989686037783,-2.003373748891115,-1.1442150961608275,0.3768847032989328,-0.6738243809748471,-1.171507645228926,0.4243702588419519,-0.3881739735440746,-1.2356378234873526,-0.0952473887874703,0.7492267352469322,1.1629638077910605,0.6632287819725003,0.1244666505963687,-0.0197368036883624,-0.4173413705024012,-1.994102142107236,0.0630987858141248,-0.0130553294871894,1.562097624891824,1.141184889663729,0.6385350745137587,-0.5268640298242208,0.3550846458963376,1.1010648035691328,2044.1,0,Genuine
82844,0.1635733355886547,0.5389779757010986,0.1437880099255293,-0.4696046564818507,0.8484893276377898,-1.1325513412662949,-1.041813368004598,1.1115873132202774,0.6891293188030049,-0.9351962071366474,-0.0457150066798569,1.9089597412654116,0.6014419719234703,-0.0021526161912184,0.8701072171118006,0.2060201401443471,-0.0190159524501902,-0.3139708948156759,-0.9242382175640604,0.6238353875353504,1.2284774036630444,0.6750091942086068,-0.8779462769807804,-0.058531097313078,1.2678180985139045,-1.4200786871775395,-1.0235141387514688,-1.5763515620649449,2577.07,0,Genuine
27532,-0.4348257619102449,0.1125157115881142,-0.2231596341808908,1.2172750898905649,-0.4430533997579966,-0.8114661317872924,-0.8334854242471311,0.6137462931064309,1.1438574374137096,-1.875475762797645,0.5315960272352283,-0.3865112025796552,-0.2632170143995981,-0.2566178173150296,0.0242183670191168,-1.0332280161958711,0.8419148677703863,-0.3137126644528035,0.1795231738671323,0.8077357725400267,-0.6607560864148428,1.014925604987609,-1.0291120265765934,0.6511399030536866,-0.4077354784230863,1.1053366130279796,-2.04174076936884,0.9153914721305276,1765.4,1,Fraud
165421,-0.6908804122862098,0.9831522109198588,0.5436079274801299,0.0454111731176399,1.2204495221749012,0.2747379789855712,-0.3600572225743383,-1.886837508107724,-0.2542351285553401,0.7141345994216136,2.40073710872446,-0.7079455707935753,0.4916273642232329,-1.1209405616633774,-1.630438153566735,0.5921142580216151,0.7325646178676396,1.7086088162723048,0.9972728231145672,1.1487314149837038,1.08274367302202,0.1506907752630499,-0.4323827778782138,-1.0838389982480487,0.4114563971383432,-0.6226055019345295,1.602373769022593,-1.608449832449973,2868.01,0,Genuine
122402,1.6722792360868497,-0.6563093912302665,-0.1628731209915797,0.2250553892096091,-0.6448176215288473,-0.7691995394213514,-0.2393583100627496,-0.374224625042534,1.1977500275755386,-0.3497733047165035,0.8592439163520906,1.8904921616769788,0.2062729921956086,-0.2496108123302298,-0.4402323527166804,-0.461267077018696,-0.0025199346630348,0.1257330307881017,2.031793417292408,0.0090123620879996,-0.3837707826704076,0.0735337210489615,1.784406193121146,-0.6312038668907147,-1.4779043825855356,2.5666110905884327,0.3421618599677889,0.0964451508385272,1627.52,0,Genuine
118012,0.922932182209408,-0.7926942821860782,-1.0519149250556892,-0.4571599635514496,0.9824943391405768,0.2441625545868681,-0.0421889161695777,0.4896967745931596,0.8758002601002077,-0.9766918380388624,-0.810013360771362,0.8403431504004094,0.3008260070455914,0.6809469415669698,1.1640240884688566,-0.6475314766427075,-0.4593982193296437,-0.2968098042839182,-1.4274521988456084,0.4846031286352233,1.2301655972419672,1.0143204660440368,0.1477020137330917,0.6070414587238787,-0.9960151814195946,0.8651739843604659,1.0160939569119587,-1.517067809398599,3392.52,0,Genuine
136785,-1.8682003999551449,0.7461009868693241,0.0864254187861911,0.8569393037181088,1.296083449079435,0.2648451511949523,0.0488732151944165,0.1388656171883383,-1.264590942512968,-0.8502263026692443,-0.4802435198491173,1.3895106441199128,-0.3109642577901331,-0.5634731191456657,-0.198449352294723,-1.102713014157342,-0.5743675329458618,1.3843010054536171,0.858347345349647,-1.6140386799310915,-1.2711908548884494,-0.3339364420521347,-0.7622621815708885,1.2909526020027116,-0.2516347708420708,-2.062214169584199,-0.7253350567140804,-1.26459637594435,2556.52,0,Genuine
56178,-1.974137448335887,-1.6250359692469083,-0.2141745371355004,0.3550562782389196,-0.4669422757538202,-0.4701243938743788,1.2348505377345378,0.6182042451839522,2.19173618640787,1.5151218207653985,1.3898637023506577,-0.1721767610792603,0.4036583099795738,1.3640633468584331,-1.0667587025870346,-0.3513283608702847,0.0354281479175285,1.0853934973984514,-0.0076856275789859,0.2401261237493465,0.2307354637730504,-0.5621244695993098,-0.3611320002966569,0.5260724990076316,-1.3544625819722698,1.234434973531793,-1.382531959127136,0.3162958835290532,3525.84,0,Genuine
49407,1.0426088356364869,0.0921795096364871,-0.0833936211288835,-0.3089286443497382,0.880450194105647,-0.0626371045693051,-0.3962110120214403,0.1159816597822965,-0.7156475641499574,0.4641127909220957,-0.5242202141178675,0.0469098081648565,-0.8265465998842367,1.0768849308026256,1.151823899068103,-0.5572100384819053,0.2218225852678171,0.62427017765572,-0.3671369740312865,-0.3179494507965076,0.228619886223825,1.6182388132936407,-0.5281854627006444,2.3829848170961223,0.055193989727654,-0.7024494970606804,0.2877424148966456,0.3048452640879398,2155.46,0,Genuine
50990,-0.5198533915487539,-0.316558352262512,-3.1878114760401437,-1.5842838926266432,-1.3285446781163972,-0.5279123926863128,-0.5435668402465832,-0.1325976734793329,0.9574199478255232,-1.5223071824636851,1.018704497521347,-0.5967262954992781,0.1946186478700073,-0.3500529045187713,-1.62351405189903,1.1607413360089427,-0.0914607043570887,-0.6097011903216909,-0.9352918149195034,-0.0769547692902125,0.4771159052230351,-0.2777613898201914,0.7041332921299043,0.7914799385913927,0.6503815255535168,-0.9269280945708208,-1.1016870030055173,0.7489718125905896,4382.62,1,Fraud
129473,-1.6490823339342229,-1.405754730652956,0.6826360835687055,0.2162964584018706,0.2636894870694937,-0.3107397732764522,-1.3387740208898824,-0.1631621358372416,0.921222000398584,-1.1869864125878562,0.1172220902356754,-0.7134724189613434,-0.6344673705451552,-0.5943487327899609,-0.1129367510449384,-0.267510256766537,-1.291796224330867,2.732362132825292,1.7798609370992826,-1.117340000342522,-0.3514199021007633,0.9166139881551756,1.953481735709148,0.0160201473964428,-0.9159134075837932,-0.2720594716226833,1.0192679214428155,-0.9315820250037746,1911.28,1,Fraud
58141,1.045735132540341,-0.9312675797162644,-0.3146636173467809,0.5756795225354583,1.2222277083548394,-0.8088629744642147,-0.223859232617525,1.091179313594536,-1.2240119016099749,-0.2918796058170195,-0.1663889394664263,0.3982385790589984,-0.993663081550909,-2.764478335574237,0.5580837617460735,0.5321615652448167,-0.3046587045776281,-1.565765850121184,-1.6288642281529735,1.1226639529693347,0.4316765262018897,1.3596303755563774,0.1308318529198981,-0.3209980679033858,-1.3405198442451434,1.1337981298592534,0.2385255044407274,0.9966750037717248,1541.36,1,Fraud
154865,0.1691240500990903,-0.1089760922953492,-1.3481535740182655,-0.9788478383233464,0.5184928459641237,0.0841046897828164,0.256196246193049,0.6949395864306234,0.1789794845060416,0.4764093583420319,-0.509065389957918,-0.3684523551723814,-0.7055627989548114,-1.0768610419413662,0.1260539214271048,-1.8027383537207196,-0.5270810454007706,-1.7811975782244656,-0.4897551529484244,-1.650974968959448,-0.198287493718794,0.2100060119540505,1.0937550620870322,1.8170683970092325,-1.5788673887617095,0.5233826668446504,0.1951042606843857,1.5633201982629912,2785.87,0,Genuine
56570,0.2515710848323196,1.0339632564990229,0.922563516848142,-0.2953946186991623,2.4062239228532394,-0.6005458654598331,-1.724096361593179,0.4047438037454619,0.9089163105392096,-0.7945713783728494,-3.0464245209324705,2.22081912036954,-0.208025222969081,-1.13833633655989,-1.2415192126682126,0.7444319414317481,0.0150794949927974,0.3829022841248514,0.3672969066154154,0.2720116500679925,-0.5265827001745353,0.263851978366418,-1.3460682621311104,0.8074477120311598,1.2124115682694754,0.1824733329800246,0.206033523579987,0.2331467474457411,2546.35,0,Genuine
168964,0.8095392720059075,-0.6529579912578111,0.6363657277529304,0.5371605014609561,0.5743579922911557,-1.1660658759377955,-0.3424285933945724,0.0888330989007775,-1.2346133079847,-0.1729466748453281,0.5397511242008026,0.8425253578301907,-0.5284719699897366,-1.4309664309346954,-0.9291924493536244,0.6413834996027722,2.536158100872655,-0.3569129943265954,0.4532883922739216,-0.9175081957610112,1.4140927367391938,1.7978039634584155,2.341005576908028,-0.5154274810596461,-1.7420628278087098,-0.8218846270711883,2.033759411621164,-1.7867438145725627,2590.97,1,Fraud
1015,-1.3099771582823936,1.2133813999049934,-0.3273201962748562,-1.5709280571217674,-0.365271252607501,0.5934288888485373,1.1602941299200435,-0.5488186913802184,0.0996161598463116,0.1145511882301766,-1.0521297630100692,1.8832615668667427,0.396286310742314,-0.0359764776766088,-0.6979765412447562,-1.4557278916720815,0.4301538094953108,-2.4770807958096976,1.246797819036233,2.1185995300777463,0.0780325405695894,-1.3079722721189353,-1.3390793465549924,-0.6588871133845271,0.2957951162426689,0.9431215488494136,0.654896492882265,-1.9290883366804064,3980.85,0,Genuine
61813,-1.6315008213841646,0.0631792275565163,-1.1521693795200187,-0.6488521834098897,2.840886393001498,0.6272912012854633,0.6483060427012107,-0.3067536641615389,0.992673054368966,0.1352684091026754,-1.4183675997648455,-2.228680184425353,0.0796919599855197,0.312080560326113,0.7844695175240562,-0.8718425324382421,1.2622413570734066,-0.1407850843511841,-0.8806805686999404,0.6953658219936422,-1.5138313627581466,-1.3249315938587778,1.2118468341743565,-0.6637387810974498,1.3058841354865058,-0.984060311073058,-0.2025775790266718,0.1530122657442942,2943.4,0,Genuine
27712,1.580954294903202,1.310384702169971,0.1780307346793723,0.3769089416264014,1.6337010173475504,1.1116985356441071,0.3734331727607925,1.0646711244368772,1.0572405997871053,-2.3951362189992564,0.2477747018858506,1.8954210067871968,1.0145604493579286,1.814655342273463,0.1705251473961467,-0.6629942104848412,-0.6840835621600668,0.0788769552608722,0.6243868941981445,-0.0284981448087254,-0.67303004867265,0.8155387331192788,0.338621415462115,0.5112516516180221,-0.977971142284871,1.042888115230062,0.1367047422216603,-0.5722226062531549,4426.44,0,Genuine
100497,-1.4371667607422924,-0.6044916087800484,0.1231060845876091,1.10501843885161,-1.6029075617983968,-1.0243973746041786,0.6212122989745048,0.9705024945362164,-0.3970730242846381,0.2216413718030646,1.0295428779577755,-2.3849463810234943,-0.0844623539595969,0.0664906614006942,-0.3875435145156707,-0.2026951068189249,0.0218872913113733,-0.168252261778936,-0.0629345190657497,-1.0279194516503511,1.4514872938302394,-0.4087555761825756,-1.2581045768867667,-1.5181488382998285,-0.8439620375665043,0.3331444710128143,-0.869902101203761,-0.9956408609116358,3095.87,1,Fraud
139487,-1.222237797075564,-0.0488095881053686,0.9243342829917818,2.185779812271168,-0.7841636049283146,-0.4809273067109868,-0.5737042698896249,-0.6485724296954335,1.54436921590882,-1.732859642940349,-1.696808088092726,-1.260911135676816,0.1806870585323787,-2.0335537878449914,0.4089106558527964,-0.7049090511424236,1.228675815436968,0.3022229904907873,0.0402171086755563,0.8900292775046718,-0.9086071545560518,0.8614951943068068,0.8344522036685518,-0.510941575670587,0.1756761836800064,-0.5957018570379464,-0.5241917137462802,-0.1671287212470908,109.48,1,Fraud
112816,-1.022435379545766,0.3684836033369956,-0.4437355148604902,1.9586547683670903,-1.0381581070413235,0.2304954050897229,-0.706919785905962,0.0999198477249008,1.3055220583513327,-0.2863984815009562,1.003395507647029,-1.7526470161326215,1.865921240612676,-0.7477440313366499,-0.7501868260821758,-0.2449615848268179,-1.5804423303659738,-0.4697798500837905,-0.4595772318327285,-3.2646358285275032,0.5408448727687583,-0.0564274279380889,-0.0290806812413086,0.297527013875712,0.2406707802353097,2.1255174586334635,1.251426604565011,-0.3580331454656975,4352.1,1,Fraud
128778,2.0799459236905222,-0.1795104627415118,1.194922134864996,0.1437694823160094,0.6456296045090557,-0.5020398768122603,1.2719087807381573,0.498467322614065,0.2412279639424004,-0.5014150469084983,-0.903205923128366,0.2430491403468512,-0.4388354985876339,0.6105642755423011,0.7383787755162603,0.6535635237086624,-0.2334148229239786,-0.1386331503499721,0.1618664253220466,0.3841701082242972,-0.6945420190143883,0.8327720498465329,-0.9117230361397324,0.0276120259920672,-0.4984171404706755,0.9120552427435206,0.0425002654704096,-0.1603135085065446,4199.08,0,Genuine
62292,0.4933833004115225,0.953024147145236,-0.5402530033357673,-0.4842268814819523,0.5711580368167886,0.5709119838078217,0.8286393794248759,0.4331844114066636,-0.6589514432671091,-1.078732899200186,0.6489310560329222,-0.0181970475316094,-0.285152270353436,-0.0814127469116712,0.4505579073788919,-0.5581675974205933,0.6206546115873934,1.3081303910262891,-0.1423863283493654,0.5103795468822726,-1.4382046637251211,-0.8814610426167123,0.0107338898803077,-0.4549934116476168,-0.297047626594427,0.5586346635675079,0.7627328077746415,-0.8804098509821845,245.2,0,Genuine
23833,0.9654079744353802,-2.207563725290266,-1.345831784542422,0.923122267770886,0.5634519323954991,0.4979328874839359,-0.746273021631104,0.4254826830634316,-1.1658518220320355,0.8431672040012158,0.5789492039018337,0.7949191942627345,1.2034884254283431,0.8568280095944134,-0.2244991398763391,0.2972470109305783,-0.0725821171660822,0.9588345334571428,-0.3562549762067254,0.4517369298901902,0.4804548866118028,0.6131220476064316,-1.649856808950862,0.6948247065737201,0.0908529553182627,0.1033375554669965,-0.8895265087096924,1.979507534109116,627.3,0,Genuine
135230,0.1961675455787285,2.42240553878994,-1.1322827554772812,-0.5435929237236573,-1.6299094594989507,0.4792953561910662,-1.8787239596779863,-1.112074818376736,0.377545661449114,-1.1239758598967553,-0.2066434484485968,-0.0884642816341848,-0.956826881984917,-0.5137489735645697,-0.1622665390871936,0.1755384629179331,-0.5678931744748102,-0.2086212387241481,-0.5252029346605782,0.837846755516738,-0.3285859078659594,-0.5009653584168121,-0.4823579945593603,0.6897076201563297,-0.4040666025648131,-1.143746885396926,0.8464779409706473,-1.0873497233655902,2782.22,0,Genuine
20309,-0.6018872112012336,0.8577746069951621,-0.0624115391356155,-0.7620952849456515,-0.6380915466050493,1.4596672333042642,-0.7255155484803173,-1.1714840885478104,1.4645125710568294,-0.5229368893874647,0.0298729345614974,1.2251002924679368,1.3153742427340387,1.1520373194649425,-0.3418234284960387,-2.957525269102138,-0.5117222158330763,0.5482282802858869,0.3724955488311897,-0.5649724643709145,1.5885284346967528,0.7202307270752684,-0.9644332675656884,-0.2164648017531156,-0.3704156050833434,0.0378181085178397,-0.1977744323863012,-0.269220139386513,215.22,0,Genuine
6970,0.6312912832601678,-0.1735318290350163,-0.0655145090587322,-0.3052660523651004,-0.1492852547236442,0.6440770744584495,0.5435342274659133,1.170194743361313,-0.1471526657771903,0.8787341730031907,-0.3962003234777282,-0.9326932535308706,-0.2368974907048038,0.2460300742177463,0.995942022743847,-0.8078266696435684,0.3153964405095085,0.8736253573992604,-1.330890698553396,0.5493138406173347,1.1255438886112283,2.3645964868054685,-0.1823897644472767,-0.5314268825743934,1.9423972628329085,1.6042257872414143,0.2273186980656811,-2.041730470568916,2056.43,0,Genuine
72474,-1.5566159707968037,-0.5523216735773444,0.3278611407507759,-0.4306733001771068,-1.821920549320722,0.1538911114814263,-0.6582601427232297,1.5090251988918544,-0.8590818437412217,-0.5515004059896605,0.2635372569274943,1.2481628112683925,-0.8333017525421654,0.271477583931577,0.2160918461159554,0.9856638787479964,-1.5704881309107588,-0.9375563190569648,-0.1923481864658878,-0.6699925502756549,1.2652579188211814,-0.8044927260440379,-1.73078079582194,0.86457690398575,1.0134298802030302,-1.3775552071715709,0.0604793863750124,-1.1564530047910968,4876.83,0,Genuine
46540,-1.095283452096495,-0.8664206114485544,-0.0903740311184412,0.4126306230658756,-0.8718277665578907,-0.1935354865965368,0.3300678108005155,-1.4815211390434568,0.8249238851759952,-0.7585099906854254,0.2547060930152813,-0.0307406733607793,0.9052163290676052,0.1499548875696409,-0.2164868487169736,-0.8947340967526255,0.1246275748534001,0.3304196303335733,-0.7677174533650679,-0.8303828826688431,1.0660867302147743,-0.3540879345849542,-1.7909755381424424,-0.158721642940157,1.0919739494721497,0.5672825989579846,0.1821290306403081,-1.3014318049364135,864.71,0,Genuine
151456,0.7329751792614811,0.645615474169737,0.9773185160643294,-0.6024016221343611,1.3564337101657322,-0.1238641081768162,1.4197705538988987,-0.0277601366446633,0.1745124961839253,-0.2681554440526296,-0.9238852039807016,2.355860200648084,-0.2511263054393235,-0.7651561203111347,-0.9703109030625618,-1.0708320038272598,0.7258536517940778,0.1563196348595511,-0.1229097335184345,-1.0323462638713632,0.6895122999192715,-0.1277425141250428,-0.8490938010931635,0.0140482658825735,-0.3410515811133371,1.394306607530884,-0.1092581715253685,-0.5380714820872174,1031.27,0,Genuine
18017,-1.35725523082678,0.9949816687923538,-0.2610940984625762,0.0851220572978148,-1.5540759979695884,-1.0642101538400734,-0.0930270777930745,0.8140507973333223,0.5159049871985987,0.5405025205710983,-1.3578319231401603,0.8719070099617129,1.8242875053367735,-0.0571905548408238,0.5894915447180944,1.0358932969708927,-0.362131556954333,0.6576313589972218,-0.1102037504130414,-0.2519796678643627,-1.3658042397675108,0.3227510537272607,-0.0383080597357538,0.7828467008888159,-1.7187626206504414,1.4443275460499578,1.2842407583721849,-0.2488943230101105,3382.07,0,Genuine
75880,-0.1890814691618733,-0.1625261281298995,-1.996276264871416,1.5949534514053203,1.4552604937184808,-1.7657101869500214,0.2339601529848788,-2.203778503759745,-0.5252786709698904,1.4463076047942056,1.0083541831904823,-0.3036616695215759,0.081157652073183,0.2937609175533706,0.542755187450238,0.1534440502771525,-1.5599782029136051,-0.9439779718971611,0.8668527291319673,1.1112240144011083,-0.2339543741939106,-2.2913503662860544,-0.9732537345881987,-1.1000491768501457,2.476088405305538,-0.9000876725195328,-1.5051130010494964,-0.4218369859358573,220.85,0,Genuine
105570,-0.1435123443554117,1.1069904129785026,-0.1210966884657939,0.1221407140740477,1.0911490925355023,0.4637561277310638,0.684903856499566,-1.0733378580790447,-0.3698512114372658,-0.9361215979378243,0.2040106806544984,-0.0340729584692779,0.0738860092622841,-1.400654608642907,-0.5256424179002047,1.4572602358497362,-0.5120373528416755,-0.0341897844305443,0.6590151193944407,1.7150761274537012,0.6708741110683151,0.0332391184212287,0.461546048756199,-0.5182515129719848,-0.6167831242209416,-0.5449038783103648,0.5334660871834928,-0.547034255243462,4103.61,1,Fraud
8702,-0.528662003337162,-0.9072600467611224,-2.0067786877664813,1.5167422881217778,-0.290737219804481,1.2236329375630657,-1.082084258327536,-0.0921970221271303,-0.5299956636731306,-0.8550819654660907,0.8698362829825862,-1.0091158844156272,-0.5861025217233722,0.0795942527635204,-0.4201569419226048,-0.4647996575195094,-0.1237658751720967,-0.7543169572520008,0.2917958352904468,-0.2704198770574267,-0.2904054396348646,-0.2184829691174154,0.7020883694508551,-0.2609189840853147,0.3092746430832858,0.1009227637371873,-0.668394054632059,0.2142531760178084,995.96,1,Fraud
131456,-1.951118474848857,-1.083810849986836,0.2713909809976977,1.202056601065949,-0.6488729993676847,-0.3301149233027367,-0.7730492250120511,-0.5972386560582158,0.4991691228178349,-0.2763354049265346,-0.6704037796439655,0.359360163021769,-0.1467642969987912,1.2148779184985348,-0.1170142553485732,1.202134187082446,-1.076531697765114,0.3320403926490148,0.1727311444187153,-0.6449679117649062,-0.0299983149523465,-0.2114421876414118,-0.8441366905559411,1.907148100062574,0.7837137456926868,0.4538468939521329,-0.9562485391518696,0.29096637121547,2658.24,0,Genuine
404,-0.6289288911886926,1.8133412052455489,1.0571929989849158,0.5920402367006328,0.8318276221453004,1.587094159032597,0.7261611599035471,0.2091435011455486,-0.3393956804311121,0.2301406512671752,-0.8244384377947748,-0.3041961803811955,-0.2726438078900072,0.4338181333701228,-1.1536256608904276,-0.8888433886571143,0.0306323072237204,-0.8252102280640311,-0.1908624189145932,1.3294317050943831,0.7246117100951326,0.2945344728735203,1.3904694767244898,-1.252606399211992,-0.5804655309814208,1.2817262865203247,2.138230666116834,-2.3816834320057314,1244.57,0,Genuine
172015,-0.8249683769324855,0.5911086135385428,-0.9862244862825192,-0.3541527899385204,-0.7877401608956308,-0.1765124330814703,0.0369675205491081,1.4704820276836883,0.5924243629711573,-0.7702466639973587,-1.0118369278698578,0.7241682883590267,1.3313823614274247,1.3672901497693004,0.0737068189044584,-2.568453493495148,0.1720472206066073,-0.545305379660858,-0.2093467406437861,0.4334274626469134,1.0560570233848476,0.3540723452402705,-0.302900439674305,0.0397801155106062,0.9014748111631772,-0.201137416642855,-0.9509658330724992,1.0576376345819836,3294.75,0,Genuine
160261,0.1614398632876987,1.396848201813328,1.4185566863918506,1.0405079773491042,-0.7379979499461239,-1.953771981113009,0.1217586103094294,-0.8527976275132332,-0.6213716209419707,0.6885633678861546,-0.1807575779702265,-1.337999157580427,0.2896025660464882,0.4077273233058383,-1.6454378382617976,0.673272982157471,1.2025865508493376,0.1226383198853283,-1.7478641522190184,0.0290601161359266,-0.9225926312594952,0.3385829105054043,1.831533055063143,-0.8865823876407151,0.0090112220691049,0.9456379879030804,-1.8172581598413375,0.2612371926602128,2936.49,0,Genuine
12763,0.1104905386994686,-0.8539397083876927,0.8428312447284311,-0.2499749186380738,-0.0238684040047285,0.9182492537296028,0.0332858278573493,0.0502728913153746,0.4975015686347229,-0.9172777514525626,0.2324462875879104,-0.3296727956390392,0.70555074738604,-0.8976308975673679,-1.279469437429289,0.5732323731272099,-0.1649235789142508,-0.9402462495206314,0.7337492991750596,-1.1057819037845364,0.6700410091298804,-1.0770447692808451,-0.2596240440106845,2.309216875452509,-0.2635262557593003,-2.5639857696129336,0.9558697945699076,-1.959230904236291,4732.25,1,Fraud
149456,0.3779614599368741,-0.92352539176873,1.2064801554150546,-0.002009655026961,-2.130233595786918,-0.4792882372381452,0.9782939689619576,-0.3447961229941829,0.7037811703160944,-1.9008545894959628,-0.543824867207432,-1.1595211460146644,0.0984969946621697,0.790759760837597,-0.509594405116166,0.6728816213050826,0.1117237303229676,-1.615790557240416,0.2665261400100278,1.4317016657169177,0.564961222435811,-0.2503928375784545,-1.1216362588034132,0.2668169940844593,-0.5808939273211603,-0.2659894040756066,-0.4933247597376577,0.8986503957581576,2228.56,0,Genuine
98142,-0.6759862729743975,-0.3586093194575422,0.189563856434631,0.330198674165594,-1.4499755984017062,1.0087786775200138,0.4357126404496749,0.1363653080731391,0.3315429496088117,0.5317752811656771,1.5648245823317362,-1.0973414238238188,-0.4109520680145248,-1.1410261183027133,-0.628295087618026,-0.2065379242603386,-0.5509514790470553,1.0391771247265735,1.2003741922691136,0.093684828673528,-0.9888685733362548,-0.2923709907667615,1.228091360391947,-0.953127717060381,-0.9965927182551396,0.9446892233175468,1.27460452159236,1.019705171087082,4374.52,1,Fraud
140932,0.5227779504658918,-0.8240588415390118,-0.9927651757518204,-0.0053674723934816,-0.315661249001483,-1.27752748393164,0.4488200910708117,0.0058001191160939,0.9170434467595056,0.6475894731462453,-0.6421477928806911,0.6060501672657236,0.3709909237959325,-0.2084371897281555,0.4513909263560587,1.466950873521857,-0.4771739686463526,-0.6434043724045657,-0.5545629098125909,0.0001597970410364,-0.4064832669144875,0.527293387379536,-1.0414026756558905,-1.6459783834195016,-1.8628173674555868,0.8334973360845908,-2.2513532448625098,-1.9885443796666664,2879.53,0,Genuine
80642,-1.556006732773683,0.7053652102284509,0.7808154278141377,-0.7202677184105369,0.4756960322125993,0.41204416214765,1.2221981575557723,2.6371981991325426,-0.4814564921291897,1.0446506356327596,0.2487961354791844,1.124506338167284,1.590746783726565,-0.2759963573172251,0.2829973810224599,0.8655086271855903,0.704188744011972,-1.3997733946131443,1.260369701008666,0.5416752541505211,0.149685159876746,-0.9660887680412312,1.1377042674914015,0.6120092355764548,2.813773217610624,-0.9582584420229366,1.853708866968216,-0.3122697261051138,4572.4,0,Genuine
50612,-1.821904732652354,-0.7511260569264455,-0.6246009067683401,-1.527098914982869,-0.8015739380786786,-0.8004610835443124,1.6065738580746889,1.4895774588475794,0.6926421329183462,-1.9918997971571244,-0.8830430889968823,-2.332545341252876,-1.048392936238106,-0.6782783958059331,1.3766240939757457,0.8249189813359926,-0.2344961592793808,-1.1086186071780149,-0.1918216609080806,0.021898253478079,1.389948294035706,0.1933687866356872,0.1206255842718609,0.193119974588559,1.4573400738326518,1.0265028311531443,0.9434340018463422,0.2637623455267595,1459.82,0,Genuine
23574,-2.335572724166628,-1.1716698580672904,0.1178845061033551,0.9591329303254787,-0.1976104780216825,0.2014048665623556,2.243591723768047,-1.5809355206372318,0.2333453128409802,-0.6656150515228548,-0.6731199974909797,1.8618745314284075,0.4194812299378129,2.378967221854361,0.0928478187862018,0.1216540782802152,0.8266022741914947,-0.0997529083222872,-0.5731602200293155,1.4746366451137134,-0.4147522107357576,1.6088579889629906,-0.5558863383335194,0.6357275351312516,0.1029400117727452,-1.420201421440335,-0.2080117519489149,1.0697854244633882,2749.26,0,Genuine
23524,-0.4992972395719973,0.1420154122552323,-0.1713509928036186,0.5703421268063606,-1.613459408137632,0.7666066945753561,-0.5790136948152732,-0.9001347629725085,-0.8097338467569432,-0.2510581681987417,-0.0863375903479141,1.4040871437153035,1.4965814010654568,-0.0726453080450926,0.2061299682310739,-1.3469985249058087,-0.0467886327302308,1.5770815914148872,1.5454446223581857,1.0118009824013872,0.4176549558473743,-2.6608630795732187,-0.7684283936394454,-1.0065784329532366,1.5600174724114662,1.1964450867728489,-1.732633563462907,0.4913998759004804,1950.76,0,Genuine
10916,-0.7532982243385575,-1.2899861758252134,1.124695856796896,-1.720610992496342,0.9324838522703204,0.5344010012938855,2.469407414008624,-0.777857258208614,-1.907032021361084,1.756958173417884,-0.8326360607366181,-1.346675722736674,-0.8147727765905983,1.8100617105393328,-1.1630542682534415,0.0676471983868423,-1.1438331387789198,-0.1397029468409286,0.3638928804138249,-0.5613305507989192,1.1687664648766236,-0.1699095834313276,-0.0862453181387959,1.868282250017639,1.4292051855878845,-0.2043334639547696,-1.331522593605685,-0.5631049971112926,330.42,0,Genuine
4809,0.7893156118546,-1.7994639314753893,0.7303270059233291,-0.7467873495368568,0.2200823295609816,0.0693678330300926,-1.0967729434551832,-1.2342754841278012,-1.6931601284733075,-0.1592013949790588,0.0894154480595238,0.8268435274928452,0.922011325247332,0.3435904805129956,-1.1609767256481471,0.3594564579824288,-0.6929017956153875,0.5828701380845758,1.6710070923610578,0.086900932239825,1.854680776555796,-1.9848322264798248,0.6798484135769907,0.0818986663385866,0.5965404968912948,-0.4513326949073667,-0.6913138442552708,-1.0825314039302016,2871.75,0,Genuine
163273,-0.6486625870488699,0.1332572338612777,-0.0805657983123708,0.1790654292733845,0.3085459026392169,-1.378459106212223,1.935247403043126,-1.3683629807891349,-2.2083615029086,-1.3465166880254602,0.4402509136224019,-0.4601859918245755,0.923170834577182,-0.8209218107267322,0.0644266737322206,2.0328039389695545,2.4183899332308028,-0.3841989656074048,0.1704884025603392,-0.5854196608371978,0.2268278422118345,0.0002738278678406,-0.0400899248722612,0.4244014544445767,-0.3449975796340617,-0.2980641993395077,0.7136127394440189,-1.4785906728625335,3971.35,0,Genuine
144528,0.2733763479442672,-1.74922004301021,-1.9516071935401529,0.4425723535605679,0.488250617984895,0.7303441805517656,-0.6339598586913759,-0.1783664246947821,0.4261292775684041,0.2967404647547921,1.0933744290301948,-0.0981005669303988,-1.2942806619641185,-0.4095877639036041,0.0817119262602193,0.2660440245612677,-0.1004616168494251,0.1858549716992952,0.8074227038205941,1.8893641169426176,-2.119665623140365,0.8354635924176458,1.4795085246426098,0.6239231934385558,1.0741428568656697,0.3790400061436775,-0.86197212381338,-0.928233629270396,2781.46,0,Genuine
121288,0.8132965765830771,0.7752793962954228,-0.6352274665292011,-1.5184536589670916,0.0781275034947856,1.0314304379956,-0.0689397962047531,-0.7396875640116412,-0.324769021741821,1.3094562257961135,-1.0799029428917373,0.6020545576345785,1.1104364690696815,-0.0384813278133509,0.2895903662894727,-1.0460842201915694,-1.6153292782567137,-0.2066933535941185,1.0287046557386972,-0.7228787287491826,0.92341526328085,-0.5109135406710672,-1.175770705525406,0.1026783982238383,0.908612215166999,2.0803732956101584,-2.050170156532852,0.5377655244947548,1397.43,0,Genuine
38765,-0.6863190756491158,-1.3953337262527958,0.704222289484417,-0.0892386665424216,-0.4837727585739991,-1.0429970241565425,0.0185759451629735,-0.8907936664659647,0.0872123390505248,1.0966389429608352,0.1678423055823122,0.4799958521390216,-0.5941180005624731,-0.3418083255745968,1.2696339473672964,0.4672885781716757,-1.1383089195018246,0.5700883242207494,-0.2813706510933204,-0.1190282718303056,0.211070502531503,0.926060067526564,-0.0966132738803897,1.3055539783687231,0.7911671742556987,1.2181012561519982,0.2278789773026214,0.9209752109218452,1319.88,0,Genuine
165888,0.2980522101071755,-2.240673786419748,0.2801102610465844,0.5396545952539643,1.1296545487203085,-0.8960292143059998,-0.8669707498280184,2.0204739770927964,-0.1804015834620179,0.5617981643277984,-0.0619481254916177,-0.5729961912670486,0.3588498899437657,-0.273952221390286,-1.1168074364395155,1.2575220833881984,-0.7128561122439186,-1.132575383088997,0.3460670971271343,0.3639266440881269,-0.8449157486676118,1.3608391004801064,1.1006601340851094,-0.5299338174188216,-0.3372187424089195,-1.147173228691945,0.9962953224380436,-0.3772478335426938,1189.95,0,Genuine
45106,1.0019275489551946,-0.2937966501407942,-1.5032219344128614,-0.3515118018992803,0.156881147760773,1.0735573580329114,0.0867186667559608,-0.6708776207596805,0.5816700728887932,0.2626323671081653,-1.8481812594592524,-0.5772323067667123,1.024141182652062,0.5737439605212308,1.6899119949319958,1.7085647010259652,-0.8932853613629927,0.0752022366600755,0.1542175858895935,0.5057194481062034,0.7110635711235523,0.4017749537697648,-1.2038990629769664,1.0223232241189144,0.3789414274797956,-1.0413068393283558,2.1970657358116985,1.09641558461582,4898.18,0,Genuine
53932,-1.2381627748055672,0.1445945032964844,-1.8065879724688887,0.2558296484343936,-0.1657194286734245,-0.2084415625692662,-0.8153381098376422,-0.4431677278132011,0.6109124004478027,-2.267752309450892,-1.1287870965945777,-0.5182265041071631,1.2000811889373435,0.365370054434002,-1.4900102932649493,-0.1069008070625877,-1.0992071213119587,0.1536975127412284,0.832323081558231,0.6745791363553649,1.865331375499063,-0.5149729503889261,1.040263865735755,1.333141902220519,0.2734076542420691,-1.9058030636877088,-1.0256847698713203,0.4078146172853182,1996.7,1,Fraud
148172,0.0248523382446442,0.4914750636819405,0.1955091501574566,-0.4875518820444768,-0.0086546539205039,-0.8701133374055816,-1.2349434286706995,0.7414564869926152,0.0429008337357741,0.025666455053712,0.4749472858853531,1.1428275784164617,-1.53584951466072,0.6899937227307291,0.3729404885072235,-0.1995881310567993,1.46236588543729,0.3959124511068587,-1.0653555424552863,0.8009665543266891,0.2089892588873801,0.53600427101231,0.019796006551516,1.03663915849819,-0.3807178148260994,0.3088676743683871,-0.920112018288793,2.528094402264988,1585.03,0,Genuine
57091,-0.6820343831993144,0.1720156990158535,-1.057057167715776,0.9091963516995218,-0.0299650664887401,0.2725544135192729,-0.0387236330262338,-0.4465284720744135,0.1034204465940646,0.1781402625317363,-1.3526568139846495,-1.8618161714634955,1.788602503124546,1.5266845775258495,-1.246353895160752,-1.411354288325784,0.664662568209133,-1.3458016044206784,0.6011328267813608,0.6928600560790303,-1.6218117869711033,1.6808907572318674,0.1101184423610601,1.4343458016357111,0.3699732214811693,-0.1695387419671473,-2.9939062576763087,-1.8324881823492527,2092.92,0,Genuine
21949,-1.1744898824931385,-1.0593126211177424,-0.960796460837577,-0.7992857138662712,-0.1757656039253121,-0.6385243879544185,1.589876890242934,-1.1656735104517029,0.143364688378337,-0.1599096742510932,-0.0734204806881047,-0.1619140539050506,1.4179282276890408,-0.471485832780439,0.7241371322766093,-0.6033441299111424,-0.1998216510357756,-0.4759525775088481,0.9204658773642987,-0.4329736946789847,1.4440920977405074,-1.3311401902739377,-0.3395531362906933,-0.7303548609804004,1.252782068305317,0.6273757924946498,-1.5474633248211696,-0.2185653744661439,579.87,0,Genuine
37744,-1.536451740490229,0.7130611809266041,0.672607728782654,-1.14207823909438,0.4461063625079075,0.1610421314059812,-0.2540197390169756,-0.2579397038517306,1.3917829518338736,0.7070998874893646,-2.1224424968252937,1.5725469048610543,1.0519341203666208,1.1138925845280252,-1.483834653877342,0.4328146266743387,-0.587269242770945,0.6010068743010124,-0.6828750393158212,-0.546359118346482,0.022644436594864,1.1081542393054178,-1.2089632419854317,0.4966425935770525,1.5255611187420128,-0.5009939962405573,-1.0662907682354312,0.212202597294624,980.9,0,Genuine
108319,-1.1906485721787006,0.9601385064797462,1.202238780415674,0.0289268640615506,-0.9358602221223686,-0.413206670846348,0.9410209153742156,2.008733422896103,-2.004598548827444,-0.175997802772695,-0.1029523679273095,0.7037035509081409,0.3614779635957398,1.3936019292943915,-2.7324743415480826,-1.5238616050224183,-0.1616946070513856,0.2258289494878009,-0.8814469217807764,0.038229872863409,0.7125486311901522,-1.2889165619233345,-0.0788092261659914,0.4174199782469743,0.4994438410162009,-0.3964906544450564,-0.8933440967437731,1.8476025468827224,2545.0,0,Genuine
92193,0.0600290057520122,-1.2057621284555389,-0.7507020270362984,-1.4335259722884957,-0.8627910357403081,-0.3275108200805445,-0.8456662927158187,-0.4814420902649244,-0.6705208949485484,-0.3685632050028,-2.053508911219397,1.050964055166366,-0.4356978799493193,1.293900793537247,0.1458699539792565,2.0475521663086043,1.7807741903382843,1.733828962329417,-1.6582748556433111,-0.5516986724444608,0.0620122974250341,-1.5175744938679123,-0.5557838042553015,0.0748999946284254,-0.1660340173001336,-1.4520955679995993,-0.5337527220282872,-1.4547572203214676,3994.44,0,Genuine
36187,-1.6108444555617467,-0.1810061386596138,-0.0447603076121735,-2.10511118806279,0.5592636894286356,1.1103973838574517,-1.2834760706345334,-0.91176673582985,0.8652612935234563,1.0389977216522546,-0.6045785427062709,-0.1480586122388219,-1.0831818341537949,-1.7599308104071698,-0.1249802095530777,-0.3566674911519234,-0.86503844534867,-0.5293581310277893,2.078467810685769,-0.6577181394184186,0.4561686268525834,-1.2335199169534126,1.5243057504195965,0.6269269358944517,0.8547130686289318,1.1033498723272492,0.5917819544906741,-0.9660173722143136,4382.26,0,Genuine
138311,-0.5507270240886372,-0.2744400271090196,-0.0742466659843605,1.0837352980540136,-0.1452393407277962,-2.468524680125007,0.4538601569553598,0.4202303308490213,1.1079024982750985,-0.4135887137756832,-0.4377387217824762,-1.1635631797260466,-1.6238403380849185,1.7976865304628686,1.106070440931079,0.120359544113455,-1.5771652892359989,-1.9872108879668884,-0.7316808449487644,-0.4219387245089506,0.6656830519062612,-0.0393863649211739,0.5104226145963418,1.2070198534996364,-0.8720823732464149,-0.6019543223620244,0.5114950609817217,0.0550385352229236,4330.06,0,Genuine
124454,0.8131944068528975,0.2203815827880338,-0.1642041046965167,-0.9842244815608188,0.971393102143096,0.5547507544352444,1.7556123851014458,-0.3059144876599708,0.4272000835183058,0.064654072139123,0.1230255625281553,0.0556875570705643,0.6445360062345289,-0.6363989810554705,0.0778657858257756,0.3421418923911689,0.6673533101496636,-0.4663290765702632,1.4179529487099936,2.102134694264505,0.8069493598821595,1.2629913380626965,0.0344987990672801,-0.7223601944608129,-0.3770999019071485,-0.8356122579941729,-0.5137768899985621,-1.223220363466552,4723.81,0,Genuine
14489,0.4490109634189358,-0.2049237917741088,0.0405984761562986,-1.333651582583813,0.4088790006318636,0.9454507782664936,0.2089544521331537,2.738994127673045,-0.1841270085045376,0.8975312796818823,-0.252551119909847,-0.6889355391675787,1.0514307561624865,-1.8406723038164516,-0.7448544826961729,1.1291449262747857,1.0081338961675632,-2.661980159822732,-0.2079821649662241,1.5438227953845067,0.1466618920186009,-2.011072510263905,1.317739145856588,-1.2071044856692554,1.2751659659216854,0.9665715028419196,0.0152254321397184,-0.2485006522761245,629.73,0,Genuine
61877,-0.530507622938157,-0.0678777720729767,0.7564989278401563,-0.8117587769496082,-0.5526279100762321,-0.6219941411776553,0.8266474465370726,-0.7868969517266005,1.861559707672796,-1.0106687512532224,-1.235900545958944,2.2306865127285755,-0.0846213218592048,1.7731100907860071,-0.53981005619581,0.266711764827433,1.451634279330816,0.7021497740821967,1.0982077264110128,-0.2391799872674625,-0.760576568379502,0.9895401601486172,-0.0561121949333495,-0.2050144860918613,1.8717672325304635,-1.4757297500673383,-1.3577648616172338,-1.6354387045080987,205.81,0,Genuine
49922,1.6896904133587238,0.641815530241691,-0.6739243467295954,-0.8566506314107953,0.5750963631286746,0.9377653543631508,1.495124410196477,1.7337307202100498,0.177811749923775,-1.119186332161369,-1.2172149911354793,-0.158176825607378,-0.460974506380938,0.5134043681739555,3.216020168021169,-1.0681043455829369,-0.3523382584789707,-0.0031775544728762,0.5809402540746528,-2.0665134195496,0.1936803510881671,-0.1531045637985523,0.7028806161611576,-2.4844808129671776,1.1399085368953736,0.5496945819556466,-0.5654990289644368,1.1952204889678175,529.55,0,Genuine
94074,1.8930364139116609,-1.113853099601133,-1.5252775345160663,-0.1421114611635439,1.197190957958936,-0.959023966840824,-0.0365303496821436,1.163389549889045,0.0307859901762962,1.3579401556508528,-1.614108602266012,0.637458993104977,0.0699128374978812,0.5547049325040273,-0.874574726107903,0.4218048055067076,-0.3418804116116249,0.3983060740135549,2.1021484624459457,-0.5902913384130075,0.7885372350193348,-1.1028882392272452,1.1642117985545597,-0.0693773784000687,-0.0815930903717573,-0.7681397104160155,-1.292015333146798,1.6791597890808965,3004.11,0,Genuine
163121,0.0261224315397257,0.7373731352608242,1.6900099336037604,-1.0934867336859668,0.4469795561212538,-0.6599835456636276,-0.1520632816612498,-0.3813453031218938,1.3317853130429569,-0.5927120036864085,0.2064855044234496,1.702392035147941,-0.640388229717247,-0.3320723559119856,0.5245491840654312,1.1270445967963376,2.012281004744113,0.557611623058457,1.4458180388775228,0.8800209978253696,-0.7536061432136096,0.5915760363900862,-0.2722665720484943,1.4296542306209534,-2.1896698000772936,-0.1159222978507196,-0.7398214678394026,1.7153066916471666,2781.04,0,Genuine
37131,-2.468542915884308,1.141132731531251,1.0894219244900505,0.4981861422561551,0.6655849430667965,-0.7751670435910348,0.4720883506306324,-0.0035152946563967,0.4755511347236817,0.6924324316861004,0.1623531982622372,-1.096749182666544,0.0216096958732382,0.1820979124969775,0.4021998023884518,-0.8946958536521655,0.5954997280830951,1.0399283774411603,0.2131001900432181,-1.5655360971473844,-1.106648517742882,-0.4748313514705287,0.4349412171420012,-1.4234617103629377,0.7839755210966644,-1.9347907436974665,1.855683737825131,0.1532580587924103,3356.38,0,Genuine
115765,0.8864481970162597,1.6341349934888685,-1.103637871249398,0.6462341311577152,-0.1717708506034031,0.9512921636025844,0.6500191061181695,-1.029879858544512,0.939830222189191,-1.7753210318402737,0.6694082147838158,-2.279729805136049,-0.6977655785631498,-0.1393165208464398,0.5478609875671456,0.8000324898266281,-0.085076099297345,-2.5909842844829334,0.3098347376708563,0.603842967375131,1.333027798696801,2.258902857604916,-0.4366910033116121,-0.4176858746646449,0.5236774034845052,0.5775191696566581,0.1453214227896427,0.1752574114224071,1856.08,1,Fraud
73963,-2.293976340033585,-2.143367324137359,0.1356320087759533,-1.274991450615535,0.9930398828805028,-1.744947686667833,-1.3989750886832095,-0.5384415296230124,1.0569723333995764,-2.5030515931086685,-0.5001416530366266,0.4900137494131094,0.6120393144760583,-0.6242028108295922,0.4662139307105152,0.2542491591509025,0.5033670843305138,-2.041998304730854,0.6791198793165925,0.5397135791406706,1.6915814722449725,0.4984621102705311,1.1461830631428516,-1.136714005391555,0.5524624044791339,2.050029267686663,-0.5942413132114125,-0.0122122454360295,1958.55,0,Genuine
106884,1.4761461107200662,-0.182901657115218,1.0107021645861105,-0.6180966229483876,-0.5806904149296438,1.6401472260255747,0.2957256262707503,-0.3884458296023346,-0.3724716223900969,0.3642300583452601,-1.7343433887243878,0.6783273957836279,1.2438695132181865,0.0229908474007275,-0.2676177219007939,0.0951496049921404,-0.435999836047107,-0.7554075404604715,2.6813046503281712,0.0173247093530766,0.038371967613729,0.0559542376926986,-0.0272435223269604,0.3967117077684891,-1.434052473172841,-1.2630087210367356,0.4778508508889568,0.86102633784676,2728.33,0,Genuine
125917,1.0835849007422989,-1.9651005743535888,0.7490439445260392,-0.523057240038586,0.3385430257405165,-0.3049385661138892,-0.0006814094431951,0.1578535310104563,1.7677318123639283,-0.127520651789475,-0.3159992942617299,-0.4140968010071728,0.5085063752405107,0.1131382072977992,-1.7620487755402687,-0.6399880225369711,0.3012248100607654,-0.303897885930028,0.0677341500384242,-0.0376037572872034,0.6012198535180879,0.6482187663751218,1.3706198957817954,0.6368334586936207,-0.3306065667940824,1.1550010442984968,-0.3948505145707108,1.26136935441835,396.2,0,Genuine
24285,1.7742125041380208,-2.435063689772824,0.4620133099292848,-0.1650073613663418,2.569506152435933,0.6149121541573556,-0.789518839110313,-1.412680125974063,-2.462120110926062,0.3736314416640471,0.0110469924388903,-1.1562532311431266,-0.0804654646841619,-1.3216340085967118,0.1556308864998289,-0.2222446662691609,0.2849902621514228,0.199569126604512,-1.292679500709976,-0.9045766330773594,0.3757811288604319,1.3435233592579636,0.1988571457826235,0.0214259621824891,1.8653006206917648,-0.0473066459956231,1.6838897052607087,0.7133226322336635,3999.56,1,Fraud
37626,0.2602655583677267,0.1440930476074784,-0.1702268915917437,1.0826835169836817,0.5388810560256598,0.5287079213637309,-0.0698103901776869,0.311484670336292,-1.9796569078072588,1.8747088026098384,-1.1647489923337202,0.3098191055709285,0.989130711151934,0.0556321254861135,-0.0128206115763957,0.4385732354272876,0.8341734635346133,0.124807116612092,0.2447127295842538,0.6968239230961262,-2.179938447116955,1.440829834435806,2.54586237359457,-0.6848449682184525,-1.0238744749198825,0.5346040584827103,0.3526326599213628,0.2425818041793861,4614.35,0,Genuine
19198,-0.3613857671818379,-0.3991517928503617,1.7273039250619575,1.1403134150026082,-0.4207112305918684,0.1512317882065191,-1.1653248318627252,-0.1458684212966483,-0.680214622272303,-1.2373418199123851,-1.0698396961154837,-0.0237466622771055,0.0189063129928091,-1.78752487186722,0.1239319187036081,-0.4241763527450016,-0.9849303551626952,0.1756277126822663,-0.6406658102246122,0.3099133337464573,0.2067268471321087,0.928038593579844,-0.7071531112184731,0.1902685298731262,0.5783757877555348,-1.18003551462185,-1.1606828510977107,0.705422209756338,1937.34,1,Fraud
150830,-0.4501011336902239,0.2998509517707465,0.2208588724594599,2.498867386165786,-0.4232922416913996,-0.6006860614775598,-1.510927729873684,0.3981078010128325,-0.4233605562747566,0.0381878942464295,0.4509230857575839,0.3222014308322918,0.9573487236542276,1.920351402117096,0.5652319488765503,-0.9792851711146148,0.355427973549249,-1.5630386140675137,0.2112779775374826,-0.4806280930605578,1.4659729863053197,1.3767995432360802,0.859702032399012,1.2372624993044918,-0.65621527326197,-1.0320158757355504,1.3190167259926406,-0.010508483728919,3698.12,0,Genuine
15254,-0.5462601710308971,0.4861276900873157,-0.5149592593206903,-2.2693739291541783,-0.0713416972903444,1.242372562927854,0.0668482496410281,0.5473066422443585,0.3626246914354842,1.477466085582587,0.1006215462101829,-1.1329558632213934,-0.6361439607491345,-0.1025813602408778,-0.4136175808977575,-1.0201298892616688,-1.1665887465311566,-0.7948070634171296,1.1511528632679464,-0.7850129285846905,-1.1743750196858858,1.2032649789667085,-0.0431528960971154,0.8896833143342646,0.5074802211868743,0.087459471818306,0.6192900927229342,-1.3413705146662656,2744.62,0,Genuine
44238,0.9810686536747028,1.2478959581079203,0.8710757288455954,-0.9242957231516288,0.8512457817294108,-0.5148512657211043,0.902077023395576,-0.2259354438557848,-0.6894445375093416,-1.0929901134966593,1.1328694237200454,0.3247955865045988,-0.5067374239449255,-1.0714953853317823,-0.6202908852073614,0.2809202611765843,1.8755194448160224,-0.3224206869029506,0.5040809929241935,-1.193424628141474,-1.2658375895928529,0.9092910737061368,-0.2251118247086853,-0.406868112014413,-0.1989632555582862,-0.2164198389653574,0.4672713799967423,-0.591531959108835,1180.81,1,Fraud
1252,0.712271489505878,0.0539204253057799,0.0960586419514204,1.814009181074984,0.1457775091673821,-0.7312486577209044,-0.3472907381533582,0.4881977768912864,-0.0119183899728239,-0.5847270357728331,1.722100808495339,0.8195353648124565,-0.9888148403969084,0.5132182006896083,0.9008431226139268,0.4892709224920837,-0.4192040610164139,-0.1506975700172804,-0.5932039349334748,0.3715209653497934,-0.730348814247837,-0.3943164894932791,-1.898039175511206,-0.3241757590236261,1.2064971054486997,0.149069741088904,0.8264687926960065,0.2129540517492099,339.92,0,Genuine
39764,0.120225633434213,2.923355617319088,0.3497977272536223,-1.8007003177768348,-0.6485278132383967,0.877710283523533,-0.960729263807676,-0.0871761614259313,-0.2051426725677919,-1.7672852040015992,-1.5028086360348138,-1.5058880889849215,-0.4654757910166457,-0.7466993861419924,-0.3288468166593016,-0.0676902544330711,-1.6548941034258782,-0.5004414024550385,-0.2028946100115204,-0.2022437170830122,-0.4741355617031555,1.257237449110734,0.0727819212769576,-0.3517187583343121,0.0412580399604472,-1.4636208794432464,0.7289062311608138,-0.8703836809523958,1230.25,1,Fraud
77709,-0.7221813079269722,0.3064098549852128,0.2031492015912074,1.7912650641707064,-0.65029699278869,0.14574961953687,-0.8052987855879996,0.7434729894280655,2.0044650639397426,2.237849259168583,-0.4188676556085091,1.4604166086645565,0.981396564897123,-0.0292573361427053,-0.4937184921213639,1.815122622549463,2.7773608568387247,0.2543421269379328,-1.066231740202682,-0.1894963254006781,0.6671425699280397,-0.4286398146870119,-0.9742719687933252,0.4904264086772808,0.994701881827654,0.6104237562186967,0.5119304336014892,-0.9397322672774272,3024.93,0,Genuine
168513,2.629212631300273,1.8424790445672112,0.4967755737669098,0.1473512731432446,0.1520493310229803,1.3578215751162008,0.5489445177665526,0.3161258163597236,-0.8049756592501087,-2.2045405061678083,0.1236344670203602,0.2544927742176882,-0.8717476352890511,0.4555011510918543,-0.5802428458444414,-1.700674004731967,-0.521074855794136,-1.1412276775629304,1.275633317255964,-1.5611811785228946,1.3206404044880118,0.2635698455649158,-0.3096874199379696,-1.38185829545827,2.111257784224922,0.3883571175892301,-0.1615151104786617,0.6181691430415325,202.11,0,Genuine
53682,0.91237461396287,-2.3328378005242483,-0.9784562533992068,0.1841327730225443,0.0423949867387908,-0.0626670914554998,1.6673852179425974,0.1810415011460415,-1.683044556561648,0.7985857026434424,0.3635733992292609,0.850944485915063,-2.304560040374312,-1.01669078320262,0.5945688869153314,0.3797064123699498,0.0949642912315194,-0.482586007591775,0.8206132959788628,-1.0951749181354586,1.297180724523241,-0.3761581897464853,-0.9349604276852674,0.5426887295953479,0.98609001394536,1.105902556829496,0.9064348140900752,0.6804936642039701,4181.12,1,Fraud
59494,-1.5977119197734089,1.349739529550625,-1.4511063871700085,-1.2797979861194704,0.4549761691190209,-0.6508753726957465,0.7704561914272967,-0.1024459761340658,1.1190002325401045,-1.319799960780179,1.0158811842157385,-1.2789306287325417,-0.414514606848073,1.9497093254371345,-0.2097658444478792,-1.8407347295579328,-1.69534519158956,0.5029760492180207,-1.088342896389946,-1.2039403472411556,0.6539472690549776,0.6739814739906254,-0.8011596773136416,-0.5414046226585003,0.576570862535079,0.316513077581238,-0.1721959960767969,0.2956805833881343,4851.56,1,Fraud
81317,-0.516256015937127,-0.1807604897955603,1.434132723233584,-0.4511632200042967,0.9174898957848946,0.2747434730238986,1.3007918992485574,1.2958159129500124,-0.7139565666114869,-1.050892232398696,0.7286249643662206,0.6825849883774874,-1.1737291472430973,2.044914468782179,2.212807789445832,-0.1038060307365818,-0.0530071282573091,0.204458889617405,2.521020697961202,0.7687504752515748,-1.591086486638205,1.2795626809604317,-1.0726740224802376,-0.2649504705362603,1.1573089261434368,2.255695389578865,1.328175906533597,-0.4977350485215245,418.43,0,Genuine
65215,0.9317760974087056,-1.9483472594272715,0.2495845617891692,1.747376359709906,2.727359702409499,-0.4476171560874035,-1.0476236977701687,0.4051852292950227,-0.0916632908502454,1.0639539372232176,1.1384301165616375,-1.6446417687046444,-0.5044110671438824,-0.5254533262384781,0.0574479150999206,0.2500454404636374,1.672713830508736,-0.3733726392945485,-0.2169592085341549,0.1716999307418302,-1.5951804419624185,-0.4068654241608679,-1.062356799666078,-0.7306780772975868,0.5626410917299494,2.0075733835174545,0.4979732992654018,-0.3376440675254329,1234.24,0,Genuine
78587,-0.799538921232684,0.4205451092281198,0.7708472774085788,-0.0476831352412267,-1.4620335167676004,-0.6219225113057055,-0.073929916734804,-1.3214624729985989,-0.6461754501263732,-0.742510432294443,0.0613602063506697,-0.948246626665084,2.106869523992627,-1.1233261808047477,-1.2066021189806777,-0.176517486719731,0.7049410664905743,-0.3506755996388678,0.2955288370418625,-0.2829840729909375,0.7341802319800231,-1.4117304526909225,-1.591170105963997,0.7312757684592338,-0.6079928715415048,0.0172149304529675,0.1873565990383748,0.7000430818263205,3378.49,1,Fraud
6949,0.3515479588258888,-0.3029555379843173,-1.7597592201776262,-0.444499028210205,0.6868621272864411,0.8318881936558737,1.0186908504244077,-0.4719507692638808,0.737176098051193,0.6517875712270695,-0.6285037469175081,0.2633674285027114,-0.8889694517358779,-0.5300081620974401,-0.4368740251779041,-1.9521391677594035,-1.700835627087396,-0.4760805037729287,-0.3375236713569505,1.1055609054890276,-1.5869870002647386,1.0105384436658416,0.3762131438247811,-0.5927244637119663,-0.8458829875237737,-0.0222843355684443,0.632518736850345,-0.9016552052391972,4030.6,1,Fraud
55393,0.950796300336148,0.5800532484481422,1.0666831087145028,0.405719196379236,0.0983077083882902,1.831555067275028,-1.3991775812272325,-0.2285848083268358,-1.3742745555547298,1.380031583844992,1.949956519387341,-0.2759501653923653,0.6335339319776501,-0.4765540836959847,0.6553207955533066,-0.0951193784541086,-0.7631789014897544,-0.3350398093819041,0.4200922506837794,0.96412603624642,0.5553549280524989,1.035599066921605,0.0180973624516439,-0.9593758720117046,0.6901435665340024,-0.8300730854496909,0.1580608375046898,-1.4548971793663317,1730.62,0,Genuine
138013,-3.388428082656393,1.0110764575510782,-0.5214856453557676,-0.1922176003026571,-1.8445762311105884,-0.2464617919184905,-0.6583732136264119,-0.0011231603058061,-2.799191846895975,0.2006969856523617,0.1533251792622581,0.0274971687722279,-0.0802152553309913,1.11035049396183,-0.6001712754943869,0.0029217424676337,0.918181178308778,-0.5038026444713978,0.0940546729692511,1.1054356778925822,0.2774966961794649,1.5644649028627693,0.7077920955465603,-0.5791417713160878,-0.6253035954092099,-1.3559358474777334,1.2748820209718768,0.5071958258728902,2576.68,0,Genuine
25934,-0.1080376997892503,-1.489150116761596,-0.8062181668090445,0.345151149806441,1.2495307236517277,-0.9747411862859306,0.9420191570415324,0.1767073512265069,1.2957162884732945,0.8892858492141632,-0.2418474900034682,1.9273868433711197,0.3724806631947506,-0.5127131699552132,-0.0172184782349967,0.8974825006508718,0.6366426511995137,-0.3644056997259335,-1.3976135618289005,-0.2420440299938676,-0.4634608864937701,0.893892434684547,-0.3918924134963676,-1.0821327793123203,-0.722333688611787,-0.2278515487237305,0.9488827139260944,-0.1193998726601817,4458.91,0,Genuine
154458,-0.0687908464348781,1.0149189824551577,-0.0633731676319863,-0.8497413321599213,0.4211732265819475,-0.1534563498998187,0.2584257707883491,-0.9442167142768114,0.2474708108231574,0.0806731956026828,-1.0722193151750352,0.0118143173225942,-0.5092603330287183,-1.1616611972697255,0.9784554043125812,-1.427024461838072,-0.4860152605432494,0.2957008256285894,1.1735093420764795,-1.4143688108873975,-2.546382196169879,0.9169702127818108,-0.659752923021766,0.8616936134821775,-0.1906060641588692,-0.6439303503933773,0.0729139152384752,1.3072160777014905,1922.61,0,Genuine
75745,-0.4120724556837896,0.0064794842207166,-0.9779802105425248,-0.0771526486081052,0.7998062928201565,0.5148012298959235,-0.9651109322826832,-0.0679978604149252,1.072644417157245,0.1270060852785463,0.1594684144376553,0.7097017188775868,1.1613463327083546,0.1015735055722572,1.128867552950071,1.4409630713231911,0.3970690265182738,0.2748492384982743,-0.8281382623257334,1.706499079163937,0.201781776326979,-0.7174193496014273,-0.0878660679460409,-1.1027630885611563,-1.7261111152329354,-0.7854217083818482,-3.2586913984058814,-1.065262348825232,408.61,0,Genuine
94456,0.3016951349460409,1.3528411746932725,-0.0017316982256069,-0.6410762654407186,-1.6994189450976829,0.2574795284774704,-1.6308214072069105,-0.3141213472548699,1.262211972892907,-0.6349290958382272,1.0044900263698198,-0.0667659287958912,0.4268473416533441,-1.4908535923481232,-0.5244178415326567,-2.5178168230707816,-1.1981573048555356,-1.3129292445010663,0.9171104696406744,0.5242087895059939,0.5118567882706724,0.7370289720556833,0.7016998339782804,-0.043255967480347,-0.6538855853874904,0.3513873191381266,0.8631134029718036,1.074686147069372,4974.48,1,Fraud
53413,0.6575196074958747,-0.2051482289978683,-0.1363383470144865,-1.8039666406946773,-0.2204169274982085,1.194231694471712,1.3373151813650062,1.0847442427539598,-0.9164662137923276,1.9288594336731264,-0.500465395119397,-0.0963847031676896,0.4546353930617473,1.0679950665533804,-0.2568230137650891,-1.295998003318217,-1.3070082810896613,1.791763350012659,-0.2318613628751032,0.5449332230776037,-0.556106760777003,2.146827734839485,0.2998398741546436,-0.6506356935666473,-0.7355825145227715,-1.5759321010266316,0.4166141362115778,-0.5837881713076932,902.22,0,Genuine
97239,0.1420509443246091,-0.4704088925314211,1.0603959052338827,0.4819577872476852,-1.079196944894296,0.6650898382756999,-2.0533843835409216,-0.9950783093212762,0.0606649978967318,0.7428444941153298,-0.1333795483992112,-0.9782678267293424,0.0988939590945645,0.5999926819657305,0.0968246616905341,0.1761376666504514,-2.4932915149575217,-0.543158113853887,0.0633248181345888,0.6758690827947228,-1.091935460568134,-0.5529921587311022,0.0129405676703937,1.568543689887964,2.46196318267371,-1.1825022896844204,2.4271961601403342,0.7820898650145969,244.86,0,Genuine
42318,-0.3738273940494321,0.0270540406889514,1.5133445021394696,-1.2337728415555556,2.163100942680612,-1.103409468109909,0.6323951789703047,-0.0173786000081662,0.5053884790955535,0.5218052744526738,0.2491564415434541,0.3681222254729681,1.255961235637823,-0.5998896018339789,1.34232645948319,0.310657374974801,0.9253870073427786,0.4688797033668802,0.4821129117111508,2.763498545940325,0.2933352573032878,-1.2179825110989488,0.6643830594568285,0.4229547999359596,0.7511116824917464,-1.971744153355817,-1.299319064224548,-1.2883936723294471,2053.86,0,Genuine
70390,0.6326212997842696,0.101860706379853,1.4815157928415832,-0.164740930104102,1.1445503457443813,-0.4933183506407751,-0.533044435386697,-0.6853851123404602,-0.1082920721964725,0.7702947580796035,0.4721747695624056,2.53547941868594,0.5601516106749359,-0.4907211254756556,-1.0998032896442007,1.5119553107144057,-0.1051754701019988,-1.0716577336357755,0.137268133764303,-0.1004405277730988,-1.4522663526458142,0.1405624724106263,0.005049654972028,-0.6292286119245973,-0.4213558521226196,-1.3525388095168225,-0.2184525421714417,-1.6051410990830608,608.2,0,Genuine
43088,0.049053409274357,-0.6627848014917354,-2.2645149793961163,0.9260682458279108,-0.680967783285462,-1.3808341199753256,1.0470683163633503,1.862995915519793,-0.3121512173357917,-0.6772903351163431,-0.259835116100364,0.0878629733432279,0.3709047162658532,0.2487350740722047,0.3597247964616449,0.1932552783795308,0.0042221197585908,1.4626757521793825,0.7438222217223581,1.4364828242960277,0.6168604350800884,0.9374397156745928,-0.5915264465239418,0.1715432707390798,-0.7668727929029051,-0.603890183005066,-1.546323687317455,0.3509151307810013,4893.69,1,Fraud
103196,-0.2307004131954782,-0.4963047309552837,-0.9351668298432853,-1.49781345654043,-1.5366389009496022,1.1446793456301878,-1.0421482998089031,1.2566136026534809,-0.2136511868614955,0.9309718858524484,-0.3936091985107601,-0.2670080012144572,0.6526451427905684,-1.1030464474763466,0.0554408508322159,-0.1015386544123965,-3.0698400718388377,0.5381920962979253,-0.7081992016692789,-0.8526144979391138,1.05584291055012,0.2165119831820116,0.9075402079931332,-0.9093846919870222,-2.4379424831320327,0.8080773435940708,-0.7279143272722617,-0.2751807656251183,1904.59,0,Genuine
170883,-1.3122793853389192,-1.2268755345137894,-2.274886763822362,0.6046840969496019,0.1940550663837549,-1.9918872652714008,2.6147989353617693,-1.6423579153905978,1.083542871305383,1.555880781491913,-0.5107620194616228,1.1401405600523062,-1.7599778917396594,-0.787895705677845,-0.8970201717464726,0.4444367516125879,-0.0496337386694403,0.3824724461257687,1.0368848772841357,0.8152322426864979,-1.9601389443983064,1.7837710132932216,-1.248361462967157,0.671476544462191,-1.4646597618330366,1.932798446561062,1.5579564109211013,0.1593398399922455,4129.23,0,Genuine
55479,-1.5626547852660784,-0.4346450897901946,-1.1935422744350308,-0.2998134569686626,1.0924220022943598,-1.2833323306223123,0.4022988556883816,-0.7962136850857378,-0.2590121950875524,-1.3806976217004363,-1.106596390766594,1.0228027499615298,0.1877605036886939,-0.2254130968686916,1.2373383608480444,-2.3412660562226693,0.5510555079141456,-0.1788886921284054,-1.0305328652342882,1.7834419025091564,-0.5281367768994614,-0.8603811349755757,-1.420352285053936,0.1677092747924485,-1.6601151327530403,-1.7274377325490444,-1.6646034249282995,-0.9755694205426366,883.85,0,Genuine
19963,-1.3312297927140704,0.6763100599975789,-0.6495182109038314,-0.966523400927064,-1.7350536054359291,-0.511802466005173,0.5670692187855894,0.8709232920677197,0.6002294676034764,0.5415628015383526,-0.7701780373404983,0.4390573971287585,-0.0640237503994555,-1.3187826376705372,0.9903403612805208,-1.0076663241855746,-2.089446781449352,-1.84005922581174,-0.9128341630995138,-0.0469621471058351,-0.0487686201955008,-1.515560668309479,-0.0249422034239299,0.4189801479080052,-0.976689032042182,0.8771041468173801,-1.3924246964201488,0.3280790029786505,694.93,0,Genuine
55123,0.2783290612202149,-0.1373541739061439,0.4105616152269435,2.0229232888860684,-0.9317746709931696,0.5639174031048168,-0.7730471867768427,0.4572830480432015,0.3468928036820935,0.0627900698337916,-0.7970667585394531,-0.3083688139492456,1.168584177040794,-0.454338599715646,1.5382767043125,-1.175335173390578,0.0441999183482568,1.6628217339327416,0.5790151091200659,-1.9189262690928512,-0.0193999165593924,1.429000707191537,0.0858333817091508,-0.9536075235141688,-0.0103509773431703,-0.9632977573738258,0.5799674919429952,1.2739184261695091,3246.82,1,Fraud
125911,-0.0790787476063516,1.0090652960473283,-0.5199332344925404,-0.0005562957548352,-1.1055847090139588,-0.5216534137056513,-0.1333803341988265,0.4259317826463139,-0.96418300517011,-0.519184936375495,-1.5421770844428278,1.144427459644124,-0.7010289973862806,-1.0730589191132758,1.1802027066679226,0.9519369206494416,-0.0665065453023926,0.8536905983118899,1.0495465216888908,0.5670126285644058,-0.8789930099194931,-1.4079397076571645,0.233022917385294,-1.383842550885529,-0.1878424944284004,0.1633467923467599,0.1936967509131867,1.0966651194485697,4546.64,0,Genuine
102468,-1.4802840982074632,-0.1854294676530737,-0.4920700709486458,-0.5680928895767411,0.8669461659105872,-0.3652294137144921,-0.1074490727561802,0.1908527057595898,0.301969489514126,-1.0932559904451953,0.9929446697580894,0.1209300014119526,0.2011057599920476,1.4261991603193342,0.0101995428436697,1.300007317564212,-0.4653018388712635,-0.3214791165753387,0.283822584490414,-0.2169081231030354,-1.3362620654092197,0.3171212578138319,-0.3276136992155161,-1.6635219461774455,-0.892961266044203,0.5767908201771557,-0.3292664744277169,-0.6747224495080347,573.57,0,Genuine
73477,0.6459178257938111,-1.431517997723314,0.1817646831997632,-0.7802129223664018,-0.3698290885445124,-0.3455278732727001,1.7960683292516828,0.9511998850679138,-1.538671072932594,1.0519196629879783,0.3595677382881542,0.9137604021578942,1.92384049536564,-0.4034357060358352,0.619424570057224,1.8649656435653963,1.307622793779054,0.4785873268020024,1.4921986266632328,0.8442587416581412,-0.4601398884537537,1.4018209857387265,1.3530853006901484,-1.5877647950515397,-0.0509031658686896,1.405519247201609,-2.566019317705698,-1.256276988316816,2946.68,0,Genuine
14388,1.3743095131790952,0.5972748875565829,-1.709309645207811,0.8811624684366963,-0.3279365223775053,0.1727826223582459,0.4005767714277862,0.7809766043974591,0.4014332369443779,0.2079896629249557,0.1422271166591947,-0.8192974398165408,-0.0257150404311147,-0.9468240540146252,0.3318339872388406,0.5695526868648089,1.0676772799479255,-1.3106146849479563,-0.8335863314366934,-0.4664110277840875,0.6441181173247346,0.2162909058896532,-1.4985440535974373,0.0108857705681381,-1.433147143708417,2.3959243932724488,1.2662289888956535,-0.0030666671405833,425.61,1,Fraud
5569,-0.5984936167163358,-0.6736231410334025,-0.8385931529638637,-0.6120562264634115,0.1746546806389676,-1.2205115352700018,0.5438297064032385,-0.2905561397195004,0.8911171862575001,-0.2071300035022076,1.3045479848139006,-0.5867099081487872,-1.330273797293389,0.6744495914161837,-0.9070821787897876,0.8920107069019514,3.3176870539849888,-1.9065473621380151,-1.1653026648936275,2.387581628942498,0.5704780394151027,-0.6979131663661757,0.1349843545203406,1.921817010012903,0.4441783243865526,1.0426283444050686,-0.2351007695195893,0.8474823198125081,4061.0,0,Genuine
69836,-1.740981857368374,-0.2333672887635346,-0.5035566258173726,0.7565180985410257,-0.8782808123290141,-0.947177048048047,0.5326488764818643,-1.199258499926927,1.121414029096922,0.5423821134998223,0.7178473826387445,0.0968800078485531,2.173940051031132,-0.6284858594982461,-1.3044058613934073,0.0939383464437312,-1.212927475676248,0.0164469301816355,0.8382495748441627,0.1064318315473456,0.5827018443395604,1.2722903658895002,0.7586461659888133,-0.3992520279823892,0.7639693062118063,-0.4749886852927322,-1.020461893789005,-1.688116633206058,4546.62,1,Fraud
104573,-0.7091263849019127,1.2375720474841172,-0.2024019886313441,-0.0024798311231606,-1.4436867367275648,1.6809236987958909,0.6286108990845968,-1.6900652611931473,-0.9526901406292524,-0.127480787519118,-0.7896156565874091,-1.2352072655184791,-0.7155469371094773,-1.1024857037694658,0.369009635717119,-0.4993087471199772,0.4286414341014754,-0.7975190290025425,0.1223011244344954,0.7910781764480729,1.250989827457294,0.1707834884889227,1.384351736041379,-0.5787538259719927,0.4928849123790609,-1.538553622079284,0.3214907175642101,0.6094044354652511,3144.34,1,Fraud
167658,0.8544606267946941,-1.1608704597215138,0.0769539902255452,1.1161880644338484,1.369685162360285,0.4023990971970115,-1.3894535097427898,-0.1036387252371005,-0.5361540713968559,-0.7040717217470792,1.1733910613167042,-0.369901045468024,-1.0397779879013678,0.8875299190579455,0.0964729989349098,-1.0796082951048676,1.4998731586280871,-0.482607063545191,0.8061549044008288,-0.9996904717970568,-1.0473406071599172,-0.220873753130398,1.3343277273275442,-0.0542545347903093,1.093914768168815,0.2323958081615264,1.2560895479435663,2.010282740772616,3442.03,0,Genuine
143087,0.548529858534774,0.1647437874643849,1.5006497897330418,-1.042539447482884,1.462485708479594,0.7607821718528455,2.0492681080367143,-1.8399016642437604,0.2840652070645226,0.128952047945549,0.9722615174798884,-1.2795389513121784,-1.000360262297969,-0.3231415381326366,-0.3364134337078333,-1.1692113327976903,-0.6921951230069082,-0.0526965396734919,-1.0280290661499518,-1.1750685512379626,-0.3779764999211445,1.643507305404476,-1.096186876278768,-0.7862075026096903,-1.517354271858644,0.6458792802289015,-0.2662549083841832,0.6396451786815266,278.13,1,Fraud
45002,-0.9224326860114788,-0.0405183500357919,0.9083361610810946,-0.9030632390960044,0.1795824594631785,0.0580285314552167,-0.8774885721949597,0.2509967236754093,-0.4759248115354447,-0.028005963581852,-1.1179216635769078,-1.5447527151162683,0.7276644939459003,0.841021304225833,-0.0923688697358169,-1.371196762300708,1.6912558543158027,-1.1872775059428768,-0.4432208168477083,-1.2968759076482088,-0.184836877781967,-0.3761455342465612,0.3621382208945832,-1.2818035130137198,0.0397838445740379,-1.1548245049013224,-0.6493060892758489,-1.5555088903562104,365.81,0,Genuine
137326,1.5211721377647418,0.700925715437103,-0.7693100244919348,-0.2810053140300685,0.2521555056676198,-0.1402802482427399,-0.0384043356690871,-0.3080315381174099,-1.9288769827960088,-1.7741879515183645,0.9027810686011536,2.4359926764663995,1.2977799736564843,-0.0150538710016004,1.7694638287360926,0.7311091442209081,0.3649039280127997,-0.0801902703500373,1.7427861513791956,-1.2901495826282274,-2.882481235261666,-0.5993374118723347,-0.2140449090781876,-0.6545590471158562,-0.952782564927148,0.7757420851582295,0.035509994791398,-1.1327423390476998,899.17,0,Genuine
148216,1.3482800659263987,0.8551533654820227,-0.2613290594514678,-0.1980664975247759,1.261013976580008,0.4571309460952804,1.5314828975216277,1.9439110364614387,-0.5416964737564463,-0.6295665947759428,-0.4672495720992234,-0.6089747611860167,1.760403013952633,0.1291987854464568,-2.179609813244635,-0.4099313579247616,-1.7466964294446428,-1.1041489242486155,-0.2010157088582267,0.678463799665691,0.2242419768291408,-0.9027397968312694,-0.0189485614820969,-0.2269574188830338,-1.1518233273062533,-0.4278908206803614,0.3828069064444804,-0.6899446845176921,1369.87,0,Genuine
155286,-0.7330060632766411,0.2638390042488923,-0.3294391370921234,-0.3545570286970105,0.15665355660374,0.7276136836761329,1.9346252967373607,0.3431292724923068,0.2802016382406274,-1.264395001201074,0.9971482389434748,-0.5210329285878214,0.0153201290611508,0.5631787896796314,0.6398963268536275,-0.7235418637413056,-1.2858726185056737,1.012472341477222,1.4265041423420597,-0.6030123230769716,-0.0296665736362855,1.2160414523083003,1.1339299991905665,1.8594035669694744,-1.4146087482654022,-1.1304763078633313,0.4760854419935637,-0.1450217197743115,3799.52,1,Fraud
137162,-0.7432900029649667,-0.3603746465803998,-0.5141525165207437,2.6314404054265177,-0.4190779059436456,0.846075674691719,0.8059540797314746,-0.0292251795623185,1.0675283146404824,-1.651402275155699,-0.3379467670689568,0.080219098999142,-0.9868736969952184,-0.634827360376867,0.8425211410704871,-2.0271627709551323,-0.5803545409288972,-0.1003376037841679,0.7767952818326094,-1.2700289118594528,-1.1363550488906535,0.4276463150476111,1.899929518483498,-0.4885083377724846,2.478443183193378,0.1368295547049001,-0.2459668862437957,0.3490116138062142,2177.71,1,Fraud
142709,-0.5928279373794895,0.4733725040259602,0.2725158258209099,2.063247004351908,0.039339126777463,-0.1265595598193402,-0.5046946897455464,-1.616169719730329,1.689208495226213,0.4676993729226192,-0.5333327227154591,-1.0617375324149965,-0.5699449320151665,-0.810214566811094,0.967724096673656,-0.91317272736391,-0.0882309995583992,0.5275585305468535,-0.2854633468912829,-0.6966911230366593,0.871292907591319,-0.4874735227350583,0.2609107958309974,0.1947801042868128,0.9113154416040036,-0.9026007997796264,1.2306273737670228,0.7204539272224598,392.17,0,Genuine
153487,-0.5073327753885459,1.335655897144562,-1.859779552970908,0.2990550748210432,1.3931686371674723,0.9553765562783212,0.1277345529442999,-1.2623210853160045,0.1249478342900767,-0.6687669298299082,-0.4302741216894706,-0.5016680728857302,0.0335840827292357,1.2018368060612137,-1.378353976471156,-0.2871055322000232,1.238441032249234,-1.7725731706323025,1.4117581351428676,0.7036390419112056,0.8081036962406838,-1.4389809099905602,-1.9857277129482205,-1.3719403342499417,1.622517991936761,-1.1561969247643684,-0.8778411072249384,-0.2984750922690604,4263.37,0,Genuine
24071,0.9505380079284438,-0.0272899396397007,0.8807143880064838,0.4169720740504575,0.0533216684288058,-2.4662167888296214,0.1669672791078544,0.6813541422662691,0.5664944863977914,1.0414062955191252,-0.972168206149037,1.8344091685014476,-0.0211849713606945,0.5789193065864303,-0.2931927554030441,-1.5364095112402196,-0.0896698627859295,0.5897576325341144,0.3263549598149765,0.6786870224463748,0.3998288280714994,1.4087223432842282,-1.668395592715827,0.6938722421826744,0.3527614710653367,0.2870557976031098,-0.1727639661187815,0.2560283767736947,4969.14,1,Fraud
58243,0.425329060476594,-0.2672561144230266,1.6935507907153553,-0.2364321800795809,-0.6693825346535526,0.8922870097251215,0.2023904573091338,-0.3130966609890666,0.9607839913137912,-1.8285963163439416,-1.480356278002895,0.3580995828912472,1.3082981667121258,-0.0674979822498214,-0.3431427868297869,2.659995938098837,1.1992935148542776,1.4972236911713757,0.0135300884153472,0.9969018515523173,-1.7088293928971254,-0.4727763226153598,-0.0464996933154761,-0.7392985252116535,-0.8278782093201323,0.4153179457998247,-0.1774275483230643,-1.0813981334809404,2275.68,0,Genuine
125827,0.8770787693505876,0.3881702576679902,-0.2698405406718168,-1.0498255335181308,0.1470020492850975,-0.4269059567438021,-1.230053027412464,2.5353757480395003,-2.050559490616751,-0.2977539348332259,-2.4989974598476103,0.9860817424321322,-1.3176136901327618,0.7957009124235614,0.2919858428760578,-1.3403478079208984,0.1079516481693578,0.1176107880382757,-0.0798645547471938,-0.2815278777805742,-0.9730087112428248,-1.8191877230427496,0.9975645523742444,-1.1293828719953771,0.6718661120472083,-0.3653335779006361,-1.5404851656898342,-0.7059912134331818,2559.31,0,Genuine
108215,0.6735651431866999,0.0387270203696117,-0.2893644251178287,-0.1820722405552521,0.6562231375357641,0.5533824463016972,1.2601095323954874,-0.0830512948352614,-1.019216091509534,-0.6159263092764419,-1.054672999999259,1.573593033334948,-1.1154761519452376,0.5401597088701403,-1.1294072543628668,1.1525872435871003,0.0123796682541041,0.5221411087759013,0.4388290043065158,1.9971211800071904,0.3040354852980816,0.0873462266418737,-0.7854354832391661,-1.0280924393429445,2.342699836256448,0.2747037032891463,0.3630353736856576,0.8849607964201154,393.47,0,Genuine
172312,1.714527068193732,-1.3377094239177991,0.1570442472086714,0.7711177514620537,0.5362534949056986,-0.6493277256958633,0.1345889759377787,0.1689222801387536,0.1025622035725178,-1.5779646742033726,2.6306232802206506,0.2106494863639376,-0.309809787161997,0.9433028670188556,0.378477532435706,-0.1205231906068464,-0.2919433019409618,-0.2380845640776916,-1.1283098109958491,1.0820133694369194,-0.5369559130676292,1.0326780789570496,-0.1911753516025758,-0.6419225635473785,0.5246696097271679,1.1416576740126294,0.0934099942311835,0.4521428063009731,1915.7,0,Genuine
101570,-1.0593855438091404,0.2393308003974813,1.0193859769602105,1.305626761568009,0.5528239480716095,-1.3266945300777775,-0.7222187689499412,-1.316896981477928,1.5559448682197812,0.0050870321814767,0.4782608887275297,-0.2212455065514198,0.3692041424911018,-1.1428345428804136,-0.8847662159264168,-0.5664667470120005,0.9820245608988472,0.3752876226248898,0.899014819831824,-1.1741572147821773,-0.2308275812676679,0.7201318532182163,1.617908501887202,-1.1561289900739753,-0.1125568322812078,0.8321618843556948,-0.1907441905952068,0.5769492510995652,1859.65,1,Fraud
164506,0.3803585303839162,-1.346762408763764,-0.3242937168172423,0.9957084205227056,-0.8266776791334302,0.3397040313166676,-0.4983930877474412,0.9474315655153154,0.6297607318736517,-1.4906645462979324,1.864222608792408,-1.4338544576382972,-0.4426562668791222,-0.0641790403689981,-0.2975799994134921,-0.2494307384188881,0.1294777232168897,1.6011825126237147,0.4414135076579743,0.8121391372276796,-1.1011522753821086,0.0811970858996783,-0.3964800605240463,0.2912843280710802,0.2715926427472552,-0.8261287337908645,0.5059918653088911,-1.03930551846827,4828.99,1,Fraud
69724,-2.1738212562346977,0.3744806464084454,0.9339451661017364,-1.5097742931542115,0.7701035665584568,-1.5015305233211993,0.2698500355087128,-0.9257208874157766,0.3296996045890158,0.2227158396222854,-0.3182005910863935,-0.3828934467746463,-0.524082909150363,1.1298029999915986,1.345053044061114,0.0140607371879581,-0.7325546823255682,2.2462578469049146,-0.5711747252884383,0.0191084724337694,0.191906755574912,-0.4417956117547162,1.7528497290825011,-1.0843480310224425,1.1154168409434184,0.0279431790973339,-0.1949408239991862,-0.0379048201298659,3302.5,0,Genuine
115359,-1.3169555740968584,-0.7971427244065673,0.4884946724532427,-0.2892276781537132,0.0284659392122891,-0.3996774282227071,-1.4029066495584066,0.5244120819106874,-0.2281120385448999,0.7207587592734537,-0.4683215174764654,-0.1624977643356489,1.1737464193069869,1.6772270760369838,0.84215376722603,0.2265162766317024,0.3320796059592476,0.3171805620498513,-1.2684721494544,-0.1650743398706936,1.5047905835682596,-0.5606320420421006,-0.4302763584957094,0.6458549903443064,-0.0160534033878927,-0.6989901968096958,1.4100037588949808,0.0853442905101007,3911.13,0,Genuine
75697,-0.074853385934847,0.0368748041863459,2.3616114440046903,-1.4688675648659923,-0.711791167469455,-0.8124296911041526,0.8784350761659566,0.8117933141706285,0.4267941306235067,0.2675531763247565,1.716540657520856,-0.8072780096591268,0.4719530563878899,-0.5359382468133194,0.1238270797629278,-0.9819284795135034,-0.4573247104776984,-1.0196811781611128,-0.2506723460848185,0.0098429723619762,0.3237386647274483,1.2759759588343025,0.9042702316231014,-0.5086198585592355,-0.1167456452768133,-1.4004192186593765,0.4705792391364476,0.32295652934612,642.53,0,Genuine
28732,0.418206612754536,0.3905939061992364,-0.328662015162296,1.1688435574027187,0.7621517136520333,-0.1750325382934764,0.2347303024097417,0.0951932590680262,-0.5964406015321919,0.39388349597587,0.3757624283508302,1.545225409371374,-0.984722777472078,0.1591653848110624,-1.392259287396134,0.5593208304666297,-0.5125886709940031,0.6233069548254458,0.2501684036336618,-0.6659576412688019,0.9712454376108254,-1.9528058197440128,0.0768535321938128,-0.916963921386867,-0.6776163586964785,0.6426800493473778,0.3748511054152193,1.017262393759,2085.22,0,Genuine
121465,-0.1018157420295695,2.453903345943571,-1.9760004477208335,-0.4123843948003325,-0.4536388489167638,0.7972091195972723,1.5656896170260923,1.756970935637303,-0.7798292795319931,1.0312349050740015,-0.9552754986928116,1.1022945628205107,-0.5097083008530919,0.0193358185846283,0.3323803713827082,-0.2793072275876803,1.1826485284956558,-1.2376427792206677,0.1559734944545423,1.0089966784253377,0.8776130038505415,-0.9491782000138602,0.7766344072590813,-0.6832646778820993,0.3547202307772741,1.0026853845982773,-0.6739418923485571,0.0451253918703938,958.57,0,Genuine
142386,-0.5671924188126782,0.7427499617869243,-1.432939120685514,-0.047110115631033,-1.5742973485555531,-0.489845285454491,0.0775837211345705,-0.6107030716502497,-0.6929369985919814,-0.0267634011270379,0.6329174844987049,0.9855421740763652,0.5168170347234895,-1.244181215710196,0.3995933296878745,-1.3312626374619094,-0.15936628595244,-0.6244184760156505,0.1498125408670186,-0.5782330178635021,-0.3581905005470362,-0.0958301920794947,2.0086410409000472,-1.01561103218916,-1.2691067763531223,-0.4741063729566527,-1.8881150187055165,1.5903328771365863,4301.08,0,Genuine
155026,-0.3894178774930377,1.3647988097423347,0.0119282374001571,0.4800502680050018,-1.000602381110322,0.3145775474126117,-1.0852679397855494,1.6755402131215482,1.340481511172945,-0.8260276428851872,1.2508846186131493,-0.1162026402587781,-1.2610223457881222,-0.2875598064240131,-2.0994144966727784,-0.4278323931041765,2.1345955514222443,-0.5101864979160068,0.6738015698742454,-0.5601641097343777,-0.1855613291350059,-1.99431879920096,0.4196706348362045,0.021584531664169,-0.3847168956936604,0.2348220776199983,0.8028162649528677,-1.965228633437504,762.71,0,Genuine
57108,1.3694409764241042,1.8717478186939245,1.0278820940207516,2.766139919811899,-0.1816369330470828,0.7393460382270881,-1.1978031898773356,-1.2709460185999022,-0.8402520707952791,-0.6089515051561245,-1.4278724331585984,-1.033031850654197,0.5107331209185941,-1.5786926787264723,0.3508489763070508,1.419690661246281,0.735264379855458,2.0411748660379403,-1.1506860540598596,0.7601935552997002,1.4707029653410049,-0.2179519357297047,1.2610735977884886,-0.545215862396357,-0.1284793428127831,1.5471798624609256,-1.888437548128004,-0.3082858800702169,2194.92,1,Fraud
111195,-0.3840321778801405,0.4892559169994446,-0.6525091404207238,0.2682749397895262,0.578302282111279,-0.6072550507937872,-0.3907056139124282,0.7990284918796359,-0.39877708783112,-0.5873741146982246,0.4646583318106864,1.3280015142171002,-0.3437980862511502,-0.1673216093211506,-1.0760662187529697,0.2194304892522922,-0.7657782833100322,1.428709157382663,-0.0654132456224835,2.170476327601657,0.7325390353216314,-1.226962778968676,-0.8946314219600534,1.1113777704982226,-1.0599876084559376,1.0249904284905234,-0.2679110006030973,1.032382670530824,269.2,0,Genuine
103081,1.7492416220435278,0.2856898002671991,-0.23093244987533,-0.2382710378062517,-0.8640699520880911,-0.5927535287191026,-0.2849047666215309,-0.1424134812914563,0.4710112318255584,-1.0433387015436015,-1.3617247765756364,0.3353612846743825,0.3628082765526866,-1.0380188767846283,-1.479575227019169,0.004568198072278,-0.8344289834215036,1.2216265465488294,0.2978402256285473,-0.4969247401719014,0.9608706536483692,0.4747925242302419,-0.9314277966290834,-2.3053029043414544,-0.0225522064927267,-0.5863079938546603,0.8806673498229014,-0.7464090541314341,3171.84,1,Fraud
36668,0.7940170735411335,-1.0667211088262158,0.6848427373315756,-1.24104212120364,-0.2406624604375347,1.3693289022002106,-0.5672617146575817,-0.7081325911132682,-0.8801848525192214,0.7842113034423567,1.1967553243089522,0.7730823723542751,0.1198644777550782,0.1699147814821636,-1.1219814222364228,-0.3977063111394427,-1.240759817636925,0.8207720168701996,0.4607013503895981,-1.246525080216598,0.1666033476385463,-0.5731939126682504,-1.6324335444941314,1.1681168834856663,0.9534615134322932,-0.0796419761488557,-0.8673433397064385,0.8337311769838062,2410.14,0,Genuine
23061,0.4575373461482303,-0.1166299324003944,-0.9652326008784576,1.4586394485031051,-1.216607231663058,-0.0793886397779071,0.1284805329184348,-1.6612787487320162,0.226163912324194,0.5269028286833728,0.2306984319215361,0.619247334583021,-1.1173543146093494,-0.3098972203032286,-2.1614788733844423,-0.3191057397838747,0.6059428711781424,-0.9084095134749576,0.8988356533839374,1.1398445179043026,-0.391956283311803,-0.3997279449108402,-1.0556468064186375,-0.6726412774013887,1.4505192156870437,-0.7081049024483833,-0.4611513851379079,0.0978809490507817,2490.34,1,Fraud
79252,-1.1935969103209956,-0.7230877296358624,-0.6112693991948179,-0.1816364642970753,0.9820329162398111,0.5091387931318747,-0.5926436938856765,-0.2606691439168123,0.2258041934068164,-1.6650032350808377,0.6296611588762084,0.310627254357165,-0.6366197068870718,-0.3258150797816233,-0.4075865945882174,0.2201046581549816,-0.8566152273117552,0.2362171049562352,-0.2034983528313905,0.1950423346790934,-0.2702489569992828,-0.6430467021492662,1.5172666520403664,1.6004114092373165,-0.2366803802887279,0.2291939106260883,-1.3941584080674374,1.898222051792604,508.99,0,Genuine
39749,0.9352381613996268,-0.4010588501243862,-1.1677266876102608,1.6571424649276996,1.7173311139555516,0.5015610923592241,0.254205894424239,-0.3238150801807051,-0.6244541087598886,-0.82632446281534,-0.2174439353799765,1.9996158165082092,1.4474009983498786,1.5534214864028923,-1.005279984386417,-0.2654812149312082,-2.265615766346117,1.8379176146380507,0.0533048200218945,0.5023502239105645,1.3772802905424268,0.6762225887882701,0.3314621484356052,0.12048798963325,-0.4550187899600785,0.040467158964302,-0.9219482196510952,-0.1511668481424638,2570.39,1,Fraud
130560,-0.4937705777484992,1.8706633761924685,1.178228092882562,1.1056131129487234,1.6092825244883209,-1.197987606077978,-0.5206484156682695,0.1729062229544582,-0.2587802203372214,-1.0919853548814664,-1.7816024292233243,-0.6573936723300476,2.3713218080878464,0.0708091688536521,1.1405841256369669,0.4541118736795302,-1.6514358038114598,0.447536770729772,-0.7415436995485596,0.034328107976449,-0.0008102247213081,-0.0689114182641461,-0.2674020752903867,1.1996988054971838,-0.2608879340764642,-1.152884932259593,-0.7952356522509244,-0.1391648947270349,2819.35,0,Genuine
104680,-1.1944397580056998,0.1146215091999896,1.5416728117963672,-0.4629561026084717,0.9649795504861378,-0.760875876171995,0.6317037077345713,0.7248149763107393,-0.9435762899283296,0.3173460057534099,-0.4414321602283523,-0.3089295518411869,-1.747242187685385,1.878222385420877,-0.3590614078663869,0.3232579322407458,-1.1041393762021714,1.0301474617980426,0.388244580440285,0.5935947466572257,1.2476490911006113,0.9460535701314542,0.2041950128765605,-0.0761239375438456,0.6257208887019664,-0.4559456701700142,-0.462346958981285,1.8011908268320245,4814.24,0,Genuine
147979,0.5128436130793774,-0.8758995777161087,-1.5794149894930605,-1.3922761808559043,0.8625099571202616,0.3753473635400201,-0.3100987933768239,-0.8084661731053451,1.3827660035426448,1.076509511123356,0.9298395239724432,1.6411586017553217,1.0431231160001426,0.4463715332156777,-0.7198272516814679,-1.192972009584375,0.3368534161139375,-1.6098278467595266,-0.8704506655280669,0.3638871311357155,1.4051355680631503,1.2079581759548186,0.6801965544204814,-0.1375682083990062,-0.6238446823891427,-2.064942562113937,0.1292701268281608,-0.3614543907226944,167.08,0,Genuine
149849,-1.3879460605665397,1.3745334546913044,-0.1421854989882232,0.2725691172036067,-2.0718795244032027,-2.0673148867236435,1.2462066722674323,1.7582676811706,0.2575938606238543,0.4481860233417833,1.9936287825185173,0.0820634155074055,0.2956167387851353,0.8155528599260827,-1.5929983406041293,0.5278728632179637,-0.0826231978621554,0.7218758249056451,0.573723898173715,-0.523461042504468,0.9206090933080936,-0.2870441722599491,0.7785059843843869,-0.9488675486281092,-0.6252994800790117,-1.0388762761767592,0.2313618705378553,1.0562518889504298,4613.65,0,Genuine
51745,-0.7622414621295822,0.9552754762374488,1.407258975064945,-0.6149035287716018,0.1771732322201052,-0.2112976170384247,0.6522946997896532,-0.5385347123056182,-1.0486430788055976,-0.7011924616466628,0.2822900898886769,-0.125933433479517,2.082283256474308,-0.8695223684044225,-0.4279282893014752,-0.9545953710317489,0.9428421753324888,-1.0543330840303595,1.181141791444683,0.7038776469067247,0.8036466788807705,-0.6971083086249485,0.2185773952231323,-0.0914700433213259,0.2710329718360608,0.4127385139191274,1.4456906115064485,0.307580729055803,2398.34,0,Genuine
108464,-0.0101159114689113,1.0076534926003966,0.3986951836222377,0.0393458424563057,-0.4960926236599081,-0.8652838723927825,0.1935853398117053,0.6021939790273997,0.1263180830336694,-0.3189783023385535,-0.686352577812186,-0.2530071347987767,-0.5585118440896735,-0.6936786429311298,1.353448952699478,-0.9957247664897044,-0.9071906237979962,-0.2209020088562978,0.4682849091599702,0.500100580779825,1.696904534519053,-0.4189527569962807,1.382717432688754,-0.999831830550485,0.5188005139653292,0.1432716147518032,-0.4863960097675313,1.0871687480156058,1051.36,0,Genuine
91865,2.2184214241147275,-2.006130203102394,-0.4892392329990946,1.0490496068543376,0.880466361044901,1.1105061419766535,-0.2076772666399089,0.0901673832632834,0.1715941620649114,-1.3928512565683009,0.5357027782674318,0.679302612943759,0.8982838005503734,0.017263879259107,1.5473190217036412,-0.0252679213746585,-0.3243571825970377,1.4220316220284457,1.2832979266578857,-0.3711996272628764,-0.8456124340517521,2.6618237151688504,-0.9707614429313984,0.1873043640542629,0.2008752616350538,0.9468411352275232,0.5566534360227708,-0.3490736236076966,3328.06,1,Fraud
112428,-0.6869157557924875,1.9486709577214856,-1.5461621196108988,-1.6535821156248336,-2.5375978756813287,0.3461154531549492,-1.5190097253286228,-0.1987097136555822,-2.2432398437392296,-1.3161625167818407,0.8398947342858377,-0.229284826088088,-0.3026432463563903,1.213075236719983,-0.3647404078022363,0.2582085427268659,1.747333460540495,0.3471630309321296,-0.4534818448731002,-0.1730186219974079,-0.4122842524670732,-0.6174788376602158,-0.3506658738266572,0.1613375216988944,0.1239392091974292,0.0527271282435202,-0.6355739326710477,-0.1065295289668883,2585.74,0,Genuine
23624,-0.4582165193005753,-0.5585147420938872,1.1529445518228645,0.2646138440682138,0.1929677027701782,1.191246297390677,1.413549404673922,0.0400571822650318,1.3404440443429446,0.8460497149246927,0.1327537380750675,-0.3415533320162964,1.2814032104724409,-0.3629540211539327,-0.0695083595670135,0.6149258072369297,-0.341179097824824,0.8150159164873207,-1.1987093067230026,-0.7858849345832505,-1.2593585265450853,-0.1747355556094141,1.1702627748711174,-0.1226428196513333,-0.4844429249401681,-0.1961704296251475,1.675893461754955,-0.3675248678009008,1134.55,0,Genuine
23321,0.7323450544216452,0.7779547727927553,0.3605152149444974,0.7595961908857367,-0.2144437838324025,-0.0391246335533528,-0.6807770784172995,-0.9402875181706042,-0.9896081122814592,1.4441122031312543,0.0712142073321189,0.6628156164000343,2.3112878648193624,-1.4314522912290448,0.7029026863029121,-2.1563345774553757,0.2244545036420024,-0.1849807391923396,-0.1617779943461065,0.4618882678394233,-1.49744490019807,0.2144637359051856,0.956357303517618,1.2369765283984695,0.0203440662811842,1.857903771129089,0.1235192744380813,-1.9738512502935248,3134.51,0,Genuine
141560,-1.238295688376046,2.523799790617032,-1.4729863877417555,0.8081105617560631,1.1184299329314042,-0.1138891927670224,0.0907321344022193,-0.3875661325724314,2.090214687137168,-0.714768528809567,0.2136082583203234,0.0932571663880375,0.2130652209787219,0.3979903585471002,-1.0255409596240397,0.7892474860745685,-0.6562945180863302,-1.9260130668406117,-0.6140421230522365,0.4728271549294008,-0.0443154044258229,0.5465686524119167,0.3708288745835837,0.4976026348212313,-2.3833074986637923,-0.3392695048757083,-0.2070406077476455,-0.265062818138754,2366.84,0,Genuine
22574,0.4428063810209154,2.155332748190617,1.1898910538749907,-1.363542171187423,1.5479870536747384,-0.3049295190795649,0.3438043235358821,-1.3397552532961494,0.7952907609706656,0.0481188201325301,0.0435503774319974,-1.0094469902544805,-1.138962382597892,0.0639783102800897,0.3690613822174326,0.4126620392224998,-0.2255436923919497,-0.935282987428535,-0.4934330639904791,-0.0387445129167049,0.2685715083925331,0.1033676065359682,-0.5429167631022019,-0.9201354238286128,1.5497794686313469,-0.3851625929269365,-0.7916645059803993,3.2020013570938466,3445.38,0,Genuine
136312,1.205926807616588,-0.977562125472687,-1.6004035617578698,0.4193364697739637,-0.9288460170127684,-0.5030693995550923,-0.1835115595780592,-0.5492703361202698,-1.126829739967246,0.7205237600012689,0.2977809631706474,0.0320164176352378,1.4138727729300078,-0.5510100773371789,2.3667293037533432,-0.7261017690624366,0.4752681221146789,0.6802429321621231,-2.2218207056998422,-1.1387272000017743,0.5053601808557412,1.7739415785567494,0.787567448490261,0.568364987786982,0.161120011917423,0.0496083785702224,0.9060655163188176,-0.7323364282843424,3445.7,1,Fraud
141550,-0.3070948847111013,-1.444517337002273,-0.2204861541674115,1.2035365819066923,-0.8837104358968152,2.684656339055985,1.3546010543580276,-0.4666669270179386,-0.3142506207998759,-1.66384220183885,1.8275632520739051,1.394531501962776,0.5654821696804444,-0.373063786963793,0.7651138673969547,-0.2363258861348524,0.6570935227282199,0.334713710417079,0.1756239526490828,-2.022528114343212,-0.6972819291566486,0.2359687405287206,-0.9091615610639726,0.9520326402673622,2.1039728065301944,-0.7778024758269245,0.1297516878314856,0.1459668114743703,2364.6,0,Genuine
150334,1.0261542813968656,1.4303465988479278,-0.2646147033721291,0.3432337984000757,0.2304966212117137,0.8071695157932223,-1.2213709174087466,0.8452213627713431,0.9226181605535484,-1.0486866116355964,-2.033303065605039,0.7653061459116238,0.3780327533585859,-0.8710736708952417,0.7332175335475767,0.1980992083580399,0.1181291540835943,1.6624349383336416,0.0215073617850996,-0.2313924924591862,-0.4130515282600105,-0.1492839396202337,1.1820155697088677,-2.3946448656771477,1.288628477349998,0.2570530584362402,0.2045032190674885,1.1911653649024403,1954.59,0,Genuine
118831,0.2914499232118062,0.1420558115939997,1.6183813288478353,-0.1156942061085367,1.7337626915215416,-1.0661885459367826,1.7339348069873373,-0.3319251933470556,-0.2377527380554458,1.9936354852445843,-0.2384556944188832,1.5179796714236289,1.583238608058682,0.9239067512627724,1.3438131134612856,-3.489780069269369,-0.2598355374912037,0.1266031824449031,0.8430719543469527,0.2366152711830788,0.846739065039916,0.9558787976435384,1.521722899508566,-1.0829898091546066,-0.8150986740570614,-0.724370052997277,-1.0560984974810297,0.521525140748535,317.16,0,Genuine
135504,-0.7306819638037806,-0.5008814413020799,-0.2610461918801526,1.139612940573444,0.060144677283016,2.639308869162179,0.6715575575083162,-0.4480816237373723,1.178237334418594,-0.9577164978894084,-0.9323541268243224,-0.7312999291425445,-1.137636469866426,0.0233240969913259,0.9037841378242668,-1.2510247820916711,0.1302058812250058,-0.8928042761790209,0.5530975887870563,0.6446771764450598,-1.46050706774988,-0.8866311799106334,-0.5761184143913367,-0.4690749519313297,-0.3641000468260171,-0.4313173435156733,-0.7822546851536881,-0.0775679376935551,2469.74,0,Genuine
95257,-0.1978046858965063,0.6212185469390475,-0.2646426863007249,-0.69431881043883,-1.2791614153543305,-0.404979935002273,-0.2464205868344693,0.2200401666540392,-0.3760688077781186,-0.3618343094191579,1.180803060566231,1.0702297747470308,-0.7161819448346594,0.2404773898915777,-0.2528193153278409,1.1612752444532484,-0.7361285703771391,-0.0258246090050764,-0.1753432749643035,1.1328067835867974,0.0126760066008091,0.5391942979587996,2.5883293103328744,-0.813906375857707,-1.102218712638095,-0.745295780620337,-1.7616726559015945,-0.8942380897467865,1216.33,0,Genuine
64291,-0.3797573399802421,-0.162879577459441,-1.3630783448976935,-1.5298329082032702,-0.6058684461632928,0.321152000176856,-0.2352299939312883,0.1808526093225629,-0.0786652328625402,-0.6029343603960319,-0.1408821696543797,-0.6485168659641393,0.5942653450095493,-0.596426492207448,-1.179797609302473,-0.6023801616783214,-0.2154977774611009,0.9978276075922758,0.9128521115773586,-0.3571096001945089,1.305941399875711,-0.3708232173031573,-0.9973345762416956,0.6381267213737766,-0.6695764957126563,-1.777788874320386,-0.5093504037397679,1.442346884091492,267.18,0,Genuine
127600,-0.0876382578164775,0.7013241370487435,-0.6403976790586057,-0.2005978149309315,0.2026641644634616,0.9395973718718656,-2.2168215039038417,-0.591040671314955,0.950150030210835,-1.9947793578899733,0.5597047755339797,-1.2323929210609432,-0.7384784270258196,1.3362272496246066,-0.1334940800678448,-0.0859215268478119,0.3323394028343585,-1.7570954359695912,0.8866433596329234,-1.5820830369400054,-0.2656038502195165,1.2856399186701566,-0.1890280911115461,-0.8863715971700209,-1.563840559819298,-2.416279226998941,-0.4794118206523216,1.1086201776836802,1652.57,1,Fraud
50428,0.1527178992198285,0.0669818078187328,-0.8172954608806424,0.5350451917039986,0.2402024285639563,-1.537953927072501,-0.8482327701681013,0.394228392518798,0.6033909931799872,0.0827225385044178,1.427306777825868,-0.8030637167384439,-0.316009375487394,0.2207966869447004,-0.9696813659468672,-0.1166483219710456,0.9869916824665322,0.3456479372200812,-0.4869896217076222,-0.5136766243494293,-0.421161573039678,1.3626225597493196,-0.2136432396380992,-0.994463589940582,-0.9236162993326992,-1.4237832938675172,-1.3445343016926483,1.4185399725468226,438.26,1,Fraud
131374,0.5881999349718571,0.7223879283281669,-0.7652223660046927,1.0389367614364335,-0.7040876355923733,-0.827326801649099,-0.3539037550130431,-0.1786471976780546,-0.9252274374790532,-0.0252516242988677,-1.081009605613,0.1314102633944634,1.2747676952781029,-2.141135715969906,-0.2818785284450535,0.7146527715377919,-0.9115170289562126,-1.2604937767192723,0.1961057353986565,2.183266298865853,1.2428340025434943,-0.1740875368775963,-0.1038140971574001,0.2387333414028472,-1.0351016922204548,1.1410891811476669,-0.07238564451589,1.3185368772650403,2899.13,1,Fraud
131127,0.5086682495871356,-0.8945326891363886,0.0062845248918732,0.5305025741679322,-0.6257906937796218,1.64816482457069,0.1761049760309078,-0.5926633006550066,0.4340516364110974,0.1808512144201237,-0.5275176378831479,1.02795154982348,0.4329535655285856,0.4599815948071012,-0.8712474741467668,-0.4066418188640996,-0.1772012399260112,0.1627132547917976,1.5104959308225556,1.644233256987851,-1.4137336472605744,-0.8703885676497203,1.4248297871714752,-0.2309947061564428,0.8815295187757822,0.0751409287569582,-0.3482359100475208,-1.4275207376363754,2518.84,0,Genuine
111317,-2.431713571262148,1.4244620131326349,-2.4341763858425924,0.8358210687248578,-0.9815679945563984,-0.2248286633363953,1.259581244452227,-0.4954788309389938,0.1674481106643085,-0.0845755573480167,1.3240823698785953,0.3104156445865647,-1.1788275891650584,-0.2643206916693096,-0.3898711328862813,-0.3221597329408048,-1.005081770186085,0.7264439331791974,0.3265332014753263,0.4280897092476408,-0.8040285384860617,-1.862222669898852,0.4377301740147697,1.1225231425531164,-1.620557851583948,-0.4801466063822151,-0.7259328111003073,-0.3518026201876599,3962.35,0,Genuine
139789,-0.0973081887720267,0.6976233707324383,-1.5102302454168977,1.0453114301039597,1.1411711838537957,0.998670116760872,2.0375456248289514,0.9493506893519428,-0.9117334276366604,-0.4598609409881913,-1.121062781340438,-0.1532816793668911,0.4080358175759209,-0.1639450880971419,-1.4853259317756369,0.1905772897277514,-0.4444427910126572,0.5518737051862475,-0.8221722245595566,-0.4316082077200261,-0.7656057655138363,0.225210485256727,-0.8314059309951105,0.370933746134959,2.225873994641135,-1.0395939677916228,-0.8573760790322829,0.3109711392411427,1338.9,0,Genuine
127449,-1.5094219134067626,0.6462973694035725,-0.1110188736071547,-0.3393770062981106,-0.8347751792933896,-0.4534684406463454,0.272267098802573,-0.4654279932595579,-1.3904769934405894,-0.5172722003520555,-0.4937803504823667,-1.0322113999864002,1.239073207631966,0.9936909520929552,-0.693313766011662,0.8466506885827534,1.000504177131177,1.3403885237138469,-1.1224810167243289,-0.0912791141563885,0.6942148211322533,-2.1326291578480623,0.1090356576219547,3.402737652127908,-0.3217595677027829,1.26106286519449,0.1657795983712416,-0.9511839754506622,1858.27,0,Genuine
28699,-0.2757272524673258,-1.117669927011994,0.1212546831039316,-0.1479393019075898,-0.4647942039182838,-0.0950596054868417,0.2056093121429656,0.2611253365061431,-1.931383664942688,-0.5001760291599592,-1.6003554996424103,0.705331331566252,0.1715380625164287,0.0885716178144917,0.4055131193217209,1.1630857119482336,-0.5365266011739941,0.2507306631465518,-1.4713185122935128,1.714699376148583,-1.6040566765828626,-0.0850430119101515,0.6632128100602828,-1.090704762427377,1.3471211823426277,-0.6416807877744444,-0.7781720273436903,-0.6301626530611604,3445.06,0,Genuine
73686,-0.1237895878109199,1.699632416644247,-0.2334327986438955,1.2871677931498755,-0.4932529165239523,1.7852568660765002,-0.4903517675118684,-1.2824002643804635,-0.2944240848305464,-0.988689718846925,1.363363350073559,0.9636226357893164,0.8717985314835976,1.7123423249776764,0.6579379074831078,-0.3189724853032056,-0.0959952661892594,0.5135820770389661,-2.0477499937897936,0.2099909652569986,1.2336170115795395,-0.5609601035284333,0.5208231859859894,-1.5289776810356774,-0.9641762689812358,-0.8451047474276075,1.6443976895588408,0.6405760641306666,4964.73,0,Genuine
67661,0.976148358084709,-0.0137160993662682,-0.040794489784961,-1.2101570242306874,-1.6059572475153914,0.4375122422980228,-1.71510014332287,1.11530499839226,-0.0540066027475302,-0.833804612387308,-0.5812465635807735,0.2982836065263889,-0.517010240183789,0.1055931381510406,0.4409441871940738,-0.4908947360661492,-1.236793539871822,0.5485539625926623,-0.4840799087692512,-0.3805053162493534,-0.0266113885601647,0.5580614032508999,1.2221821165051534,1.3757508507116678,0.7781509984659537,-1.891852494272211,-0.1836509717975294,0.5993478753573531,4520.94,0,Genuine
44247,-0.0301154671000995,0.7280488624298411,-0.4091166136552513,0.4291328615222949,-0.8634153048178157,-0.3448477669309986,-0.6057865262052162,-0.5829942741584911,0.5045780561876572,-0.9719136797303582,0.3511604670471158,-1.052318623989515,0.2598783464820215,-0.4666170109592113,-0.3759823210046065,-0.146259018108199,-0.5611206198167704,-0.9697246020084842,-0.174563306275122,1.326249698507617,1.0457956872194072,-0.0136410740874019,0.0893893139714663,3.0666985000391374,-1.468444821812516,-2.23104026271502,0.9184143698500532,1.7608785350769458,2604.6,1,Fraud
147820,0.25921801834326,-0.3228244637466086,-0.0185046032296627,-0.7167088289170213,1.2281375992865382,-0.6833634608028478,-0.2055010797460228,0.4002894967438871,0.8204786195830969,0.5734104938952346,0.6759803242439603,0.8087091296855378,-1.5767642925794465,-1.8132879476243773,0.1248225854178323,1.3350432139975243,-1.5483683034347036,-0.1274787372036432,-0.9763272474293824,-1.9476751311081515,1.2408250689632854,-0.5663451767970047,0.7995963769720559,-0.2232872735491826,-1.4740485553079432,0.461383334918575,-1.1455376250576377,-0.7212364599263147,3390.06,0,Genuine
105113,0.7930563806574291,0.2608890646820971,0.434142220262216,1.1002616032309696,-1.209287841790728,-0.5918753924132033,0.975394420665162,-0.2515681280030968,-0.4138588431093546,0.3061025704580122,-0.8032368704160956,1.2272447425947532,0.6297322796636441,-0.7178699479518562,1.9439668237751293,0.7782916252584764,0.2787324271991807,-2.458988354009473,-0.6842343007625413,-1.0045613280149357,-0.7855993836813628,0.8490700227692667,-0.1423466776072859,-0.3181871543277769,1.094493352525443,1.6863272915612428,-0.1621364429671814,-0.930021766858768,2660.08,0,Genuine
4621,1.2277522598193,0.2971273521194043,0.4271337286876606,-0.0179354805751396,-0.9636423018263676,1.241560030737091,0.5195145315819467,0.3888341577924584,-0.083071347040867,0.0271338481818371,-1.904000081696846,1.5330168719778,0.3601305894751312,-0.3222451209691603,-0.7207480823478093,-0.4797628158046786,0.3680935057857506,0.3768808183709525,-0.9540652522851312,-0.8049516192992897,0.0183376887999396,-1.0912973033564246,-0.6467607014530672,0.127284332793701,-0.1219253450490201,0.2964096585676472,-0.9531661506683664,2.098144666182038,2174.59,0,Genuine
146106,-0.1230139233569104,-2.819930932003421,-0.6889584114584957,0.0075939353781238,-1.3325457737792592,0.7654983086389202,0.2215452239010602,0.4434402203646929,-0.75872232098603,1.94226521085992,-0.219464097344764,-0.4376970057257168,-1.2902657212373323,1.466288172339236,1.6049207926576357,-1.6140461250556144,0.3368891109192795,-2.751579723988069,-1.5799231099948907,1.0016260093767615,-0.2280720990581697,0.5630759715551104,-1.141367920533147,-0.8526085017154251,-0.198221679898318,0.2831685445985145,0.426073269397624,-0.2457271624183406,3011.89,0,Genuine
136198,0.0941794416804088,0.5824481246548311,0.91509473958295,1.7288798873966862,-0.0906115602312608,-1.1486766320735913,-0.5808000934892528,-0.1446632602101045,0.0872384208061569,-0.9256953099444264,-0.2358277632457291,0.4363048558011988,1.5208792618404643,-0.4605543307129097,-1.44385946610564,1.1069688676749152,0.4011023688025716,0.8490958611073657,-0.1698742158512347,-0.5607808194820103,-0.0654452996227241,2.062175936096301,1.5664861524523264,-1.9450497296673928,-1.0032811989005077,1.7964144998092373,-0.0624402216362375,-1.9001666958962349,1933.11,0,Genuine
136194,0.0100233022422537,1.9653414617220848,0.1571086945033195,-1.0760427794486462,1.8854767212662904,0.0871785568707032,-1.982116749044131,-1.8659645482942693,0.9685086816382776,1.1187768152532964,-0.0605034785973774,-0.5345317580225847,0.5711343550209125,1.642011993640754,-1.7088374725214388,1.2192501357751826,0.3387133075023523,1.6533115691389368,0.6686910614492145,-1.7730280766388355,-0.5695996571473055,0.9655716151180926,-1.508842591059522,0.2428729287019962,-0.8712335122588251,0.5008460868626801,1.9785875063668408,0.3996498949196314,1401.66,0,Genuine
18030,-0.5425989644310762,0.539780258991957,1.2322139563397692,0.215819473218603,-0.1326942215270716,-0.0668164718060056,-1.9217560487326544,1.0910151094082408,0.101142841445815,-0.2600301744877712,-0.0549829922943656,-0.922361435778424,-0.6926746180864651,-1.1483100513690894,-0.1472815253796449,-1.1109169902967395,-1.526289431055192,0.4987267762817868,-0.5099742045747915,-0.6921828979965163,1.1141656488757437,-0.4054439105026249,0.2540459313552056,0.0095602537513026,-1.5960115309724705,-0.0077466825541204,-0.3783439371454372,-1.0750033993093993,3528.66,1,Fraud
82838,-0.7691152234423897,-0.9577082488897382,1.4328724312670815,-0.1801261310978209,0.0667621253543897,0.3160927695682939,-1.6637364669420118,-0.1399026623008355,1.1633254000085318,0.1571646849402645,-0.4987728423331786,1.5832041782833297,0.6561275961627581,-0.7724680266194729,-0.0374483650896956,-0.4452023505372793,-0.7877851466913498,0.653076260337127,1.136101363446394,-0.4709555677082452,-0.186060898702018,-1.0183236417058148,0.409643688488542,-1.383561243021788,-0.5233064217405481,0.5594891253174787,-1.7603524726351498,-0.3862768028562832,4360.0,0,Genuine
84717,-2.2718859164259357,0.649961566153887,-1.442726721373246,0.5324113160430312,-0.7954472358669886,-0.60357111914137,-0.2920066762047177,0.368006007174066,0.951781660323624,0.6711362314607829,-0.5375373018473193,0.5645671946772005,-0.984435333774174,1.1269769873497977,-1.1306313665012095,0.876521805261135,-2.2437317598993043,1.2048719921983837,0.1531327512855554,-0.0674943593698919,-0.334130409537451,0.9346594682266276,-0.9806879385527923,-0.6172572357549454,0.2562249789453508,0.9028853783508244,-0.0596700988698378,-1.4176430342947244,1440.83,0,Genuine
38638,-1.0766609345243296,1.059480530173339,-0.8590275388687091,1.9293307866889464,-0.0616180447922724,1.0978056116494237,0.9940444377179896,0.6917186899082688,1.45769783531325,-0.4775365376919456,0.2977035288147863,1.292747631644329,-0.8461376446302264,-0.5951220210072045,-0.3291131216745164,0.3857994177775936,-0.4635744467666078,-0.4348323354172935,0.8930094857783233,0.1282328417473309,1.1235467439520697,-1.224310480011419,0.9009505371781112,-1.4062857108139792,0.07923109543294,0.5094826494909632,0.1978284722796691,1.1114738511866382,3534.75,0,Genuine
67067,-1.7786308332098035,0.512466516190387,0.8135480399705504,-0.6052415099251824,1.2290503063476157,-0.001339277286025,0.9670655699608834,-0.4571741471430292,0.1292324320270766,-1.0566978381736165,-0.8238573900296764,-1.2248250900709925,-0.9792313201564332,1.0992286456937617,0.4026183980091269,-1.994312936738344,-0.8707316427304579,-1.2724942216534036,0.0316953670824312,0.9676736557067568,0.8361723788912424,0.0060147622797577,-1.3504789557855998,0.3715174330600275,0.0897622251186636,-0.4856119570607066,-0.6263276960931999,0.408210654334905,2170.66,0,Genuine
118033,1.2551984844532522,-0.0741271064300438,-1.6648924201289474,-1.1973977123540451,0.1429093876381736,0.3734365175854093,0.7937157620774362,0.5171354566044623,-0.5324301748574725,-0.8917758310250058,-0.0953234480903181,0.2884190749090337,-1.0081018033799554,-0.8263015170894239,-0.9748676758069896,-1.128035422308663,-0.0386881286889709,-0.085987360153858,0.6711823150838129,-0.312032862747357,0.2875453419044972,0.7245089183941045,-0.5796846831843114,-0.0268985671930918,-2.0530286022061164,0.4065067234140899,-0.7540783939350919,-1.289687037051507,1511.12,1,Fraud
105977,0.1884160082974283,-0.2421492258239307,1.4201769626933731,-0.8093274256820062,2.131770082062164,-0.7846902241143158,-0.5150954835180395,-0.7476020941242406,0.6212335227559568,-2.106283817033566,-0.562958731409473,0.508299066149807,0.4376128442011739,-0.7260901581591734,1.015912117110515,0.5816220130799076,2.459462648083638,-0.7629248522164501,-1.4109260054552302,-0.58275634816435,-0.3923875799007401,-1.008950824401092,0.9646904208061834,0.1620340962505183,0.1967242349884632,-0.6929546983282808,-1.197521322170371,0.1983481815619336,3105.93,0,Genuine
88869,-0.1259389729468336,-0.246309755366807,-0.3438821948126626,-0.2328180822209189,1.2594797123056911,-0.7343131376705622,1.14426316611711,0.387542856478548,-0.3729029968515096,0.6067961573212856,0.2956052436432475,-0.8321786228646274,0.0945245498120807,0.6418489339569671,1.1251618740143323,0.2492081913808838,0.7822774791954645,0.0767620253481818,0.8424600541142829,0.0466966309993637,1.4646106844834137,-1.0641332631054787,-1.300761528758659,0.5198460798694718,-0.3188342203022607,-0.0310183520136239,0.4814763622356322,0.6710960480373963,4697.13,0,Genuine
105186,-0.7174851860810817,0.6977769010112126,0.5750330351090183,0.0642308337033269,-0.086316345444933,2.6575111092669004,-0.9310705762898436,0.0197027634778709,0.5898516393246427,0.5827396266601188,1.1085762803182715,1.487838466025201,0.7482212191692428,-0.8123013486825326,1.2450516865336716,0.6660104939049428,1.5295794510343734,0.2547380630175015,0.0065027451093632,0.2426489228818977,-1.0568492542191252,-1.3178705610925152,0.8169799185720482,1.0962249719098525,-0.7859908124361162,0.3972620618739583,0.5915689004907176,-0.2116559493689703,1759.11,0,Genuine
34674,0.0297792632346238,-1.4071239950596282,-0.1163906628607763,0.1145287957865823,-0.1057878755921152,1.800079952426683,0.8533934388588761,-0.4224951435004567,-0.662803306883641,1.583650556092384,1.14937777311902,-0.2455201175545691,-2.819685876696228,-0.2744043455851198,-0.907899955805458,0.7805672808206302,0.8214150705466258,-0.4782180022203091,1.097925715235262,-0.6013298774177518,1.072383160917197,1.5944909067223365,1.1157832858611254,0.1779949271780365,-1.2351239711178157,1.8388116620660824,2.4315586390941646,1.6553804598515889,3797.64,1,Fraud
166926,-0.8479798776553341,-0.3718731608554065,-1.392389527783687,1.8026609511754337,1.6309231376236313,-0.0696811628829118,-1.6745763197880554,0.0469921703129981,-0.8284058519642044,0.4149289090687095,1.289290872537674,0.4536352921174919,-0.3915393978329795,0.394778625689483,-0.7778666927433439,0.241707742598688,-0.1000750275409533,-0.7137189653740464,-0.2522473533083565,-1.7030154111321496,0.6264530828049382,1.6985080740896696,1.073123779106873,0.6151768995661464,0.663946732246896,0.4386810546637772,-0.1668415156034746,1.0414906937751771,1574.18,0,Genuine
46271,0.1740185566206036,1.5956098230109483,1.0555446021319752,1.6248390446548415,0.137325575855229,1.5330039507269395,-1.1771122438872184,-1.055193473396152,1.216445983497484,0.6552247474263606,-0.3340927753421187,-0.5502583826516672,-0.3774047459230512,-0.2526057291573542,-0.1728730753797251,0.4203784290865348,-0.0097002370653454,-2.1541315939199697,1.741696652018892,-0.4898990033891621,-1.266403158172333,1.6836181802116,0.3743763519961418,1.8190538400374932,-2.1260957758992154,0.0164094367198389,0.1527046628568913,-0.4818115091508061,4019.54,1,Fraud
73688,0.2457339829213534,1.634195266577176,2.75072303053733,1.3029464890669604,1.4089215602717229,1.2127375142624297,1.6526150609705634,0.3090399276738974,-1.012574430814321,-0.0815463558693569,-0.2500469918311598,-1.194407517857041,0.0526342891688536,-0.5625784026497836,-0.2722425174560386,-0.5695871087924915,0.8645852439183085,-0.1688158375822194,0.533710058276787,0.807435790029284,0.0739051796801042,1.8174192906003104,-0.8385472843785045,0.96655227072645,-1.2333855923556705,-0.4004625294463756,-0.2417806963472467,-0.2267034563614652,3800.16,1,Fraud
169590,-0.8613837023567438,-1.478147087801662,-0.5150082763556918,2.514438636617342,2.002907340126667,-0.6252110290491393,-0.2038346138292043,0.4128220790228186,1.022247778776032,0.4648792208160445,-1.2689523134581844,0.9130600941843164,0.0267717385823366,-1.20722790597933,-0.325690582822322,0.1142449148380255,0.2483509978696359,-0.4368470438569179,-0.9052645394678434,-0.078814916769894,-1.3207442826209042,-0.6330350571616951,-0.990231731375718,0.2182264228151419,0.1471318737577817,-0.584006880542355,2.706921225195185,-1.2366196098973534,3828.4,0,Genuine
111076,-0.8804619648224059,-1.1314136112636088,-0.3223585508452425,0.8240984566626314,-0.2042193678241092,-0.7249332014021351,-0.6809698594164493,0.3456401399041142,0.5860309701594453,1.0895929336599202,-0.3425490278322592,0.3790710474043572,0.2280852948094057,1.4493286079516834,0.7557580469578429,0.3134650014098618,-0.2879608015250763,-0.3659383305482671,1.1281251307292286,1.24385100961046,-0.3479014429267968,-1.812664816396706,-0.5033735691511264,0.1567397766285163,-0.5140979271380698,-0.3867448706541245,0.6177530604948442,-1.696628404599946,4988.54,0,Genuine
141339,0.9621993545951174,-0.2706205795279368,-2.6490995432670594,1.10835508351264,0.3519553659350156,0.6686766253513171,1.1027587086656538,1.5021708275409826,0.0942975675587679,0.1814722168586413,-0.3068378239478644,0.2372516871197892,0.0888146662043377,1.6361122418152751,0.6116710609778637,1.705956890242727,1.4264654354738344,0.7316355115579489,-1.0578492683470586,0.5025547429584104,0.2801592881091928,1.7032476078890804,-3.0655790902233364,-0.8292054592500906,0.3781962218842857,0.0402052225254171,0.0022269724528185,-0.8703517101431126,703.45,0,Genuine
1062,-0.0528599542913003,0.8925895171143521,1.351502903456121,0.8047705218937661,0.9800041845663794,0.2600606381128221,1.217371623557272,-0.094973714105016,-1.89264485243463,-0.5212315578387503,-0.617147635619446,-0.2781686550979441,-0.4587975071447044,0.3293356628720912,-0.8745649977005273,-0.8245859718761545,0.4447302658475288,1.965275392415032,-1.1137730534524757,-0.5279209398222526,-1.014303509818502,0.9291771683193149,0.0232140599170635,-0.6464393632195424,0.0963680351362224,0.9158323963791996,2.102828745377708,-0.7027542218713088,1944.81,1,Fraud
50448,-0.7810204292648907,-1.8274743540529903,0.9117653228420028,0.6409053137937868,0.7675000390225197,-0.4020046163387203,-0.4332808080992226,-0.0261226721279047,1.4856591218474382,-0.2202262345615215,-0.6217931434227345,0.3518296433196022,-0.3995462576866029,-0.2321171489463939,-1.1411629658071858,0.7238463732552615,-1.4251709791337108,-0.3568793890912158,1.28876686695801,1.4690387156299618,-2.347779707670473,0.8487766346686767,-0.1151228600229658,-0.098656514516931,-0.6792231117263853,-1.2743427732544377,-0.0595034390109564,1.3264743785663735,3154.43,1,Fraud
95462,-0.370506301689519,-0.0548086349174779,-1.7333838620549142,0.3943965241828416,0.7604907329205013,0.7212265437487376,0.2784634529421369,-1.1702694011216996,-0.9348396685724116,0.7518636032335019,-1.6976981901788368,1.2662374376224166,-0.0528191969789948,-0.1771717590278007,-1.2390729728701295,-0.1155555538667747,-0.180369243258552,0.3860532891742901,0.3354522504986103,-0.8690545317277285,-0.1277536964618098,-1.040021148660708,0.0758855077214919,-0.353595706657799,-1.6927978605191554,0.766109635102123,3.542095013430132,-1.374754634935393,2952.79,0,Genuine
137301,-1.0105940867066072,-0.474179156579645,-2.0648854620468864,-0.3968570449153205,-1.3334738271777349,-1.4424829255929468,0.1369074254071434,1.572469491542905,0.953153621879175,-0.4912634062758307,-1.3419125957223974,-0.6838095391391514,0.5046433208860771,0.8321929081361997,-0.8790580919982898,0.7446911619722729,0.0502376885261045,0.2540390664624276,0.0723920635046356,-1.6751580566523092,0.2145561428492511,0.09705098582278,-0.2402138850277574,1.8854776770527335,0.7531486642778843,-0.5652485758162297,1.6638911585134366,0.0973497961063009,3903.38,0,Genuine
47915,-0.0671835806619168,1.3259646742852336,-1.9492312831652647,-1.2467782478378646,-0.8484167281617991,0.1150015278524572,-2.8271014407300004,-1.498143395134507,-0.6909408015438936,0.8890663261711518,0.0445435875787465,0.5602726599888912,0.0850978973151685,1.031782025643939,0.8458896402330285,-0.120367414325705,-0.4043688182176844,1.1346498644306042,-0.5039473612613552,0.3440779983907016,-0.3769754831760177,0.1592670225658032,0.1766936834264988,0.3728592473118383,-0.1729035153190694,-0.701043832696888,-0.0211640998959575,0.2145121357619051,235.5,0,Genuine
4632,0.8316283076644685,-1.6769084739692544,0.6451691253728182,-0.1306539689621132,-0.4952670209411876,-1.238923653562756,-1.3958600787637274,0.2285636066998775,-0.7711632127184833,1.9085978716906984,0.0820733062797299,0.2024902510090595,-0.7851849003734418,-0.5401528548523482,0.1433289716725983,1.1774051445298053,-0.3851604723638734,-0.911777974174617,0.8316997869938748,-0.7838748212635207,-0.0153894572361772,-0.0631382462365114,0.0792682772432885,0.2905675786748366,-1.3153387311642712,0.5107040955387433,0.5126144095488302,-0.7071249360096715,3525.55,1,Fraud
104592,-0.0276706675942613,0.0925406154936223,0.7449914196140822,0.5657736996720634,1.214420803468676,-1.2059913435250629,0.9422544141820768,-0.6147810737085848,0.6686161119129306,0.901462134831806,0.4830558694958006,-0.1844145736959379,-0.8381263159792453,1.0746081737332354,0.9258491707105488,-0.7425446775251692,-0.4172807295696773,-0.9412916705372828,-0.2717459090643007,-0.0566767787577899,-0.1796147534104265,-0.8502623180247028,-1.460083496791978,1.1731774238148989,-2.099332523641107,-0.3750849249662754,0.1269051490721429,1.0194978806664936,3688.88,0,Genuine
134668,2.3636334436753845,-0.3936094373485937,-0.9233339443687882,0.07226190097399,-1.235374907126886,-0.7067647896524065,-0.8326042490427499,0.0623166126746391,0.5384650367777315,0.7471359032087463,-0.2588944702176533,-1.6455566394986074,0.5098955592521612,0.6150889841493643,-1.7000194855636783,0.1422159350239906,-1.784705375076998,-0.8247784593688599,0.2016372940316361,-1.0719759253298915,-1.0176673797632203,-1.9009173320520731,0.2799544984340452,0.1830602842605043,0.3325344014241791,0.4764316540874428,0.7540510018151044,-0.3125694449672199,306.44,0,Genuine
109779,0.4213595680490015,1.469798926277288,0.4992600313827984,-1.065335694119256,1.5232267071788392,0.3632872763439885,0.5298378960650637,-1.3080592721265918,-1.1450975471936922,0.3476322610575045,0.0116542378324969,-0.0119925135558385,0.7573927118991367,1.0572237417686166,0.2733911039852899,0.4393709748795302,-1.9625334827129568,-2.2675089465970277,-1.1272419983878157,0.0045407049113178,1.947118016395175,-0.7526641582372188,-0.0210887738860963,-0.2758487613966442,-0.6353381330618096,0.3881015236009353,-0.5795969269609478,-0.5926574536609818,2693.87,0,Genuine
137240,0.2299544478422123,0.5976526463532497,0.1588771209911524,-0.1658830499833782,0.779834114078683,-0.6752370088846306,0.2630404513455334,0.8916634697708784,1.436759120537793,-0.7768694835821801,1.2505095490647982,0.6726885246086608,1.0710142364406374,-1.6017769450743702,0.2605911451400596,-0.6813219287116001,-0.6533932610533676,-0.0460049245917485,-0.0576707071845541,0.484795482095645,0.3169875511758932,-2.8714659884773144,-1.7258147220848292,0.2583316418641071,-1.1456255187726918,0.8057875295983076,2.096788683092872,1.6423233446725238,1225.72,0,Genuine
108099,-0.9083021309658056,-0.5858156592577347,-0.3672697068542186,-0.2180028085831379,1.154230224722774,-1.2181086079503818,1.2154327701278818,-0.95517959829954,-0.2060456653760733,-0.8675819660364124,-0.052900823796497,0.3239724190749077,-0.4909260806679953,-0.4192034701489757,1.2003183082002695,0.3046459123410643,-0.4004967380260508,-1.0526486899894063,0.1752523074148996,0.6325786660440008,-0.4258298196131014,-0.4128785987961262,0.8948256264602157,0.4064875112485481,1.178071131383931,1.318401165281032,-0.6527225939509046,-0.8419640169449951,4008.33,0,Genuine
7561,-0.2385334468426667,0.8533864433290823,0.9701968266853,-0.06235464196878,-0.9295330772449988,0.4772492026769466,-1.3637914884078566,1.1662531130994866,0.0689286670393594,-0.8776223901494906,-0.6320691471407719,-1.4386739973910116,-1.8776836036403093,-0.1729014168980767,-0.4090924421564909,1.0069215058454204,-1.3392955416154029,0.2511776923047638,0.5343136232107373,-1.1382772511627042,-0.8247839900402458,-0.6149983168653317,-0.2982936881848298,1.400179224402594,-1.8749646452952256,-1.7200136742159224,0.2546981850365038,0.7784789880039477,249.02,1,Fraud
82152,-0.7790138430336923,-0.3888288533085737,-1.2049356012280386,0.4909153489266592,0.0723023626901302,1.492747044441036,0.3942058409612521,-0.92761045185629,-0.2970776239662795,0.5547320688485579,-1.1909479040577826,1.247055147453663,0.3816447954409669,-0.4689536964118154,-0.4798254371302258,-0.0671186212628514,-1.024227725636177,-2.392412094452823,0.3377809055600678,-1.354121366772979,-0.3975644529564495,-1.1677256415391817,0.6356303983311642,-1.357458264821183,-0.2497876187141788,0.2044397956933782,0.3673425436776644,-0.5677554867934005,731.67,0,Genuine
125036,-2.165645228404124,0.9993297112397536,1.147539213593895,0.7062580369103023,0.2989427861313162,0.6388504342020124,-0.065414458135444,0.9752124191044056,-1.1027639110275498,-0.3894628872870704,0.7974798636184299,1.6479201652947455,-0.7156318512457902,1.917322994137406,1.50649957830526,0.7504850653734472,-0.2531293702050176,-0.057009133475801,-0.3335438604867894,0.3974824421531436,-0.3649601826044765,0.4008659353982515,-0.0442894356271639,-0.7392799467276642,0.7247134501482411,-0.7397617780400442,-0.3154172268109475,-1.2151905539363042,523.16,0,Genuine
124049,0.9742622221288076,-0.2370769908855782,-0.7285215540143527,-0.5000514509745525,0.2549670020226935,1.8017987245936464,-0.7897743406749475,-0.8309648763890146,0.735224461435071,-0.0289923919187003,-1.7033424033846836,-0.109497298981544,-0.1033703597213084,-0.4098676371168663,-0.1710132610428212,-0.6743004109129416,1.0310585464098811,-0.2561705486289123,0.2847236370862508,-0.3795731967524503,0.0381529446046709,-0.3433712840720215,-1.7802034212745474,-0.0729158593411343,0.4886088472739393,0.4180328773263704,-1.2891377442722045,-0.330429180141993,327.02,0,Genuine
26734,-0.5114505555502311,1.0546665787687632,1.7815366819670446,0.981121188012514,0.2956574008467175,1.409178393602588,-0.796796410279238,-0.6146097112651743,0.2895506950282054,0.4186564306528647,-0.8384186196881012,2.3110763408251427,0.1482298871890337,0.4683924202349281,0.1772707147062959,-1.0964464205415796,0.9652993647139012,-0.5449626250762457,0.9807123521208976,-0.5567626765788747,1.146206226844147,-0.2711549579569386,0.2505187397583959,0.937226832734422,-1.3034615572294237,-1.405543881786056,0.241023388175451,2.355753509178014,3000.77,0,Genuine
137443,-0.7604000743333061,0.4360819551272499,-1.0053060234814666,1.1316381196683123,-0.2765264803951116,-0.4874282125099355,0.2274808808256634,-0.00184608836412,-0.8050848444458094,-0.8404212882585693,0.4185793329364767,-0.8295501949021179,0.5536496640220862,0.1528399157242538,0.4762987123600796,0.6954755023984653,0.998819207248052,0.9982049813862418,-1.4840974094111163,-0.1175986088749881,-0.8045698479601014,1.390991375400429,0.4964074335236851,0.7872449364061692,1.3173322478918448,0.051021324383383,0.2477541590093048,-1.4437906206803306,4342.87,0,Genuine
26069,0.2105700339584648,3.260491080691424,-0.351572078600127,0.3203019330485454,0.1352070810636594,0.6321598193641104,0.6296701710517916,-0.8479267034837824,0.9441333299432592,-0.501923799627993,-1.9065531768508028,-1.2720989827697724,0.8931988471798203,-0.2902271976252409,-1.667757103705861,-0.5591855420076784,-1.0103245153785736,-0.8046088192413227,-0.1654759537824386,-0.1704065487598554,0.1777240579539724,-0.3210744421594378,1.1705447865833465,0.1083368608350462,1.4198761347984656,-1.882066688410328,-0.3288475184173985,-0.7004064453349106,2555.35,1,Fraud
12910,0.512499552221517,-0.0528960054160043,0.0585871375423531,0.6647502719530682,1.033563955065187,-0.0916307935551569,0.0635962825442947,-0.8773757845800412,0.054836941254006,0.322882801629237,-0.6143547878807106,-1.0148218023068818,1.1696348936454029,-0.7086402276059957,0.0411021357189282,-1.6767190345192453,-0.2222824478610535,0.3037316216673265,0.2087223075104621,0.3739527685788548,0.7996376730107474,0.4537641227494186,0.9189427010084874,1.019300446440367,1.0244177916768271,0.0434626460783713,-0.2894161579195796,1.2290894358703492,1053.7,1,Fraud
73479,-0.3207748329062787,0.3828622916214485,0.0523185478224832,0.9842314424619488,-1.1665123084408902,1.062099781198059,0.0947142518572786,-0.836341302998555,0.0763770166100696,-0.2908538691093362,0.1291675062957324,0.2451387716446011,1.319318518641633,2.0558485322012303,-1.245137677753266,-0.7602495394509514,1.2356430808164856,-0.6318306898959459,-0.9222632343673158,0.487511602162832,-0.6738474472350792,-1.0831217740093997,1.1983167895375542,-0.673874295883308,-0.8666693176130861,0.0055865239006519,0.1541861303896453,-0.9398168300123716,1719.64,0,Genuine
81264,-0.0026016676090183,-0.4794247417159312,0.4908285006180954,-1.0976446495794714,1.5470501189054031,-0.0918115572635707,-0.4984944040360237,0.3188555846059406,1.7765186910911406,-0.1974510315575956,-0.3833376542005875,-1.7783483111769829,0.1040464252715698,-0.2218723282821758,-0.0876293619715892,1.3475787477621644,-1.764691435168932,1.6590410231022497,0.9297168572814034,0.9838923976750268,-0.6795957669053525,0.2554329555806814,0.7363460536140051,1.883357591142344,-0.2253128975205406,-0.6725499721197706,1.2455014504805952,-0.6019227156425949,1802.47,0,Genuine
23275,0.746187407314403,0.0026853407547786,-1.2856824182466773,1.054731334981796,0.9818989563684476,-0.7886965092092666,-0.432185817049724,-0.0004493986822616,-1.6079997915169653,-1.0326550162967236,-0.9826889275282422,-0.3109128532091355,-1.6886427345686514,0.8755845824216522,-0.2945637560531509,1.0602667243781976,-0.4594487105318364,-0.1369596147063582,0.5995007859831479,-0.2582281181439892,-1.5091049097967737,-0.1025511214874011,-0.4916454769421514,-0.8356986068924279,1.2580673536052784,-0.3938754140712722,1.1746262869724908,0.1346679399270226,2258.73,1,Fraud
72274,-0.3601935946099476,-2.701835134149441,-0.0373124082466349,-0.7900608725979532,-0.9652018926833332,1.373405942350254,-0.7924703583578975,0.0526312278936453,-1.6212039095709512,-0.1839115173487333,-0.5934443248805781,2.934550333525188,-0.6095404688348365,-0.0096483329507888,-0.5063688792044759,-1.120420270059331,0.2221673409940052,0.6758079756761755,0.9981213406944724,0.9957719760979196,1.6812109395928263,0.0925525384867831,-0.468028011768486,-1.713898886043182,0.4441151179766874,-0.3698424658434753,0.4815787910976159,-0.2248568664983462,2103.27,0,Genuine
100776,0.302333741763334,0.465584016541032,0.1381317064027209,-0.6927016366283786,0.3838360434553216,0.3177955507233694,-0.5186016516950283,-0.3246328543608767,-1.3960050658404397,1.6521699778678494,0.8169843266540283,-1.50382440899974,1.4081260863513223,-0.4587216615831503,0.6266726835687076,-1.4616849537813734,-1.7051296469318793,0.6096915141436462,2.1596941823546474,0.5875174060732127,0.5079255532797956,-1.2248473221390392,0.988937881289266,0.6051760553669455,-0.6382025857266707,-1.549597483880965,-0.4287938913791593,0.5088603035795521,3356.09,1,Fraud
48447,-1.6592446183891505,1.3428742129494118,-0.5277382240281268,0.196289167814761,0.9014987761580446,-0.6635296713092314,0.5946755918349974,0.5486998998606691,0.3636332331615322,-0.4463525052009467,1.8313773907792428,-0.5471095095833044,0.1487595579481432,0.1082915774550985,0.0973968220748051,-0.4092357027054837,0.4288604903256335,1.1456287761715234,0.3301383990190209,0.8730241541760835,-0.5703806475999041,-1.129738595486536,-0.3883974717063638,-1.4332870705809797,-0.2127431787808932,-1.2964519882990655,-0.3400170214336983,-0.2627433440025613,1700.22,0,Genuine
165601,-1.2413189984277486,0.3966300045993543,0.4040586174594176,-2.1440401256746693,-1.2352933238856838,-0.4987263000738232,0.7064056244338486,1.0500580311206225,-0.3590435830002776,-1.1470108150440823,0.1394886815935981,-1.0360683000739026,2.1783746100234884,0.3081137166429908,-1.0609024667645228,1.040459255813926,1.5469930745796276,0.1460832591159483,-0.283169707876206,-1.10676929612575,-0.6136853668764732,-0.3461716198980938,0.5298359502667256,-0.5088954401106167,-1.5247648752266136,0.1881463242906009,-0.2437275561770646,0.0057766763154615,3315.16,0,Genuine
126394,0.6055397780804037,-1.3138614579773773,-1.346369913487781,0.1756203082257603,0.0419784333766009,-0.6699206444384841,-1.2758756158061375,0.5756170642012262,-0.2795464523939192,0.9581361576114048,-1.9882849798492024,-0.2848171342839662,-0.3789853971844439,-0.4695857181033815,-1.094843745226706,-0.1957336010363505,1.224584741589711,-1.3174608941870047,0.9385753664092114,-0.1030591627991888,-1.031382165059387,1.3306392010617096,1.709340138424591,-0.1431691003219911,1.1492053831737403,1.0681459401062938,-0.450248980231054,-0.1307313019103579,2734.32,0,Genuine
75703,-1.2935586391672984,-0.8017871527090011,-0.3264538890506835,0.9817809469558024,-0.0785153008350061,-1.0017474327097162,-0.8964366752815985,-0.2089715512493294,-0.9424164116166523,0.5233549318416266,0.5681022771105944,-0.3481571205594716,2.312863035674084,-0.7646206181649926,0.8401506581036433,-0.1874055847636662,-0.1777563263594149,0.4429817295068508,-0.5879632965708306,1.8952383179294292,0.1571003648901136,-1.4402610400224356,-0.6179198987317935,0.4148888789742967,-0.1019255385727866,0.7867476315242571,-1.101757037017688,-0.8176070612328912,243.5,0,Genuine
76090,0.2341375471132961,-2.4301921271562703,-0.753184124403666,-1.6459238464460166,-0.6455805425068946,-0.4775153422435507,-0.7103980236691914,-1.2207850836743253,1.665251273821698,0.2126184425176087,-0.3963835145556656,-0.6695612297329468,-0.001508385268992,0.4761740090044143,-0.0377785482055937,-0.6141328558236717,0.814395029478854,0.277138644765627,0.4641212136260332,-1.3711904425849266,-0.3421506291831774,1.6805137654654083,0.7283014104799544,1.0129341568997197,1.7429930891259289,-2.0289460137052475,-0.7795118424613046,-1.850159684643445,4598.44,0,Genuine
17260,-0.1469987821970727,0.978924006865424,-0.323430929549019,1.0890093245464512,0.0923568367640131,0.3730212137312065,-0.0640368617664157,-1.977080699684078,2.001017970072886,-1.3186419658325006,-1.095422852238453,-0.1563047603694794,-0.4197532816013393,0.1163672649697601,-1.424100849727766,-0.2715207567240169,-1.7163301304687766,-3.0361781069594023,1.036828257644124,1.79153713167835,-0.9173851782748772,-0.7065476940094543,-0.803036149885339,-1.3496886072173615,-1.825973452333088,1.2400178379609843,0.6023591030379507,1.9218894494400849,890.61,1,Fraud
112581,-0.3644672625202288,-1.0065132927095803,1.4470354599212032,-0.698787618527455,-0.6002865759627902,0.0640606701861799,-1.6831528060364036,-0.0648648503730946,0.898904562781537,-1.1766136831980702,-0.8002730514251644,0.6332055895515171,-0.7116665396094094,-0.6520578136538172,-0.4164957110594935,0.8474082354216742,0.278352856246933,-1.6719237733955967,0.8321913117705325,1.7472833230510456,-0.771737933507993,0.0830900803186555,0.5864028102718186,-1.1255229071414137,-0.9715056458572944,1.3010186229561822,-0.6420169722349656,-0.8284903421918803,2258.19,0,Genuine
3812,-0.8284627689677282,-0.0287085902122279,1.4664557261574005,0.2068617804928007,1.374307068970737,-0.4382169363821591,-0.8789070477383408,-1.9931914128915524,-1.5072856728444286,-1.5373188497970214,-0.7577898478218816,1.385345839801265,0.6598539770202814,-0.9384353447574062,-0.1574489292159837,0.0852575560014742,-0.3046743368548011,0.705941349751912,1.4073452560484,0.7319620644418298,0.7257176300621685,1.0026022091164148,1.6136930571147186,3.41352597929994,-0.0528072307775384,-0.7470006403363509,0.0360383557948882,-0.7686691872069105,4738.04,1,Fraud
159096,0.9093400181053756,-0.15373757232722,1.2704164605812205,-0.553574507005462,-0.6266443213274101,1.495507468797224,-1.3855815130220728,-0.1993053333355725,-0.4868968574892246,0.4315315011504474,-1.4108476027778465,-0.284425486113472,-1.4130539527866235,0.3492788347158777,-1.23392188846077,-0.2018629474329445,-0.1494350994261376,1.4203944947946792,-0.2732148554503442,-1.3467451666443608,-0.3814346760351237,-0.3556640026200465,1.338762658770403,-0.2111530752033657,2.2613511491408893,-0.7277419950083495,0.0010904667331891,0.1983956616813706,1237.42,0,Genuine
116148,1.7298911545198354,1.4877270356582666,-0.4622572800808514,0.5729184841290459,0.7919789400131583,-2.010633473879639,0.4004821342101162,1.402623198806571,0.8274611346197166,1.019868928501731,-0.0630687771063667,0.0057851610087195,-0.5497557299167256,-1.9180806648246596,-0.6369222382195563,0.6506897174858031,0.1038300275286682,-0.0826997531262614,0.7090557887894248,-0.2165821262241483,-1.2280545123722484,-0.2436172739468992,-0.3851016236806634,-1.643353224020283,0.0776777250896597,-0.5176785676212998,0.4589602723514049,-1.034415272652761,111.8,0,Genuine
158357,0.3001921626001944,0.0852813179657385,0.907618276800207,1.0249475561637635,-1.6553863876201644,0.3061359151557106,-0.0296749423322646,-1.1534700506312088,-0.045829347761381,0.4652676067721454,1.828146799309826,0.4632558283797106,-0.0525816821653797,-0.2605998286272611,0.9178545532451186,0.071593547835635,0.3876318620042402,0.8092319535875657,0.0928073532422712,0.792565803431603,0.0646793309373986,1.446520115422653,1.5737330683330315,-1.0085594686106494,-0.7597990518815706,0.3317440868702807,-0.6602600100000313,0.915740776677042,2450.76,0,Genuine
116421,0.3224907156728172,0.8088929201060098,0.1123621269258039,0.6470103643824976,-0.1618098038499612,-0.1427592548175936,-0.4625475254423696,-1.286106948013911,0.9022204455675816,1.9499023977166643,-1.0991910910028386,-1.2357784166304964,-2.2578367885420474,0.135088323550674,2.489628260386389,0.9502316923585492,-1.4520894811137397,0.1091599402439384,0.2532395644044264,-1.3258060328618753,-0.6862420832016443,1.096625279554353,-0.224755081884841,-0.5274337370958683,0.0177755172239478,-0.303455540315419,-3.3082294862591195,0.254610347232871,1120.43,0,Genuine
1605,-0.682330629857494,0.5464637641476624,0.0455897035030085,-0.0039811494937,0.0123111573513588,-0.9701812297964804,-1.0632772807680213,0.6369342294142225,1.2478153725783292,-0.4419036631654097,1.797347025157504,-0.1526510011619757,-0.0974358760012233,1.7376723829073266,0.3026622599332816,-0.6800125236415224,-0.980457257823248,0.0364074066402695,0.2532885075081088,0.6762317976394673,0.6460724843120506,0.7006307524354999,2.288475007571338,0.0049865036735502,-0.6758233365781535,0.3891145613580138,-0.6165044389954117,-0.2712351175824923,2910.56,0,Genuine
72303,-1.19609723182438,1.3594114199613994,-0.0773613476191691,-0.4758553365934251,-0.1942910506155306,0.3644543457877177,-0.4470964512891947,-2.805741419290195,1.907195726692202,-0.3236694413348375,0.2081166774761421,-0.5055304978126098,1.7204965238902798,0.010481159843245,-1.3548712136321346,0.2720698986360148,-0.2562613069910349,-0.1431787698961524,0.5389104462034271,0.1079893464834424,1.5069418825090708,-0.1459661707611561,0.0324211285965292,1.1925703698037655,0.9463172875401986,-1.3022901105669138,-0.9240797387512044,-0.4996758580042209,4085.72,0,Genuine
158211,-0.0397389048061745,-0.2391236945029587,1.7584178573791251,-0.069302029371113,-0.396318297195391,-0.2197482123611549,-0.5646921157579213,0.3818081403954498,-0.6548651586560266,0.1065618913948776,-0.0928972884560832,0.951932973758854,0.4319550304896558,-0.3011913574786208,-0.2176584152325228,0.8875716028000453,-1.7786611203604925,0.080722485204045,-0.0334235888958336,-0.5689963998455404,-1.9374479729936092,-0.0764085482294767,0.6628300916926325,1.633885679602175,0.8613444360172687,-1.0717560536431954,-2.100663897084256,-1.2004581744663776,2556.59,0,Genuine
76125,-0.973749647958076,1.869615330504517,1.3658386055564635,0.6559714649596418,-0.6675150253451224,1.2470734662138936,1.6346665525198718,1.4685092757274931,0.081284947031634,-0.2294984157433143,-0.3219599150661432,1.751825451985832,-0.658045654497332,0.284560851325541,0.122029918169093,1.5533704382919202,0.1372494028827333,0.3884056673968183,-1.4204411601518236,-1.1192152495740926,-0.7069407887117064,-1.072303705631792,0.6324367896887177,-0.8244742392407942,1.6102503986336525,-0.8755973042739535,-0.5533179028554335,0.3133314412432655,3225.5,0,Genuine
144990,-1.7726101283158218,-1.985662156399315,0.7448964184470974,0.6902663991729188,0.754540780014903,0.8680652424114664,0.9970197115817702,-0.87248490939501,-0.4407633117977652,0.4987109098498095,-0.8061441674653884,-0.7770625331630283,-0.4778753054268236,-0.7165407556907275,0.7863436506503719,-1.093651003944879,0.832718244943051,-0.4017153832496835,0.1542151830730163,1.4590500460209417,0.1385164487347321,-0.284133683844173,-1.0939197924832245,-0.5679761659570512,-1.6421528817823654,-0.8168454643967298,-0.6845861504533566,0.136197770705701,3331.1,0,Genuine
158518,0.8034458123655823,0.8574734980012358,-0.1703009655106265,0.5508265821761223,0.99945785509538,1.9061307363739857,-0.6907079259289202,-1.0442397471178837,-2.0007822399633985,-0.6396209389387216,0.2918526018345143,1.2799902301207575,0.3371454144725298,-0.2189362365982778,0.8099921391323499,-0.173721988667576,1.3921428262538251,1.2466998250160994,0.3617609787629536,0.7767756626976537,-0.0764527406504819,0.0673821164630384,1.376266209170593,0.1485068162984958,-1.8050659695960296,0.4273773172642722,-0.0274365430424784,-0.6460096629836325,4102.85,0,Genuine
124040,0.852166788251833,-0.8666196086641321,0.039560758254562,-1.2825775415570444,-0.0821608858566502,-0.4833179305139924,0.1651953409524569,0.59002329759953,0.7015877310571998,-1.3947243449424973,0.5219790471958081,-1.45837244314143,-0.5107471349188653,0.0293020281177806,1.364252790341775,-1.3159299323995737,0.0964196303442485,-1.0002052250849671,-0.0418666965163372,-0.1649452542094475,1.251851131899027,-0.033590950257678,0.2195440096248729,-0.7260352489829834,-0.2329179918021865,0.2457571019096048,0.5243557650685671,0.5240880779003685,3439.95,0,Genuine
144118,-0.8588387729530943,-0.4927495527799525,0.5305666045377343,-0.02302245843541,-1.0966375080216395,1.3965544897475155,0.9442086465859958,-1.1707437774262217,0.5634418012514096,-1.7893405789915842,-2.425142914308556,0.2006736846424722,0.468559799081942,0.6295123578669228,-0.0015507969811826,-0.969800841888838,1.8863850086499636,1.7011447651926654,0.4354836197852848,0.0348236056707671,-0.0193014753018262,0.2961000983251281,-0.5558990979939384,1.19282934013797,0.8158183517367985,0.6583469435982535,1.8745598823033995,1.58052926188012,4880.88,0,Genuine
155890,0.2439643212792442,0.5694142669010354,-0.5216089118540224,-0.6334289641971518,1.7939493313868278,-1.1658547680154212,-0.6910141872962882,0.8108187237344604,-0.5468261531053455,0.4805126237653721,2.5430383391676483,0.2599968095726426,-0.5389752085167775,-0.6730001902845336,0.017678501836877,0.0185161731928071,-0.0350437344197661,-0.2154915267482078,-0.1234804631013569,-0.2678283911336216,0.2043494300364834,1.1114744533434369,-0.7512936206879354,2.4667160215495385,1.0246351326235157,1.081652600865716,0.0931766914562551,0.0146993484920571,2281.6,0,Genuine
4324,1.0019522677917667,0.5614020498477428,0.938315715964504,0.6649290199058278,-0.8797974329078807,-0.110636499275579,-1.41711074097327,-1.0893099282488663,-1.5980554919288952,-0.5259111206094603,-1.810986365749455,-1.4839144438469456,-1.0242926855076562,-0.0057238309030113,-1.887936941591471,-2.026968765589633,-1.256788288513129,-0.0520344306250449,-0.2711425629216697,-1.8077192017126416,0.4308297705145958,-1.511366410034228,-0.6026932605315761,0.0213335579206092,0.2400696098765197,0.394362032494202,0.0301135187688296,-0.2472369883720066,252.24,1,Fraud
76323,0.2050266870618789,0.6064280136900714,-0.9212451114429066,-0.7649717533785967,-1.459422258483147,-0.4652470526342713,-1.7968585209326238,1.7684023353344187,-0.3841232590095003,-1.1695409804511758,-0.5223288027047861,-0.8284267815917814,1.1807954288096731,-1.7910155213588692,-1.0127791539205346,0.4193381132286831,-0.0559538610563571,-0.6276671413290702,1.3910869077868118,1.2884890830729645,-0.6808432890249392,-0.6332478680526952,-0.0769520147115068,0.3284278781737977,0.8140414760866385,-1.782243719964264,1.9978819949140767,-0.9606351099314684,1970.74,0,Genuine
9111,-1.1931546460987337,-1.386157944105238,0.3918436879974053,0.4520537580842248,-2.01262191651977,0.6024454129094089,1.2722669199146075,0.6623056457282293,0.7311266550111132,-0.6190590699992168,-2.558287859326429,-0.9257208454693112,0.7090397677030819,0.5166805191726473,-1.362251781235933,0.5571715835165172,-0.2056728719751432,0.4094222115444811,2.257039875342436,0.2188426938857302,0.5151969964165152,1.144444139546932,-1.067204179866183,-0.5859623928809357,1.5149860127901005,-0.4178528178910908,-1.269033364418327,-0.1590957767136803,4199.55,1,Fraud
169182,-0.2328934132370986,1.4490302312792402,-2.28971554979263,-0.2821877608145297,0.0994518969126604,0.5782757982435522,-0.1910623814699176,0.0380438101897993,1.3373328801144235,1.952531902595452,-0.2679092483655564,-1.3113992295100276,-1.8884294694310344,-0.2304400112068563,-0.8406415505229099,-0.0764128509530353,0.5161576366737535,-0.3766595718091725,0.8796109492051328,0.9543813304181674,0.4055752819663174,2.4662060826696988,-0.816384871740262,0.3357457027679202,-0.7877639046380631,-0.282911243182891,-1.203033198701325,-0.4193988642728855,666.21,0,Genuine
16389,1.3268094200419909,-0.9006471182276757,-0.55061852660213,-1.8790961832657411,-0.2174163855152364,-0.9006195932279715,0.291325232874699,1.7107549430923548,-0.7125786628673275,-1.1108933928361957,-0.4614638758575112,-2.666217910323733,-0.3368581742045516,1.88431684397651,-1.1518718817243467,-0.8403963390102837,0.2706260184251169,-0.4754252297159906,-0.5745668281452552,-0.4542297804737983,0.1031944360863474,-1.0737213396011045,-1.728156340322322,-1.0601765711994355,1.4671026546229853,0.2578598067276132,0.6022750783020787,-1.0465373524449046,3679.96,0,Genuine
122177,0.2470266436051129,-0.7672870902251991,2.0776771329194434,0.9309592858879976,1.030956649146339,0.6581921739844165,-0.5742373753190599,1.0315437078517016,1.1076963526575612,0.7271915303498016,-0.5116933677993495,-0.2072494482312761,1.0429391794869778,0.3513353510658065,-1.0841925089454727,-0.2439167157317326,0.1992744125175556,0.6129711219695407,0.2250024031515914,0.0921381901911171,-1.9177635997752935,-0.6253723633600957,-0.8092878158734153,-0.9491126547204574,1.4975738731936277,-0.94354849744337,1.315431686079081,0.4512453970333818,2678.77,0,Genuine
41427,0.5391321031828054,0.6378967381668287,1.0361914943919108,-0.0252872218639577,0.6110845634455472,-0.380489082843892,-1.2678989184896845,0.3686167769433107,0.6224709161887462,0.4210935714491499,0.3043336718937507,-0.0867738348072338,-0.1661406399308667,-0.8669915740396311,1.0892782336953146,2.116627833172658,0.9669101594052724,1.161177701059641,0.150049605882086,0.3199236000022836,-0.7610026638929437,-1.3086355935952332,1.3643760941972218,-1.816944257084271,-0.5519619488493829,1.4799825300868092,1.4320348170964812,0.2733981420925199,4503.43,0,Genuine
159818,0.3416292193691143,-0.2867211747612406,1.535468449934524,1.2759772957656916,0.2902012245850378,-0.816797359951694,-1.081300824839098,-1.8632199337384816,0.4132340807846682,1.341432818013138,-0.2438117226937288,-0.0946254726054101,-0.5805492717788093,-1.0936858622111891,-1.9235928572306336,-0.5203747801691304,-0.4299582716927317,-1.042105575754862,0.6707207093768993,1.0311580339858015,0.1857244062528383,-2.036543943424584,1.20126604321065,0.815922295267418,-0.9491510991271574,-0.401345723522808,-1.8045624609720283,0.076395661054278,3656.22,0,Genuine
122883,-0.8555113579782533,0.3082608405624918,-0.667307667354382,-1.6653090786776372,-0.2713671954627495,-0.0117813621423273,-1.341034792292609,-0.7014940410693866,-1.293552145743211,-0.1230928716141389,0.5384187994962697,0.7657061044638515,-0.2525441222150846,0.6616999312372618,-0.198351421522542,-0.7878637789878272,0.5387245203870492,0.8255782465935715,0.1881569946699163,1.7929964207377878,-0.0951216746893786,0.2744824052368654,0.270060359890899,1.388808594378245,0.7578427556043111,-0.330785250194997,-1.7755972556635669,-0.3622124312107195,3302.96,0,Genuine
131189,-0.6208452192826428,-2.156600696632788,0.1037728368004361,-0.2915213109174959,1.1099772721976666,-1.476844161362518,0.8499944144688751,1.0854095888705064,-1.2500954765732064,-1.5603443984306895,-1.237330746214175,-1.937831319559568,0.110917407994094,1.7964313337904207,0.8641572584678064,-2.3121337949384166,0.280866519204263,1.2478916704213383,0.6150468661427974,-0.3487514819512057,0.7489837502894441,0.5942435267942013,2.1063143319903967,1.0306409322150332,1.990661144817714,-0.1955708008625407,-0.1171101181466514,0.921437532196215,4434.5,0,Genuine
125808,0.3388651570517423,0.2843244495192314,1.2819922530943044,-0.2164044209598647,1.8673899017525328,0.9313063499887716,1.4925611583320504,-1.3001260432076007,-0.8307859631004115,0.9925453047807624,0.077383276834055,-0.3810501178791003,-0.1796357014884086,1.4901637571597408,-0.3014928889968671,1.0438824559233826,0.1139454506453041,-1.7649929661465893,1.788386586237914,-0.3476167794481286,0.7569747466525414,-0.2996288731749977,1.2148392129377994,0.0939071779108864,-0.8444617465517271,-0.5154861284336736,0.7089635836048787,-1.7503042938200533,4541.19,0,Genuine
112221,0.8168717800204081,0.2178318795122151,0.633094934705377,0.2702062912383115,1.0089791991299035,-0.0556208104417203,0.0372439624750225,-0.7657232733027048,-0.3263875179599722,-0.2498223151127896,-0.6316809501556481,2.559977905854436,-0.0826766768598752,-1.2126912475312772,1.3271084279189869,-1.2402084231196748,-0.0657048123054049,-0.8460739698188062,-1.843338406164519,-0.2457088108833181,0.3445910282805456,-0.2905554071225061,0.43470549931403,-0.3133270476275819,1.920323262218817,-1.7352238222291811,-0.3813413246902274,-1.7031059100601391,1925.2,0,Genuine
13234,1.0999049509178829,-0.5098585377642832,0.5085658773583194,-1.3251873041569993,-0.4635316308492099,-0.0337456217980404,-1.5177990932003989,-1.0220977875066108,1.8007460692361192,1.2744631298119515,-0.3703394465332275,0.8867559129627873,-0.1499397797674638,0.2032935029895015,-0.5995713693163707,0.0882183583025666,-1.271280543824251,1.2238315546679015,-0.5062697845869253,-0.596300646630139,0.7571281394081739,-0.1111082851566724,0.5435042807576438,-0.092736533555633,-0.9604754012186796,1.241084221920495,-1.1771309341994962,0.2254821614727465,4639.31,0,Genuine
53441,-0.8581055447681935,-2.074075959764789,1.6305819703300628,0.5440378567737789,0.7815655538821751,-0.0871666270865069,0.4965841908356083,0.4023568263212423,-0.6622351004005362,0.815968893311694,0.270348649180516,0.8924636692276957,-0.973618410764647,1.1270202590210483,1.750743240635172,2.1066789403697888,-0.2539126355993237,0.3731556005650646,0.9594153804548418,2.64646338640885,0.5000940631353671,-0.5686151943218787,0.0887920374252227,-1.019306448309108,-0.2199582383319786,-0.6347131898713403,-1.2732822629925449,1.2643834537458605,274.44,0,Genuine
846,0.4331205346771937,-0.2128082614816047,-1.040454965613928,1.9116624062810328,-0.4020897254672149,1.646850086691784,1.2649846649925427,0.9636118108628806,0.7712514142512116,0.9958695923806316,-0.5043057314108905,-1.0165944618827407,-1.0251595651505625,-1.341159712207476,-1.5686170899365988,0.3693163002122829,-0.1897938650324281,1.7092906706844475,-0.0442115137162227,-1.681588723095799,-0.526299748986279,-0.0435797837669258,-1.2593574918689523,0.9409140075625564,-1.1294571389794916,0.6298361624302277,1.0361462248062263,0.1205205998542056,3813.07,1,Fraud
10954,1.1870441117189765,-0.0373738597986129,-0.184238039445503,0.4745373464655318,-1.1050673158599744,1.5188776888298203,0.9716667674833938,0.9645989185912373,-0.464763238115337,2.368481709325381,-0.1051657340771801,-0.1959039043196482,-1.0899560261374062,1.0373672397641205,1.3289755868077573,0.3581884989204937,-0.7227246899561878,-0.1773095548716339,0.5927715473030464,2.6863977834830366,-0.005826106807666,1.3868930279881084,-0.2665072088879644,1.048410698434323,0.4307501768912138,-0.4253713307580757,1.0665514893532797,0.1270988780168536,1683.32,0,Genuine
79239,-0.9870817702880224,-0.367228990330495,-1.7540855626693543,0.0928724018235121,-0.8990390621219452,1.3507610933991867,-0.0291310484849939,-0.8528193960722639,0.4727073128693455,0.2819980448959579,-1.1542454106433848,-2.299860659597387,0.0914995104573895,-0.7027879458829225,-0.8942382883809976,-0.3257902441485935,-1.3578850114934842,-0.5260314607888524,-0.1898010588445186,0.6386715252601253,-1.098857012192546,-0.8273804434241772,-2.594594383595016,-1.0624653659987344,0.1356552909345557,-0.629128369562138,0.6305856201324518,-1.0472119216541094,2437.5,1,Fraud
46514,1.486747135799774,-1.8361744644324975,-1.0951060519356013,-1.3774574070253736,-0.3581784041377456,-0.085041644258838,-0.2344822366268825,0.3886585223686808,-0.0629811657878387,1.442855069811284,1.0955122303459124,0.585482307304182,0.5827655308685414,-0.2154729357626874,1.4448984241593803,0.3138109326375377,-0.5565247078975187,1.3613628187046156,1.560168596165591,-0.0825773759534865,1.4933940953192466,-0.2830423681992996,-1.0943785145848015,-0.9343132980025886,0.0496710833251926,-1.244960051129182,-0.0501207673883378,-2.14447373002839,4178.91,0,Genuine
88236,1.63894082734419,1.594734007316916,1.074185392178971,-0.7742461135570251,0.1039596789635439,-1.1156249124899371,-0.0371663212097306,-0.8998826170456962,0.177023128993783,-0.4048455340297085,0.7284440329946203,1.4002990686897685,-0.9413031669726544,0.276632404366441,-0.4680707789366253,0.0756775383828423,-0.4734253397167225,-0.8356137507293584,1.1612751571378692,-0.8376318418692847,-1.2544674862830407,-0.1276444029232809,1.3879881683660569,-1.3258172633175902,-0.6276832804858647,-1.7814939333102984,-0.8677182833805666,-0.9746341580259338,3185.56,0,Genuine
97579,2.6250863396216606,-0.638861527944373,-0.9173492661921234,-0.0558449008227728,2.060581152575459,-0.015979442883914,1.225249004976716,-0.2105484997380333,0.3696147959000166,0.54071139666567,0.0999835568147481,-1.449797608942036,-1.5001198301911385,1.0683155366858614,1.1045910989030785,0.5403282023099774,-1.3403122689209055,-0.2440636513778155,0.2986936415413455,-0.0404657299265084,-2.0841122089572197,-0.5675034230651985,0.0774223619417156,-0.2545465752287357,-0.4272644418831001,-0.4453348119575091,-1.9081505510205632,0.6442809302729134,2288.0,0,Genuine
137541,0.2309334408299947,-0.2222046629229008,0.7355242541250973,-0.5297764708428292,-0.8816894756118676,0.3144004207271818,0.7603654278213822,0.5201680989460166,-0.2494573053701149,-0.5022707195718641,-0.24266001882614,-1.158884322273573,-0.8713190961704861,1.5319068295157567,1.2738008064867907,-2.416507274367611,-1.3413581845242164,0.5594834793029966,1.6742149712084669,-0.5637458660069983,2.12066468183112,0.0679256433194458,-1.066113876732555,-0.0217093557059116,-0.0664775565178782,-0.4877022872071766,-1.5023041120792548,-1.572510825900851,820.5,0,Genuine
161177,0.2364246762624486,-2.4094743212182905,1.6584850419680806,1.0262564262709848,1.3234884896913282,0.8126103038932778,-0.385756999623302,1.0613753366291845,0.3744640406971586,0.4792398390576296,-0.1043716048462022,-0.0320280335042238,1.4024035423655987,-0.3229332745646458,-0.5779525581774133,0.3795043347843629,-2.091941672576983,0.6584637180089148,0.3096646130463913,1.3803591244973996,-0.0928542701599295,-2.499959310603816,0.5270328734197178,0.0664509614787941,-0.2610459068367565,1.4362227110394854,-2.038129584358481,-0.8518522613037534,4696.38,0,Genuine
42101,0.8269943891173177,1.594855348698207,-0.1779381749919386,0.5337032009686378,-0.317259551692569,0.3111827411002434,-0.4109152757903968,-2.1493969936611563,1.233915828586674,0.3748054972734372,1.0740233725142847,0.1532940018810255,-0.3131088660153109,-0.4796397457992638,1.021896801884939,0.4334688989239584,0.2950731721805789,-0.7976525800472635,0.0662362829436244,0.6310292023085858,0.8947545765248072,0.5729140482917215,0.6043653158694706,-1.3321444329767145,-0.0426874810181608,0.0717816408637244,-0.3001884787053807,-1.5661777088424604,1663.05,0,Genuine
64323,0.7978026730494165,-0.4665499317340561,0.5198634397998126,2.6923785876469704,-2.016384987445344,-1.0264942761895863,-0.4816950487406851,0.0986346914084989,-0.7541154153573089,-2.06056654350608,0.6576055686378444,-0.5417254790471888,-0.2140849466256299,-0.5462283687175153,-0.0279660587770544,2.547339209798673,0.978036805085944,0.260684236487547,1.4701652515498818,1.6709168053710195,0.7329392371287647,-0.9722052072279642,1.5420648582316876,-0.7321245129740347,-1.4965198687074068,1.1415403820381858,0.4657083954302965,-0.9052115901497112,506.71,1,Fraud
91922,1.1263668609956057,0.0984628170742024,0.7433121295429198,-0.9808584364242914,-0.5057260029303379,-0.5354154703402195,-1.0646326335523015,1.4072933035299422,1.1858658229325614,-0.6117278936567873,1.090844329919439,-0.8153695791425587,-0.7977129791066363,0.7795842461630362,-1.4626022271731902,-0.0042818546146484,0.0161022459819518,-0.2909034589036275,-1.3992095729944751,-0.2904061135065936,1.0453982102475798,-0.8406465727279232,1.7782808316453038,-0.7303506384038864,-2.150868206672605,-1.5018894886662848,0.0657946079679773,1.1399547574451578,2821.17,0,Genuine
168048,0.7840331804651037,1.1207374448166514,-1.2214950630665653,0.0331146113917328,1.1766969931676907,-0.6261365312489221,1.351838235745386,0.2322194296753673,-0.2652030056403091,0.2303157048723431,-0.3418910729154731,-0.8046572632141292,0.571705806585918,0.9955557966352104,0.5083097056604505,0.2216415795038768,-0.4043146435264169,-1.682726844900127,0.1678481201130867,0.1413423289322882,0.5911333463459686,-0.1674958734123752,0.781223530472001,0.7309267803762081,0.3469720594808452,0.0518469504794851,1.4161568065625092,-0.6059256905991032,2031.99,0,Genuine
127534,-0.1060619090380386,-0.676304204716626,-0.6164523453010471,-1.3834923725342911,0.3446695193292358,0.539053050405821,-0.7878237477464387,0.0826132727933124,-0.3709923006046242,-2.2573929822109795,0.4833992794579558,-0.0490311938147979,-0.1233357183738692,0.8944138359346672,-1.016571137578464,0.3963297365678567,-1.390008864156255,-0.4610799743563897,0.3531600208483729,-0.0974033875722421,0.5973834232296121,-1.3896973062030795,-1.514630020691835,-0.9960018722379728,0.3795947276874948,0.5507046848480746,0.1788196690788411,0.9143612118779724,2952.97,0,Genuine
67584,1.221997120973502,0.9632449873865442,-1.0036612116718022,-2.2224407745903245,0.4044511986639568,0.5635974532399672,0.4902760656667533,-0.5630071514803686,0.6995593613610736,-0.0958443707051851,1.1886739821553451,0.5861371934653619,-0.7266388782019252,0.2697893198938829,-0.65301469808036,0.4245070232992469,-2.204879067236188,-1.6342883799949988,-0.2226186810002522,-0.3738096887456513,-2.340006376502143,1.3312062661810868,2.2803606534921514,0.0543561947465263,0.234341702487709,0.112248405989196,-1.6439161138039382,-0.5810297440945622,1168.42,0,Genuine
104537,-1.0712541496927257,-2.061325455941142,-0.5367231100830286,0.7227209794531527,1.3285040088443802,0.6946318880808704,-0.6614276383178324,1.3807529677862802,-0.3411591831082286,1.0084702898396165,-0.9261458032935628,-0.0493022443710696,-1.03091062718448,0.3684470288962431,-0.8927843039485224,-1.2336215186871022,-0.0329734536521374,-0.6594589432149472,-0.7455153546384194,-1.0290389756921567,-0.9636196574058972,-0.8238469311483309,1.3533849895718637,-0.7085454233526856,0.5277596884907295,0.1501525710116258,-0.1367283477156589,1.4412087992738774,1894.27,0,Genuine
78477,0.0058523367253764,0.5509866575713133,0.7161106980810994,0.4966153829673562,-1.0363362889357275,0.3010358546723531,-0.4772238820333622,-0.5167840952112729,0.3191692505649167,1.3002464832257057,-0.9890428608065688,-0.1448597925828941,0.3778475896161037,-0.2303688172797854,0.3782172810114546,0.8183966343216315,0.6156684441455533,-1.2015981118316312,-0.071902342302012,0.7193735610598705,-2.62784699426839,2.632691479462288,0.8491979445048891,-0.1915922559675112,-0.4527133156529511,-0.2494401216246647,-0.1062776002473851,0.3490528312403922,4862.57,0,Genuine
42533,1.5637356160497993,1.5722421665196529,-0.5951967309422915,-0.8545904346457899,-1.0517504300922502,-2.059199509768644,-0.1138807667229712,-0.100149390449328,0.2257479076113248,-0.7824447136784316,0.2752044947303839,-1.7592542762723542,0.263985154599448,-0.137104742090436,-0.985578741187551,-0.9173874677803908,-0.8324084739076688,0.7738249033546519,-1.5103170004997568,0.3410292096299007,-0.8199208001745127,0.6302002105195784,-0.016672670182722,0.945571523982551,-0.3516984970587538,-1.194336561877182,0.4995255315092013,-0.4607419146338238,4682.74,1,Fraud
1828,-1.2502464981203194,-0.5804168472180298,-0.0351532269318169,0.0930296195934235,-2.263728609296424,-1.7258596782748088,0.5452424248342077,-0.4702131785317291,-2.0834871852821037,1.3644061735478676,-1.2349418932803498,0.867058675371582,-1.2382806884735476,0.8539735404780205,-1.226354385446892,0.4066512589277669,1.0554097148923018,0.300363942815589,1.5534127741151424,-0.0472375533905397,-0.5330489004962988,-0.5682938649805763,-1.5498418309077275,-1.238845201395768,-0.4781117058936014,-1.3664790373942832,0.8475142459394674,-0.1618348920386327,4322.04,0,Genuine
1917,-0.6774756569971631,1.1188816202983989,-1.0424616169312355,-0.6292675989255446,0.8770820712427847,-0.1401876313396419,-0.2592238817854791,0.1081955085149638,0.4175850821034318,1.2081165131695988,-1.815824999701024,-0.0513901779969239,1.2273821883629543,0.2642919453151316,-1.0433717277965953,-0.8591187201319401,-0.6888880985004263,1.5386218740262032,1.6034139150493707,0.5029439604894618,-0.1165788452797367,-0.3063971417129329,-0.5600284743572589,-2.607050108851395,-1.81012079022393,0.706671297361029,0.4721127588083343,-1.441544340503133,3895.83,0,Genuine
20618,0.6717472910772914,1.8339226521937837,1.226422164533702,-0.494207454843276,0.5624842336296031,0.0980779204663925,-1.139205171617332,1.425651999048196,-1.4411017013324718,-2.147890697238864,1.1746457300085489,-0.4366262315865332,-0.641888374641698,-0.4731660645269097,-0.7097793572127951,-0.2224503110408532,1.0849982828536782,-0.9217650938009307,0.0733106837881623,-0.4121420188708677,-0.9477328298858384,0.1485910723470404,-0.0509123627435412,-1.3387397676697734,0.574763034739619,-0.6606160837738955,-0.48669557959664,-0.5110236481427795,783.64,0,Genuine
32254,0.3939119732361523,-0.2548418380540192,-0.5451099902233371,-0.320284612766274,0.7239665195911139,1.2536655871529785,0.0190813310791007,-0.906106530576663,-1.36488157476575,0.1157919129843237,1.3488985256656745,0.2551383404376997,-2.224753348038238,1.0993266114608449,0.4966687931806391,-0.4704274527981641,-0.7807959537464901,0.1232757167162256,-0.3109723860216242,0.015200210042912,-0.3524276320017676,1.6987204540192324,-0.4009027379762285,0.4173176583671022,0.7853416769335766,-0.4263387280326892,1.3802687921929375,1.420567496054462,2335.19,1,Fraud
105292,-0.8750254076562449,-0.3375282858498609,1.5229805519099542,-0.8965651774042779,-1.1830112240567805,0.0777951479950316,-0.7666717991916299,0.1125532642518662,0.3664637455624766,0.226429211211968,-1.1800195542131804,-0.8438098569549082,1.5286344158295315,-0.6078355645218387,0.9090722428854772,-0.2489896715377123,-2.662932042712889,-1.1029734051257212,-1.4770594622329507,0.8620322195832486,-0.5178918024744212,0.9502862368925094,1.0934560930784314,-1.197505405059994,0.9318548180830076,-0.660823540634188,0.8366991624144682,0.3593082465682213,3639.79,0,Genuine
47362,-0.4161940027301405,-0.8982937458323039,0.0609290938493601,-0.7166499098199567,-1.6042489559198527,-0.975949330859647,1.543838306914531,0.3910645002158086,0.5365897673162806,1.5187952178927422,-1.4319867610802717,-0.4158592780756997,-0.1025421985333565,0.1456977820672221,0.8947475499648531,-0.0830279974248115,0.6263557060866203,-0.6315820218576125,-0.6537820989987373,0.998647035654952,0.3454142898152523,0.8752544488873382,-0.0765212065676876,-0.7126721299632547,-0.3107855761602389,-0.8934354692107637,-2.590474963873234,-2.087759854426442,1309.58,0,Genuine
20128,-1.1807820626503391,-0.5097301551851335,-1.4069995779630793,-0.688435443944254,-1.3196183084333326,0.6621648077773684,-0.259944502472589,-0.8123321349693472,1.2050494568389063,0.2863849609250768,-0.6531897016365731,0.1075876440749229,0.4344706000273546,-1.240021229615308,-0.034755874046463,0.3723138986000199,-0.9228465798955018,-0.3994666894343247,1.4828954852674918,1.5281877327155882,0.7591255412298461,-0.3055706279304162,-0.7766658951283723,0.4539393349293635,-0.717529166231641,-1.4625471844797455,0.7632322020549255,-0.171084275978625,166.34,0,Genuine
123781,0.9804849995205722,-0.8153598902726202,-0.1710267465456243,0.4228788467533307,-0.9225722723587044,-0.0172516928642427,-0.6679693380711357,-0.0590158561107198,-1.0893675875642554,1.3937310396080511,1.252808352119566,-0.6785546936714322,1.6722862453384253,-0.9458009315990475,-0.0605577925433935,-0.0961722671855802,-1.5424639907495143,1.973647453018,0.0081175998355318,-1.1095540388116905,0.214207605777842,-0.5669264192020004,0.5007255806783237,0.8039034804295526,-0.4705082054191752,1.536042879258258,-0.8854065063924973,0.1680596932969287,2091.08,0,Genuine
65545,-0.2558813576705316,-0.8991110984272273,-1.0627768274661644,-2.7742201759848144,1.5539589089128545,-0.402054785534035,1.9748007996533428,1.8513401194910784,-0.7412790042757343,-0.780781685397097,-0.4107384525781443,-1.6456753801737345,-1.0026214493763508,0.019105375292004,-0.1837244556804504,0.8745176745413699,0.4815930151273413,0.3638901525105572,-0.5137746355690049,-0.9626247447030394,0.6303108424580324,0.6374050087283539,-0.8292234197059316,1.0326821020430703,-0.5155015885287222,-2.0385622838014887,-1.7547248728155524,0.7505676466078258,2126.28,0,Genuine
82180,1.7921559107606324,1.1988352967113565,0.5893493773781527,-0.2276292614848027,1.0001267237825018,-1.6145994079701096,0.738889702442473,-1.7684893278879517,0.4643657938443563,-1.5980492533988642,0.094695017714811,-1.808472183408186,0.4793354494413295,-0.696243220440997,0.4441520208210648,-0.5335633488159626,-0.8893700403071024,-0.127762787902667,0.0465118448755219,-1.1519248546075975,0.1908398825234154,1.333570539925672,-1.631732996558964,0.5540224980681739,-2.00346544296924,0.6878661552525386,0.2518237726389447,-0.3748513207904585,326.44,1,Fraud
87958,0.0811002440400214,-0.7899260252882596,-0.2613627823268664,-1.0876818765376732,-0.4582206406203202,0.0851870081112326,-0.8967741138042163,-0.4212007381574018,1.2242774593557322,-0.6478381876221059,0.3249217410280312,0.4457328211039504,1.1753283441498767,-0.229150659029642,1.119593555895637,0.4297116784207631,-1.4128999050823663,1.0790096753625185,-0.5393916009977798,-0.6482134677302478,1.1870026683748596,-0.1380296702454392,0.5094348898318934,-1.1257571450989348,0.2971421889241468,1.0888716958502505,2.323426280911052,-0.1200481899518558,1603.76,0,Genuine
140937,-0.2197403034028768,0.258521914719623,0.1632102550273541,-1.0515526862252806,0.2992519932599849,0.2288179109794605,-0.7909140599966039,0.2505595069300925,0.1921747920631785,1.5769884366803153,0.1738478023586186,-0.0311087867805927,-0.934510676604946,1.213269980986904,-0.1510978050092768,-0.8324883636494543,1.311409195653995,0.6729952173994981,-1.5765414241461468,-0.335199435145603,1.8641468989392436,-0.6846704451482961,-0.0724975498176355,1.6062966429615502,0.8436625019662545,0.1414501091743721,-0.0530849280699649,1.0327445576271084,4586.58,0,Genuine
133291,-0.3168217612917976,0.0382334352162378,-0.3693531100465628,-0.525653374083725,-0.6783622461477388,-0.9961463041060498,0.4741829810906816,-0.3759429693322558,-0.8779989492379712,0.925919380006447,1.4940711440034178,-0.0664697313713423,1.4606568358407617,-0.1247563583891034,0.5326357433023468,1.7826202034204846,-0.2047480278564781,-0.0560829864255277,-0.3064391453211406,0.4370596920420532,-2.446258179915583,-1.0332956306600265,0.1568188310406633,-0.9429002079252652,0.2166173946067965,-0.1749800417770575,-0.2890384879712047,-0.2432518512123226,1252.23,0,Genuine
39809,-0.2441998351924283,1.4980945625711226,-0.5553423038633254,-0.0143397099731579,0.3642797607816569,0.7443577882062753,0.0434763010348986,2.886247470564112,1.5064170235811511,2.32246143364015,-0.7198910287227387,-1.1618027256970744,-1.409159679718801,0.8998492341571589,-1.240430457832238,0.4339648924246994,-1.4350924242019365,0.6751939793064552,-1.0450752794538558,1.164549084906719,1.133204717761554,-1.673508012728154,1.3762355407296638,-0.6361939987255719,0.0225483130970023,0.2329187992390696,0.0965545353462403,-0.7286984804315071,2846.23,0,Genuine
116748,0.110821095133803,-0.5031562320550136,-0.9736220096156272,-0.2144118617066933,-1.1380957377419982,0.6547967986509832,0.8901755427204745,0.5486907364812927,-0.2623665302310826,-1.4433294454101373,-0.1022067709514171,-0.0205493351372955,-0.0953649417838036,-0.7807125135227706,0.8526748436150817,-0.6971720445031513,-0.4631279537074855,-0.3057585853979453,0.4280084431744235,-0.3938584192268435,-1.2896007746073543,-0.4468064601826213,0.2509839973471202,-0.0054953888553884,-0.6272540469959151,-0.3990947869254158,2.3904604571520283,0.8357396318554764,2439.92,0,Genuine
5287,2.512407576578319,0.3811480466543221,0.8362229368215294,-1.0640605097982043,0.7502514459739312,0.0489125823929757,-0.6626763009915833,-1.0443691628594758,-0.2312006252639054,1.0413219796935618,0.2324256995973693,-0.4004545922098025,-1.0753368542585,0.5489043339794277,0.2160680922535524,1.7345247129881387,2.132563088626809,2.985639811035313,0.9282739564631064,0.5739728260635042,0.1857986258066219,-0.2543898716545911,0.5691939235257062,0.2787291273955486,0.7620260319711766,0.98262431569791,-0.2680194971995248,0.8544236637116333,4310.77,0,Genuine
165459,-0.3388596700993594,0.7910697022761092,-0.1731531017996978,0.7216965184455768,-0.849703297584393,0.011722857942041,0.701109124798477,-2.336759355320309,-1.4358473892084034,0.7548661997734214,-0.0489957011656907,-0.600061878271369,0.6958429170025704,-1.0001907279049642,-1.0325824379938604,0.5184978417332853,0.1123605416795699,1.2200128236643963,-0.7120761143159859,1.277995672204597,0.2613552334962684,-0.0200639700516544,0.017158108265024,1.4386001168005538,-0.0876714657194353,1.119510130698893,0.98338832692763,-2.1608230221964835,3268.1,0,Genuine
8512,-0.3063534607713095,1.4897496073205814,-0.314690893698384,-0.9026039868604906,0.8059150285431569,0.9460377466642484,-2.238288341108044,0.3402758627518537,0.7240876749465417,-0.2853167371629613,-1.219101207511043,-0.0750507545201455,-0.965394284915398,-0.2497809851826186,1.0692845501673507,-0.6935850115367588,-0.6418454810451774,-0.4065926793687641,0.194664155769766,-0.4552576974285854,0.6084361254683593,0.5416392620949964,0.8099776719654792,-0.6327914200530252,-1.218734118541509,0.5423576926032896,-0.3981059720073375,0.2589366464300479,792.99,0,Genuine
132414,0.0655938456831786,-0.5177533450452668,-0.1982138984421602,-0.7347062559261178,-0.427422908194342,0.3675303687810317,-0.1544418692587718,-0.7556191238075392,0.8526055893805892,0.7759275916627246,-1.4725355168600325,0.2964309331928697,-0.6173090230571722,0.5894940093676687,-1.2412180240230364,-0.1312489944608237,0.5013765957371502,0.7592424842411185,-0.0156104383649328,-0.2812972542277565,-0.0509354353160161,-0.4687677617180662,-2.1322960358479595,0.3804155425108926,1.323174103216765,-1.6507781792239555,-0.5806986059094185,-1.0073757131307972,715.2,0,Genuine
108872,1.0902745063442605,-0.6178924687323804,-0.6788617934857746,0.2844917858945168,-0.7900759535982739,-0.7022554489483605,-0.6171791460107319,1.288898506278653,-0.7058310133901449,0.1399648109234847,-1.4934772775051497,1.749902984204249,-0.8789654136424417,0.0127572290553843,-2.2749152891201536,-1.137971579416572,-0.4543388491891972,0.5488904821156699,-0.7369887848484384,0.0661145719289269,-0.0048807442527805,1.7952844977607385,-0.7743509870593077,-0.6271995808817128,0.646674203191733,0.6750986928114304,1.4122106216929262,0.3999113247515299,2787.88,0,Genuine
150288,-1.4209845610727792,-1.0617810539600527,-0.3113514267760253,0.3203685642927417,1.6129967172496562,-0.1976482836001478,-0.4550466206674198,-0.2748655629103836,1.7512070590556648,0.460307515541502,0.7262547498424611,0.5652933167182115,-1.2019359316198368,0.9423007227024084,0.8467833481950757,-1.1382702699597331,-0.5094075003135543,0.2831096367425335,-2.2776153067105995,-1.6756209553505617,0.3433964283995628,-1.138694508520212,-0.3861627349077826,1.607504634540773,1.654914234728568,1.283438683342692,-1.1024881639958992,0.9525859889186986,233.29,0,Genuine
93070,0.4550927369096452,2.2362996208482406,0.2056298146934876,-0.6116996611329786,0.1769461848937655,0.5568494019360792,-0.1028746461260785,-0.5683516406695304,-0.5871283872223454,0.6805499310035822,-0.8204029906893512,0.8575626820018164,-0.7669651171501998,0.6675142353971817,0.3853689111692968,1.2084137244324658,-0.6563685326459759,0.5147853702162796,-1.0246334053135078,0.5112977383293272,-0.3461418285974127,0.6827698796224593,-0.4794343759747576,0.4272151673836682,1.1628104420230616,0.6082253087747455,0.7466127140940222,0.6192453363824157,1968.26,0,Genuine
79767,-0.817425176021162,1.3844724381803877,-1.034136999056765,-2.9361620300991564,-0.3221813710485574,-2.03232092433206,1.138503639593696,-0.5852471571449845,0.6252544787960619,0.9801092952550584,0.4692749039413039,1.1046550703746478,-0.0453316585884412,-0.3084051493387464,-1.211018351702203,-0.8984753858828899,0.8539489565330354,-0.812435675869294,-0.7761001409940655,-1.204848845404696,-1.8994552516280805,-1.219558101175665,-0.7916130279917408,1.2892683081700074,-0.6230088068037711,0.9851187519019144,-0.3417698028373392,0.7179446754976222,1995.66,0,Genuine
97829,0.553272688950949,-0.0422013943120432,-0.8893519930792078,-0.8854908865878482,0.7581783083512642,-0.9315260487896284,-1.1540398793210471,0.9865091738292784,0.2236492052922095,0.0868116661604037,0.0867430378182062,-0.7640226227689834,-0.1002158830184131,1.2969483728109683,0.3553528812395208,-1.3375703572768314,0.1947544072138948,-0.4350577696729137,0.1432983062794917,0.7897063276237537,-0.0017536548817415,-0.8504554563324431,-0.0819859288548218,-1.1527366108516668,-0.2850898289587167,-0.7293426539008908,-0.7571780919221885,-0.6603582660287322,982.47,0,Genuine
157686,-0.4937599423604561,1.9314391511270563,1.3782840936226737,0.1618881862402563,-1.3399910695748851,0.6821376663389751,-2.18804300441,0.4155830398339642,-2.0255561949605245,1.7773360546128691,-0.9748571355216454,-0.3208845709671558,-0.2164731293984874,0.4363050707967913,1.16987825164613,0.6357411323709923,1.4222438391317715,1.65869146402589,0.2431902426774912,-0.4309423225365196,-0.748828625700889,0.281000799627991,-0.1356794354084124,-0.561117559751412,1.0115447121311083,-0.4741502246312606,-0.4180026281776317,-0.457575580137147,1505.76,0,Genuine
167330,-2.3041023397572866,-0.1018633943656572,-0.3627565327995561,0.6886080536900302,1.1068635892603589,1.208877604216113,-1.0380535711116134,1.755956723790878,0.5439034835448333,-0.2157253248951186,-0.9498990691795708,-0.9049105281820418,-0.6665431106342641,-0.2436892229417778,0.2611775464333317,1.6597276233270222,0.3068853189581657,0.2040188987938767,1.2415385498218194,-0.5103961092279251,-0.8342836804291641,1.0436743656514926,-0.0824928979473202,0.248658505822254,-1.1752728946034794,1.3103130798278235,-2.25130929240314,0.5926881825894759,1650.41,0,Genuine
42078,0.3695776026874853,0.7244104714335294,-0.5515608089240098,-0.0792966575284466,-0.1394447064084494,1.0210487402680122,1.0224359319281595,-0.2151071162031884,0.454124646170255,1.8837576206881352,0.1340131604140976,-0.6818219023354043,-0.3560333076630912,0.1457661802937394,2.438550473075926,1.1572858941619135,1.527600380199794,-0.7002505045249208,-1.0333799100428895,-0.9786539358047264,-0.9315676297753198,-0.2795434462474938,0.2004585019947753,1.3050964529439435,1.6558930762803097,0.6657486526313864,-1.0500926163798605,0.0709346023818384,59.78,0,Genuine
106288,0.3611447703468686,0.0101719017227206,-1.3438716055592754,-0.4789860470756154,0.6007877156684375,0.8932933122477806,-1.6449913354915748,0.8622794120530326,-1.7663826639447804,-1.1278439284424184,0.0776847095622954,-0.4282424241278503,-1.5855858817239623,0.0909182508563209,-0.8510142538691337,2.29112724649433,0.6500866371101931,-0.1401815887939711,-0.8198424184528124,0.540999415491878,-1.9712537091064803,0.0846139735677648,0.4977906696750724,0.992271011612986,0.3274721806617884,-0.2472208872684139,0.1340115042996708,-1.5434350255270737,4029.65,0,Genuine
83524,-0.5790803084794298,0.3978054517504711,0.8506776374742393,2.293211005699324,-1.5478734610230862,0.1297438626714412,-0.5719476405848767,0.8793760844116465,1.5253332736995426,-0.9850595246792676,0.492032236277074,-0.7056552824196224,-0.6989867711171525,0.2015923264132038,-2.235657614656583,2.421589642360367,-0.2599483020705214,-0.5341785195342945,-0.6448077722438085,0.5344766180898674,-0.3996714592583262,1.2627322910293244,-0.7759574842239796,1.5004273883863095,0.8279583042464386,-0.2719274296606996,-0.2476083352774625,0.8914163374113526,4787.27,1,Fraud
12219,-0.6383438601430024,0.2917614425335469,-1.0559258135108434,-0.3724861215053544,-0.3824259581329956,-1.0289034096876897,0.8395773748118313,0.6738134530635596,0.4581884298614446,-0.9265102653558246,-0.4575045577785915,0.2241024573956591,-0.2217616696324985,-0.1417593249444037,-1.4109676558529485,-0.9003833552697547,-0.135375611533357,0.8977263118091192,-0.1904846317608669,-0.4551528840485482,0.0007982686524411,-1.222143793366455,-0.5223439633931879,1.3413338298777708,0.3229848307504059,0.0194024379598291,-0.9458394149520936,-1.4634069587110217,1447.04,0,Genuine
235,-1.3113727250876526,-0.4249853733766495,-0.0152926609614581,0.6122326867911058,0.004580139345484,-0.1966233845732347,-0.0584285432543537,-0.5098578190466422,1.2394011334213009,0.9568607817256828,-0.8467077790076957,0.4328431310397529,0.294356939385046,0.3725277163053196,-2.294381509403703,-0.3114049174931614,1.8278721171737569,-0.560838737250439,0.2195632371670818,1.7976470963228826,0.7680104093807784,0.769882735627237,0.9227290698727116,0.7787282836389171,0.0533883473744399,-0.2981823124139426,1.4816581778052724,0.3247637033109342,560.82,0,Genuine
42929,0.7730999415388715,1.092498538085353,-1.7081850693165903,-1.335052095426896,1.0302992136185285,-1.9932690506191848,1.1287067208503203,0.4734080300457878,-1.7161072127711257,-0.8054615193072053,0.1098705249952842,-1.3061426653360375,0.1722627582003174,0.7898197035122371,2.1388978571633963,-1.5706153347318386,1.3038172515051538,0.0441344488648744,0.4301727399786409,0.0342986741726093,-0.5907288248442353,-0.6890658557323205,-0.9419444950319664,0.1533713872658717,-0.2903539798937573,0.0056331883821478,-0.993389889383162,0.2072687198637782,4767.81,0,Genuine
127309,0.882215782466808,0.715952417683901,0.8181728003641165,-1.090167849208967,0.6804110639374826,1.3006560862107532,-2.034895483449504,-0.0972424400640012,-0.4104322962823321,1.4901253606035465,1.4199191244466125,-0.3120818511842472,-1.2279798113777027,0.4255639215086497,-0.0049405380267465,-1.1629011377001146,1.546757835199292,-0.6625186821293535,-1.882330574949291,-0.013958586106317,1.5775161516575131,0.2430957794309842,-0.8079417350878535,-1.114946714528509,-0.1465037990079766,3.1432614481483983,1.4371822073685336,1.1815774140809223,3703.01,0,Genuine
67444,-0.8790508851758898,1.0276945935014783,1.1768562436185808,0.6473256114622247,-0.3924770376174168,-0.8171128024743091,-0.3216090875310156,-0.1235162710915425,1.1806025060015,-0.5264737108728622,-1.8766790668996192,-0.3011316257779451,0.4277872656377073,0.3915284661940883,1.9391020538944452,1.0724252369221658,-1.0074502080668442,2.207907967986128,1.1949982892375066,0.0593058328427139,0.5837575882260555,0.5397365045821277,-0.7729654969108916,-2.144601562472984,-2.670740361285723,-0.7037519702595403,0.1469178294470142,-0.2357737686247926,4455.82,1,Fraud
139639,-0.5399344595388508,0.3202271854993461,0.4845203454780153,1.0445612757853708,0.3179477573233814,-0.533345760023203,1.3371771663549992,-0.8058102916852656,-1.568291355964205,0.3992856982483787,-0.7990526719737465,-1.4724063289759912,0.1222502313775445,-0.1006790593770647,-0.3545534993626607,0.276858707070532,-1.875168866727804,0.629218965556764,0.4695495524277974,-0.6803187971877874,-1.1210859587610038,-1.1757429645693978,-0.1998830601713559,0.1243378368496667,0.5627598094599622,-1.7936767703159386,-0.2633803486708173,-2.0289628380790776,1805.02,0,Genuine
101834,-0.0632891211389634,-0.9065698817771342,-1.5344801314052967,-0.3897168901934041,1.2565691017269818,1.0586190526405768,-1.1268816461321651,-2.1203387412307237,-0.3811101548539942,0.6400875254367353,0.5904401422834201,-0.7661454162229356,1.4401669851800858,-0.886082288229168,-0.9050883588310992,1.4564714778054515,-0.8431666558168289,0.589594329238791,0.8827130611608388,-0.9938449515729642,-0.4882843430103684,-0.7465600505591077,0.998136036220548,0.8026487422627033,2.178733275861869,-0.6625886262535747,0.0936107259468588,0.14329422440711,2420.83,0,Genuine
84555,2.2708652810355465,1.7093860665577023,0.8387621439092308,-1.8486356916305209,-0.1999884834225601,-1.6146269571095442,1.034809843388086,1.2483763641981849,0.4065015725605936,-1.0157443230993222,0.2164856344872411,0.8734523311541298,-1.4944009395229068,-1.1293444347987358,-1.730074878227737,-0.8654362759277975,0.1654824328078715,0.6978273904023603,-2.388893072946308,-0.3735306844092456,2.021543644695128,0.6658578572847279,0.5238987710563386,-2.724255765183055,-0.8291905016925849,0.5543800346169465,0.2936656259891568,0.3326022291627898,4651.27,1,Fraud
73698,0.5451217475889322,-0.2625562335674257,-0.8273489996403526,-0.1675573394012255,-0.3088649604353075,-1.1894026240254314,-0.235690383060162,0.4315583692859805,-1.894580329758768,-1.390773436769705,0.6050192938235087,0.8605775094800593,-0.1364769092956975,-0.7075763366412207,-0.3967534303824077,-0.5486898076394219,-0.6455624215171257,-0.3946201936672345,0.8318977486034461,0.6339836154587567,0.7599524183793762,-0.2601105754140534,-0.8729310176432651,-1.17412443055716,-1.4681188880886318,0.6018340700375953,-0.9556337627560766,1.0736243118496336,2298.3,1,Fraud
124450,-0.9434155150083792,0.3640670285684146,-1.1709718787216123,0.1894059007795615,-1.8897046427529125,0.2679713438251346,0.4341294250559228,-1.3431982196769263,-1.3213897566641029,0.2828832000341794,-0.4296550246297866,-1.629189845625696,1.031306385325691,-0.4180039660077361,0.8442086488348026,0.5935786586746268,0.0274085273032667,1.521268103873755,-0.9950648777738014,-1.851311499740713,-0.5268843351804244,-0.7136615890936372,1.8132332071916604,-1.0165262893199492,1.568767257877344,-1.0757007825305809,-0.9284659942559385,-0.5279047091530004,3360.8,0,Genuine
136487,0.3037803094905055,0.635381358822269,-0.3834610457576533,0.0988180389288243,-0.2790723353428101,0.5203804150674787,1.2646569070225409,0.7177104605479809,1.3820842349975802,-0.277241630232464,-1.6119160173087002,0.472129007162078,-0.296425872025663,1.6717913897146175,-0.2246122324694996,1.056644198352397,-0.4512103087364653,-0.0676812006279391,-0.4507237231262795,-1.499529405535055,0.8926561575263238,0.194732252801611,-0.6956478514734727,-0.1876103923063511,0.3775902255104743,-0.3766298645357557,-0.2003876082088083,0.703194890268005,3524.29,0,Genuine
167231,-1.3766915406380815,0.3574217162176187,-0.4033676733464894,-0.5633896649610052,-1.7396270386845216,-0.0717007951741594,0.4298361510480887,1.2681354929902422,0.0597946062901584,0.4984490078842042,1.6714927178666592,-1.4702873770021456,-0.9134558201793502,1.2516615454733349,-1.5975075747528045,-1.6349449756991932,-1.7646991838228314,1.772805465920266,1.434005829432311,-0.6075540707213277,-1.2612164017527223,-1.079417701910984,-1.6212229821400952,0.1032193116787636,0.9046623908721462,0.8657905462247892,0.4369982658099403,0.8970336665345526,4185.73,0,Genuine
43925,0.7179903099161709,0.9154170212302742,-0.5050486511802895,-0.1528841192609382,-0.1143346790332071,-0.0390831129359077,-0.5912495593693663,0.7776674467161618,1.176700093659377,-1.3456580793046395,1.083835889910897,-0.4014823940640434,-0.8160609861710073,-0.5933162345769438,0.6531246150480303,-0.2404788035325923,0.428895853958112,-0.3248044280466269,0.6575952536268237,-1.7940832391116053,-0.5526771850323967,-1.1826407039716516,1.824189417116552,1.0814392962660029,0.5033001252235296,-0.1074871371007155,0.6636948471082723,-0.73215551234739,4875.92,0,Genuine
137023,1.6755473935444851,1.0733779223164983,1.273674247904694,-0.7497768442841058,0.988135143242747,1.268377953894445,0.5620627521252283,-0.8916381788329305,0.1820955958948482,-0.3567571679057837,-0.024178157421123,-0.0973192976923575,0.7847906543034202,0.4497022828957638,0.8387976210010942,0.3993402607013494,0.0308673745448165,0.7154803840908178,-0.6766883117438469,-1.4167103089447146,-2.329944708128604,-2.3883756726374905,-0.836851950011005,-1.3159037704563614,-0.9273379272781146,-1.024072838440276,1.2454803580494689,0.3170016491264832,1675.16,0,Genuine
87388,1.679791685083958,-0.2248335030472479,2.0118259964426266,-1.11183822373686,-2.1196394750468155,0.6363184450606509,-0.6617998452810052,-0.7319918925357974,2.4558964369948457,-0.1818376415919023,-0.8416606169709618,0.7527753704831252,-1.54808802536075,-0.0676222080705412,-0.5298547105937411,0.7829848719246864,1.3293524240738142,0.1668222928673554,0.7961910615135612,0.8094623029829636,0.6037048942754083,0.3597899622843877,-0.110903291081411,0.3442267668596955,0.9088560043309444,-0.8137510224048997,-1.2286039216782902,-1.471971481159131,1238.01,0,Genuine
8007,0.7348935034743387,1.6254673419556471,-1.3691365373494646,0.755668520646805,1.2342088246207903,0.5011699345275458,0.273366852785388,-0.547876014847448,0.4387322831953444,-2.4374697364405926,-0.4905675746413383,-0.1745879899972093,-0.3332303971585338,0.2359907646150768,-0.6550547102736625,0.9806999512273812,0.1598557524385229,0.2676451782535008,0.3608051260720788,-0.4382623441463979,-1.1655585314022792,0.031992076014546,-0.1339846408389339,-1.3870829413847316,-0.4929878559178417,1.4079982876126595,0.3567324799102545,0.5641032285141995,389.45,1,Fraud
58596,-0.5834123558681296,-0.2669035541612651,-0.6888323943245903,0.0977983134027106,-0.3302231266561985,0.7756464927937428,-1.2518429594247726,0.8610848062038113,1.2697789404348991,0.9954572709571666,0.2290835118097595,-1.0138624340598628,-0.8760694995106024,-0.5486206400693285,-1.709345718841893,-0.0745589498757806,0.7826500463496351,-1.670017613886133,-0.40735939580428,-0.8458976668031122,-0.0805776351800937,0.5405900988217289,0.5817541371668031,0.835776553508927,-0.8259739644146803,-0.4536387189391475,-0.0129572551199453,0.2223868588259667,4282.83,1,Fraud
121101,-1.300901756514126,0.3367490488807883,0.1427483360449566,-0.1506835586223298,-0.0271648671266058,-0.3005902746886178,0.0290946734122949,0.4789598591680097,-0.2460864364903074,-0.757441845116092,-0.2516322666859565,-1.183941540627166,-0.8009357236962918,2.241759830463545,0.6280679969319691,-1.2354737476627142,-0.8192709722322274,-0.983199976901041,0.4757880912896224,0.1399573467046185,-1.546435533396997,1.2218592504820616,-1.8369752131303207,-0.4816369314330553,0.6384327502375065,0.0526812606273192,-0.5327938558629046,-1.238696160966961,1464.11,0,Genuine
161595,-1.4002050433691091,-0.3876781836042316,-0.3887164909372275,-0.5071477427721613,-0.5024197801385417,2.1731656641430206,1.1892930782887643,2.7902916215481857,0.2107296084183384,1.4991613416725902,-0.0144991645150519,0.167988667456656,0.4416008598332345,1.8644997233874212,-0.4623290170784439,-1.925466346462215,0.3470081726789434,1.509955195663173,-0.3781732945584093,0.1149908977245081,0.2004159122048166,-0.2413114545135911,-0.300687064197476,-1.2121453223399434,0.1727747511599263,-1.598706056768436,2.0036577429901774,-0.3969342604356207,249.01,0,Genuine
88861,-2.8062171094985437,-0.6734735226507902,0.3993987492785162,-0.1801735565350798,-1.7132368825486597,-2.307531518332483,-0.2987697225650584,-1.6408850617178827,0.6418707774290249,-0.6928307179141427,1.6101372041758706,-0.6337994689940577,-0.3952927768604506,-0.2926175153797746,-2.678780133999607,-0.1822593346923461,0.8085790643905754,-1.2888190417818397,0.3869200817627956,1.164603291963073,-0.0741566912821211,-0.0695438044249913,-0.3667704348419913,-0.6722582740162533,0.4131349970295391,-0.2370237691572581,0.4320931229158035,1.084939536436904,4326.49,1,Fraud
86740,0.6938557630079215,1.0441910887908652,0.915985355945795,0.1603164287869964,-0.7829891742962404,1.4579210241187814,1.0936904388493114,-0.052598336568665,0.8078064585453064,-0.5213267359929512,0.9236752132995212,-0.4086936161103739,0.2330340782654089,-0.5963290157224306,-1.4850870538243757,-0.2888288777785187,0.5563653889746749,0.8920304683231263,0.3741742845822575,-1.7795431191746112,-1.473836991850941,0.3432117045675316,1.4137117907749714,-1.1153419873417707,0.3774647539127667,2.823978445325015,1.42893156276079,0.1998483816190299,2550.04,0,Genuine
15524,-0.1028355202243994,3.1218968974260446,0.7493659422700412,1.7286815758143066,2.0974100684494847,0.9021075187431092,3.093429530670905,-1.9277552593431984,-0.0389909363860252,-1.241912118560478,-1.1707784686666367,0.9704645934759686,-1.2420072159396858,0.9254726334215964,0.5622183853972849,-0.7960134531833308,-0.226548266244969,2.599979209244152,0.5034336259707531,-0.92643767227645,-0.477338225202013,-0.5700774452518093,-0.5435590213448985,0.0921558265406675,0.8302986891775547,1.789373493956303,-3.363726073197251,-0.6827961745945743,4191.73,0,Genuine
150354,0.9092161664531274,-0.361759888320317,0.609733567849832,0.654536849827144,-1.0960454962534516,0.2482882515508541,-0.0289473148112124,0.5966479047345142,0.0027443896919477,1.1466127310885956,0.0769190022753619,0.4348979311493902,0.8298985904643343,-1.2096691854144117,-0.341913705538329,0.8930944782187934,0.3504498112503023,0.5530107131506713,1.9243361872193925,-0.597011827619518,0.1331972558275565,-1.4577090228311391,-0.3207391241863395,0.6240653871227577,1.296712898461813,0.254194137475491,1.0470683127512417,-0.7677838313516325,2772.86,0,Genuine
155002,1.428031485234788,1.2153215746780788,1.6590955209197231,-0.6663091219490861,-1.5885423617255503,0.0800289576021114,0.6141921562419851,1.0668946186472568,0.5019197580404999,0.4541618495101983,-0.520363509837115,1.5868958435883187,0.2126740161417844,0.8459479247693732,-1.1354578909867286,-1.147587028684117,0.6227468824780155,2.126747862111257,0.9452581159205208,0.3911364947764302,0.4451805428981419,-1.151604621026571,0.7601595301746011,1.0312239660667364,0.2115381334229793,1.6151828831327957,0.5360853096387206,1.0031647818283649,1569.34,0,Genuine
131149,0.0999055439024097,-0.3259113127001942,-1.5889472829161095,-0.6557637427056909,0.1412910274071029,-0.1555532971371062,0.4768625848820571,1.4421061167681433,0.5012631221502066,1.4001357111325068,0.2979431257482198,-1.0181974206769298,1.238007967668871,0.1254659784585381,0.0537928778473985,-0.6619890307472323,1.2013885715521933,0.692112719523347,0.9999799994908846,2.891895234054207,1.583301654361811,-0.0398168070747007,0.511400063586968,-0.5188447887767462,1.444598465128944,0.6034415736533877,0.7018190947023588,-0.491038863740316,649.78,0,Genuine
125501,0.1459616097131501,-0.0104849768560044,1.4801087919546154,-0.8116811003245956,-0.0857765151723164,1.1034435879634088,0.2251036591740787,0.188522092864789,-1.0250583975890395,-0.2073489934383459,-0.063331406508842,-0.7091914727630896,-0.4069504158272632,-1.43409732599647,-0.8400473941820935,1.1668001292181611,-0.5611154901382508,0.2628573019993541,-0.5269035751655615,0.5863810773065281,1.2178748035624516,0.9997912850602364,-0.7240432042558361,1.3879513145244782,1.1316909511380542,2.3258927477396725,-0.2930357981570305,0.2206148102294464,2186.37,0,Genuine
20611,-0.4643203444974664,1.7575837722316718,-0.4129916340897437,-0.2005205312529743,-0.3233297907956478,-0.0398644739998838,0.7878960241588959,-1.9133093709277296,0.2249611516827369,-0.0417157467830791,2.9676987787667404,0.1836873293789618,0.4495626610845428,-0.151770512945247,-0.6427741480269156,-0.7749617715031266,-1.1168201313303978,0.3746451669140446,-1.517385868642469,-0.2658771821924647,-0.6950507834175662,1.5673236926984768,0.4284060925982159,-0.024365133703269,0.7397767282787935,0.667041407219136,2.110684469484356,-0.4129742272639004,133.72,1,Fraud
148056,-0.346084417172408,-1.073535285075306,0.7851252206756268,-0.8124514502408846,0.0144479433522561,-0.7278847395230872,-0.248095031872663,-0.0501485708062483,0.3207739266984101,-1.6820132317703291,0.4292616575359434,1.8187975099164504,0.7833969163544978,-0.6557539966613662,-0.2695294206451639,0.3231608376411431,-0.8313117254656541,-0.177377759829407,-0.1876911325174866,-1.2132818960710992,-0.7072477802632811,-0.2847027905302905,-0.7373785507920522,1.2651221897242582,-0.5747568181418435,1.3399853959429215,-0.1968741708184013,-2.212198800904965,3012.69,0,Genuine
14060,0.7284699124729339,-1.3381590686231228,-1.0296662282794435,0.4748237449896256,0.6442026106961568,0.901982885321682,-0.6625441002745424,0.4367898940243589,-0.976318157303155,-0.6240443768695098,-0.1341840061667996,-0.7948653860459484,0.4298950347049078,0.1617802446876558,1.685491771709404,-0.0095921425863764,0.1454015145685679,-0.2081087340486555,-0.4863804749257001,-1.338422160762751,-1.430639663525539,0.1678460950106017,0.8032330562347649,-0.1572621940434692,0.9797042227809104,-2.1127442345503624,-0.0186992042360012,-0.6532367103727347,2138.9,1,Fraud
43303,-0.1743750303653105,-0.0871986487631492,-0.9084963918932776,-2.643516255798053,-0.5871635997853141,1.5847662340598578,-1.526322771430508,-1.005146254684147,0.9059268329086948,0.1704986547672893,1.8430060573334897,0.0384106462048395,1.6977891907356892,0.0575062921190133,1.680762002593833,0.2432000850157635,0.0043910974035257,-0.5251608184668627,0.5996108968658681,0.903145271542791,-1.009739013233213,1.8708069789186137,-0.1602234710554206,-0.2309611391190381,0.4275749682988213,0.3861049151594207,-0.9783489027784016,1.1379646120967566,708.48,0,Genuine
160359,-0.3190076667528238,0.6636560279376743,0.6621172914820275,0.5351683092747441,0.1944102082826167,-1.927169123078753,-0.3427584930868286,-0.2649786635224417,0.4127446232219571,0.3872008374664057,0.2055494588525803,1.3212300927579208,-1.6632183010473267,-1.3473149415483618,-1.9711795743581904,0.8815450196255646,0.6273174291176178,0.4231975078585092,-0.1976574394359606,-0.7947775910490139,0.8601554100590404,0.5168209157511031,-1.2566491657939416,0.5784321110040174,-1.3423230258716587,-0.6132491484504853,-0.0393178163348082,2.143947814265696,2651.64,0,Genuine
39711,-0.0183168594428511,0.4636665716808817,-1.9287300227498456,0.2753774878054306,1.023874662130004,2.35709183077032,0.9014341651353672,-1.277049634596047,2.330649313469143,1.823937473305267,-1.518724296080343,0.0499210151411193,0.1746509178978007,-0.3341434961375466,-0.0646091450799549,0.3252911378606846,0.8307767446110284,2.2003851619066626,1.3262241468788498,-0.3540833662482318,-1.5891164182836324,0.1372177240221836,-2.1433206377799614,0.307953709688395,-1.1842588260277498,0.561044560607351,-0.1745867610049252,-0.7733706395667598,4004.75,0,Genuine
143026,0.8863301960615896,0.360679175692996,0.9894420782883124,1.2627424831476397,-0.995288666754795,-1.0367312975296414,-0.9397971111931316,-0.6127045293578621,-0.0260135124043843,-1.8509471562422533,-0.124446979602016,1.0200038546361638,-0.4058544196767153,0.5747203158497204,-1.4522065849205978,-1.3865406564859533,-1.8852048511897528,1.424472628765498,-1.739172755377838,1.6572690765144642,-0.1549282036473553,0.2101590567779217,-0.3760182381294727,-0.5540839469745902,-1.2149722860663337,0.52267721371861,1.072045044929151,0.33332547412452,4874.03,1,Fraud
73340,-0.6926615578301026,0.0341319815115778,1.259963502341588,0.876789554553953,-2.322181343938629,-0.9602982765153528,0.2466778965327573,0.9124665694033126,1.136111084032715,0.2294547508038778,0.6137032473720535,1.957489422685727,-0.4776898548900925,0.7469081719521758,-1.0632384686120746,-1.2173944413355242,-0.4810731568563416,0.2048751564587057,-0.2793408505553044,-1.7146226205321171,-0.301550042034986,0.5819612828789884,-0.7836968954509846,1.1552636359067368,-1.1931597481088263,1.3837337186958627,0.6347032557323301,2.328746536307187,2637.27,0,Genuine
102974,-0.0665285175520326,0.7865400269839193,0.1777848538289601,-0.6836977852540534,0.6708084920959161,-1.2448897194926127,-0.1231098635309307,0.6801629467912917,0.5391255715308864,-0.3762372760973062,0.4845294828983023,0.295123836302841,1.4935345098230122,-0.3630580479595026,-1.8588891384747197,0.2948234604574855,0.2122337795811618,0.6142096941570921,0.3727922767783118,0.2704837761099131,-0.7578339497728761,-1.2202991551195548,-0.2396204815046772,-0.9566927233297984,-1.095641586175954,1.0447923359754046,1.1733098768464787,1.200953496838309,648.63,0,Genuine
149646,0.2452778377784297,-2.913672442044972,0.1417610355785572,0.7642980809385072,2.502962575602973,0.0008490524646252,-0.6207181230425978,-1.3952195094364417,1.9214395265532864,0.075503593238282,1.0051747043683237,0.4584806238013835,-0.6202121344933909,0.4577706428826036,-0.8677327321204076,-0.9194546767403554,1.1151788563886027,-0.0853936606129874,-0.9755514636113722,-0.9036389700309622,-1.30231791230261,0.7605428630319333,-0.0492457727388192,0.578439606354987,0.8365222590105786,-1.409357481178938,-0.1077642052043109,-1.2122661535838473,4053.72,0,Genuine
140256,1.1602219035852392,-0.7508053050877408,-0.8336361449084521,-0.1680674772143007,-0.0073546536488154,-1.279718284968634,-1.8530403297532667,-0.7049851476380655,-0.9699807574356056,0.1027162513102272,0.1537164687111521,0.7429450628801199,0.8528265125179753,0.2663802009446111,-1.1932113549314998,0.9552851196530217,-0.0533805484222413,1.421460382726781,0.9050599144613164,1.6362709045852435,-1.8943511954213832,0.4391160896142571,-1.913746884869665,0.5344786726734212,0.0821608171388577,-1.8508015045231487,-0.3393462704850256,-0.2645853643407908,3479.25,0,Genuine
150168,-0.2392967767994188,-0.0936124092834478,0.6744494024036684,-1.93430675744427,0.2019322010659562,-1.1582600638508858,1.3628546991207866,0.0570919847757406,-0.4953140048001243,-0.1911845622502341,0.0831109715646639,-0.9043714978997044,-1.0540837531960074,-0.0526437237560224,1.02554057734363,0.3091450274751938,1.365451945124713,-1.632297921343668,0.8723700193691489,-0.9385782524917516,-1.2933265588194252,1.0882370803887254,-0.7298729787574681,1.0645930869850004,0.8828210246833601,-0.2050914960178117,0.8841205245311688,0.2576826573886189,4769.9,0,Genuine
67728,-0.7178233860517221,0.7045347991025095,0.3476652464074259,0.1588319397288918,-0.2958084330939906,-0.6885500475836172,0.5171905303833785,0.2265243185478722,-0.9357074514692512,-1.1331079181334598,-1.402475301690192,-1.4815667218738533,1.019513438052882,0.4638792060453893,-0.8419302438746542,-1.7157724244645014,0.5513796950529845,1.9305930776938625,-0.4312409632790984,0.6689171725280519,-0.0831040869724477,0.4941215066707496,-0.1293678000670746,1.084199888749522,-1.1199945601018908,0.7509372540916258,0.1579493133515391,1.2727126122476606,2676.53,1,Fraud
165088,-0.4843609442723555,1.4897651400685663,-0.921505396023823,-0.6242534205706949,1.588060841510259,0.1384556751943394,2.66528782770926,-0.662895756545944,-0.0779176052398597,-1.318777190506165,1.528422257862165,0.1584523915962845,-0.0224517281842432,-0.9252044287956842,-1.9458255338461656,1.8890828412821383,0.3807760985694631,-0.5452481891855308,2.6488900151902666,-1.8081767021518615,0.5976573385505167,1.0212485470299804,0.1000466788669673,-0.1819424678827089,-1.5418478872538552,0.6341694614745308,-2.360316739710517,-1.203248734230127,1786.16,0,Genuine
11246,1.0530574330153792,-0.8850997081671402,-0.391479950088192,0.0002215163969999,-0.0777569329448666,0.2348535989675112,1.0794130139575415,0.4764574533215925,-1.1247243082075016,-0.2649117847964936,-0.3056035801989323,-0.625129377824566,-0.2827605157062274,0.0009704008253194,-0.0028240030892988,-0.3662410760673221,-0.1102242127136019,-0.3840492417277196,-1.1178078255284012,1.5532781480441586,1.611931505752672,-0.9228756648441484,0.7982282696543659,0.0327909375089445,-0.8631763419817013,0.0671784179023322,-0.4526650629684218,0.7742165418183578,4814.24,1,Fraud
149453,2.0333052986034645,1.4570786255365673,-0.1593354246958034,1.6514498302752436,-0.1865641600149352,1.2411972794100847,1.3405439786485478,-0.0352822205147627,-1.5260839072552128,-1.4206174970149572,-0.9795348136223228,1.0527582199636238,-1.5367545481921765,-1.6039392364907332,-0.1769278742246628,-0.2092872294604323,-0.024610813971542,-1.2227220373667491,-1.3463842468827558,0.919723853374733,0.3344833428249796,-0.596430184941318,0.970545207086746,-0.0342114819516237,0.6929183348573911,0.6141853451521171,-2.1862475788637714,0.7035666375304721,2692.68,0,Genuine
